No,Komoditas (Rp),Tanggal,Harga,lag_1,rolling_mean_7,fase_persiapan,fase_puncak,fase_pasca
a,Pasar Anyar,2022-01-03,60000.0,65000.0,73635.71428571429,0,0,0
b,Pasar Banyuasri,2022-01-03,70000.0,60000.0,71250.0,0,0,0
b,Pasar Banyuasri,2022-01-04,70000.0,70000.0,71071.42857142857,0,0,0
a,Pasar Anyar,2022-01-04,55000.0,70000.0,67857.14285714286,0,0,0
2,Kota Singaraja,2022-01-04,62500.0,55000.0,64642.857142857145,0,0,0
b,Pasar Kreneng,2022-01-04,72500.0,62500.0,65000.0,0,0,0
II,Bali,2022-01-04,66250.0,72500.0,65178.57142857143,0,0,0
1,Kota Denpasar,2022-01-04,70000.0,66250.0,66607.14285714286,0,0,0
I,Semua Provinsi,2022-01-04,85200.0,70000.0,68778.57142857143,0,0,0
a,Pasar Badung,2022-01-04,67500.0,85200.0,68421.42857142857,0,0,0
2,Kota Singaraja,2022-01-05,46500.0,67500.0,67207.14285714286,0,0,0
b,Pasar Banyuasri,2022-01-05,48000.0,46500.0,65135.71428571428,0,0,0
a,Pasar Anyar,2022-01-05,45000.0,48000.0,61207.142857142855,0,0,0
b,Pasar Kreneng,2022-01-05,75000.0,45000.0,62457.142857142855,0,0,0
II,Bali,2022-01-05,58900.0,75000.0,60871.42857142857,0,0,0
1,Kota Denpasar,2022-01-05,71250.0,58900.0,58878.57142857143,0,0,0
I,Semua Provinsi,2022-01-05,81800.0,71250.0,60921.42857142857,0,0,0
a,Pasar Badung,2022-01-05,67500.0,81800.0,63921.42857142857,0,0,0
I,Semua Provinsi,2022-01-06,77200.0,67500.0,68092.85714285714,0,0,0
II,Bali,2022-01-06,49900.0,77200.0,68792.85714285714,0,0,0
1,Kota Denpasar,2022-01-06,58750.0,49900.0,66471.42857142857,0,0,0
a,Pasar Badung,2022-01-06,55000.0,58750.0,65914.28571428571,0,0,0
b,Pasar Kreneng,2022-01-06,62500.0,55000.0,64664.28571428572,0,0,0
2,Kota Singaraja,2022-01-06,41000.0,62500.0,58835.71428571428,0,0,0
a,Pasar Anyar,2022-01-06,40000.0,41000.0,54907.142857142855,0,0,0
b,Pasar Banyuasri,2022-01-06,42000.0,40000.0,49878.57142857143,0,0,0
2,Kota Singaraja,2022-01-07,41000.0,42000.0,48607.142857142855,0,0,0
b,Pasar Banyuasri,2022-01-07,42000.0,41000.0,46214.28571428572,0,0,0
a,Pasar Anyar,2022-01-07,40000.0,42000.0,44071.42857142857,0,0,0
b,Pasar Kreneng,2022-01-07,72500.0,40000.0,45500.0,0,0,0
II,Bali,2022-01-07,54900.0,72500.0,47485.71428571428,0,0,0
1,Kota Denpasar,2022-01-07,68750.0,54900.0,51592.857142857145,0,0,0
I,Semua Provinsi,2022-01-07,74500.0,68750.0,56235.71428571428,0,0,0
a,Pasar Badung,2022-01-07,65000.0,74500.0,59664.28571428572,0,0,0
I,Semua Provinsi,2022-01-10,67500.0,65000.0,63307.142857142855,0,0,0
II,Bali,2022-01-10,42650.0,67500.0,63685.71428571428,0,0,0
1,Kota Denpasar,2022-01-10,46250.0,42650.0,59935.71428571428,0,0,0
a,Pasar Badung,2022-01-10,47500.0,46250.0,58878.57142857143,0,0,0
b,Pasar Kreneng,2022-01-10,45000.0,47500.0,55485.71428571428,0,0,0
2,Kota Singaraja,2022-01-10,39000.0,45000.0,50414.28571428572,0,0,0
a,Pasar Anyar,2022-01-10,40000.0,39000.0,46842.857142857145,0,0,0
b,Pasar Banyuasri,2022-01-10,38000.0,40000.0,42628.57142857143,0,0,0
b,Pasar Banyuasri,2022-01-11,35000.0,38000.0,41535.71428571428,0,0,0
a,Pasar Anyar,2022-01-11,40000.0,35000.0,40642.857142857145,0,0,0
2,Kota Singaraja,2022-01-11,37500.0,40000.0,39214.28571428572,0,0,0
b,Pasar Kreneng,2022-01-11,45000.0,37500.0,39214.28571428572,0,0,0
a,Pasar Badung,2022-01-11,40000.0,45000.0,39357.142857142855,0,0,0
II,Bali,2022-01-11,40000.0,40000.0,39357.142857142855,0,0,0
I,Semua Provinsi,2022-01-11,65450.0,40000.0,43278.57142857143,0,0,0
1,Kota Denpasar,2022-01-11,42500.0,65450.0,44350.0,0,0,0
I,Semua Provinsi,2022-01-12,64350.0,42500.0,47828.57142857143,0,0,0
II,Bali,2022-01-12,41900.0,64350.0,48457.142857142855,0,0,0
1,Kota Denpasar,2022-01-12,46250.0,41900.0,48635.71428571428,0,0,0
a,Pasar Badung,2022-01-12,40000.0,46250.0,48635.71428571428,0,0,0
b,Pasar Kreneng,2022-01-12,52500.0,40000.0,50421.42857142857,0,0,0
2,Kota Singaraja,2022-01-12,37500.0,52500.0,46428.57142857143,0,0,0
a,Pasar Anyar,2022-01-12,40000.0,37500.0,46071.42857142857,0,0,0
b,Pasar Banyuasri,2022-01-12,35000.0,40000.0,41878.57142857143,0,0,0
a,Pasar Anyar,2022-01-13,40000.0,35000.0,41607.142857142855,0,0,0
b,Pasar Banyuasri,2022-01-13,40000.0,40000.0,40714.28571428572,0,0,0
b,Pasar Kreneng,2022-01-13,52500.0,40000.0,42500.0,0,0,0
2,Kota Singaraja,2022-01-13,40000.0,52500.0,40714.28571428572,0,0,0
1,Kota Denpasar,2022-01-13,46250.0,40000.0,41964.28571428572,0,0,0
a,Pasar Badung,2022-01-13,40000.0,46250.0,41964.28571428572,0,0,0
II,Bali,2022-01-13,43150.0,40000.0,43128.57142857143,0,0,0
I,Semua Provinsi,2022-01-13,63500.0,43150.0,46485.71428571428,0,0,0
I,Semua Provinsi,2022-01-14,62100.0,63500.0,49642.857142857145,0,0,0
II,Bali,2022-01-14,40250.0,62100.0,47892.857142857145,0,0,0
1,Kota Denpasar,2022-01-14,40500.0,40250.0,47964.28571428572,0,0,0
a,Pasar Badung,2022-01-14,40000.0,40500.0,47071.42857142857,0,0,0
b,Pasar Kreneng,2022-01-14,41000.0,40000.0,47214.28571428572,0,0,0
2,Kota Singaraja,2022-01-14,40000.0,41000.0,46764.28571428572,0,0,0
a,Pasar Anyar,2022-01-14,40000.0,40000.0,43407.142857142855,0,0,0
b,Pasar Banyuasri,2022-01-14,40000.0,40000.0,40250.0,0,0,0
b,Pasar Banyuasri,2022-01-17,40000.0,40000.0,40214.28571428572,0,0,0
a,Pasar Anyar,2022-01-17,35000.0,40000.0,39428.57142857143,0,0,0
2,Kota Singaraja,2022-01-17,37500.0,35000.0,39071.42857142857,0,0,0
b,Pasar Kreneng,2022-01-17,38500.0,37500.0,38714.28571428572,0,0,0
a,Pasar Badung,2022-01-17,40000.0,38500.0,38714.28571428572,0,0,0
1,Kota Denpasar,2022-01-17,39250.0,40000.0,38607.142857142855,0,0,0
II,Bali,2022-01-17,38400.0,39250.0,38378.57142857143,0,0,0
I,Semua Provinsi,2022-01-17,59600.0,38400.0,41178.57142857143,0,0,0
I,Semua Provinsi,2022-01-18,59450.0,59600.0,44671.42857142857,0,0,0
II,Bali,2022-01-18,37900.0,59450.0,44728.57142857143,0,0,0
1,Kota Denpasar,2022-01-18,36750.0,37900.0,44478.57142857143,0,0,0
a,Pasar Badung,2022-01-18,35000.0,36750.0,43764.28571428572,0,0,0
b,Pasar Kreneng,2022-01-18,38500.0,35000.0,43657.142857142855,0,0,0
2,Kota Singaraja,2022-01-18,39000.0,38500.0,43742.857142857145,0,0,0
a,Pasar Anyar,2022-01-18,38000.0,39000.0,40657.142857142855,0,0,0
b,Pasar Banyuasri,2022-01-18,40000.0,38000.0,37878.57142857143,0,0,0
a,Pasar Anyar,2022-01-19,38000.0,40000.0,37892.857142857145,0,0,0
2,Kota Singaraja,2022-01-19,39000.0,38000.0,38214.28571428572,0,0,0
b,Pasar Kreneng,2022-01-19,38500.0,39000.0,38714.28571428572,0,0,0
b,Pasar Banyuasri,2022-01-19,40000.0,38500.0,38928.57142857143,0,0,0
1,Kota Denpasar,2022-01-19,36750.0,40000.0,38607.142857142855,0,0,0
II,Bali,2022-01-19,37900.0,36750.0,38592.857142857145,0,0,0
I,Semua Provinsi,2022-01-19,59500.0,37900.0,41378.57142857143,0,0,0
a,Pasar Badung,2022-01-19,35000.0,59500.0,40950.0,0,0,0
I,Semua Provinsi,2022-01-20,57750.0,35000.0,43628.57142857143,0,0,0
II,Bali,2022-01-20,37150.0,57750.0,43435.71428571428,0,0,0
1,Kota Denpasar,2022-01-20,36750.0,37150.0,42971.42857142857,0,0,0
a,Pasar Badung,2022-01-20,35000.0,36750.0,42721.42857142857,0,0,0
b,Pasar Kreneng,2022-01-20,38500.0,35000.0,42807.142857142855,0,0,0
2,Kota Singaraja,2022-01-20,37500.0,38500.0,39664.28571428572,0,0,0
a,Pasar Anyar,2022-01-20,35000.0,37500.0,39664.28571428572,0,0,0
b,Pasar Banyuasri,2022-01-20,40000.0,35000.0,37128.57142857143,0,0,0
a,Pasar Anyar,2022-01-21,30000.0,40000.0,36107.142857142855,0,0,0
2,Kota Singaraja,2022-01-21,32500.0,30000.0,35500.0,0,0,0
b,Pasar Kreneng,2022-01-21,38500.0,32500.0,36000.0,0,0,0
b,Pasar Banyuasri,2022-01-21,35000.0,38500.0,35500.0,0,0,0
1,Kota Denpasar,2022-01-21,36750.0,35000.0,35392.857142857145,0,0,0
II,Bali,2022-01-21,34650.0,36750.0,35342.857142857145,0,0,0
I,Semua Provinsi,2022-01-21,56200.0,34650.0,37657.142857142855,0,0,0
a,Pasar Badung,2022-01-21,35000.0,56200.0,38371.42857142857,0,0,0
a,Pasar Anyar,2022-01-24,28000.0,35000.0,37728.57142857143,0,0,0
2,Kota Singaraja,2022-01-24,29000.0,28000.0,36371.42857142857,0,0,0
b,Pasar Kreneng,2022-01-24,38500.0,29000.0,36871.42857142857,0,0,0
b,Pasar Banyuasri,2022-01-24,30000.0,38500.0,35907.142857142855,0,0,0
1,Kota Denpasar,2022-01-24,35500.0,30000.0,36028.57142857143,0,0,0
II,Bali,2022-01-24,32250.0,35500.0,32607.14285714286,0,0,0
I,Semua Provinsi,2022-01-24,52700.0,32250.0,35135.71428571428,0,0,0
a,Pasar Badung,2022-01-24,32500.0,52700.0,35778.57142857143,0,0,0
I,Semua Provinsi,2022-01-25,51800.0,32500.0,39035.71428571428,0,0,0
II,Bali,2022-01-25,28250.0,51800.0,37571.42857142857,0,0,0
1,Kota Denpasar,2022-01-25,27500.0,28250.0,37214.28571428572,0,0,0
a,Pasar Badung,2022-01-25,32500.0,27500.0,36785.71428571428,0,0,0
b,Pasar Kreneng,2022-01-25,22500.0,32500.0,35392.857142857145,0,0,0
2,Kota Singaraja,2022-01-25,29000.0,22500.0,32007.14285714286,0,0,0
a,Pasar Anyar,2022-01-25,28000.0,29000.0,31364.285714285714,0,0,0
b,Pasar Banyuasri,2022-01-25,30000.0,28000.0,28250.0,0,0,0
2,Kota Singaraja,2022-01-26,29000.0,30000.0,28357.14285714286,0,0,0
b,Pasar Banyuasri,2022-01-26,30000.0,29000.0,28714.285714285714,0,0,0
a,Pasar Anyar,2022-01-26,28000.0,30000.0,28071.428571428572,0,0,0
b,Pasar Kreneng,2022-01-26,22500.0,28000.0,28071.428571428572,0,0,0
II,Bali,2022-01-26,28900.0,22500.0,28057.14285714286,0,0,0
1,Kota Denpasar,2022-01-26,28750.0,28900.0,28164.285714285714,0,0,0
a,Pasar Badung,2022-01-26,35000.0,28750.0,28878.571428571428,0,0,0
I,Semua Provinsi,2022-01-26,50950.0,35000.0,32014.285714285714,0,0,0
I,Semua Provinsi,2022-01-27,49450.0,50950.0,34792.857142857145,0,0,0
II,Bali,2022-01-27,29750.0,49450.0,35042.857142857145,0,0,0
1,Kota Denpasar,2022-01-27,31500.0,29750.0,36328.57142857143,0,0,0
a,Pasar Badung,2022-01-27,35000.0,31500.0,37200.0,0,0,0
b,Pasar Kreneng,2022-01-27,28000.0,35000.0,37092.857142857145,0,0,0
2,Kota Singaraja,2022-01-27,28000.0,28000.0,36092.857142857145,0,0,0
a,Pasar Anyar,2022-01-27,28000.0,28000.0,32814.28571428572,0,0,0
b,Pasar Banyuasri,2022-01-27,28000.0,28000.0,29750.0,0,0,0
b,Pasar Banyuasri,2022-01-28,28000.0,28000.0,29500.0,0,0,0
a,Pasar Anyar,2022-01-28,25000.0,28000.0,28571.428571428572,0,0,0
2,Kota Singaraja,2022-01-28,26500.0,25000.0,27357.14285714286,0,0,0
b,Pasar Kreneng,2022-01-28,28000.0,26500.0,27357.14285714286,0,0,0
I,Semua Provinsi,2022-01-28,48950.0,28000.0,30350.0,0,0,0
1,Kota Denpasar,2022-01-28,26500.0,48950.0,30135.714285714286,0,0,0
II,Bali,2022-01-28,26500.0,26500.0,29921.428571428572,0,0,0
a,Pasar Badung,2022-01-28,25000.0,26500.0,29492.85714285714,0,0,0
2,Kota Singaraja,2022-01-31,27000.0,25000.0,29778.571428571428,0,0,0
b,Pasar Banyuasri,2022-01-31,27000.0,27000.0,29850.0,0,0,0
a,Pasar Anyar,2022-01-31,27000.0,27000.0,29707.14285714286,0,0,0
b,Pasar Kreneng,2022-01-31,28000.0,27000.0,26714.285714285714,0,0,0
I,Semua Provinsi,2022-01-31,48350.0,28000.0,29835.714285714286,0,0,0
1,Kota Denpasar,2022-01-31,26500.0,48350.0,29835.714285714286,0,0,0
II,Bali,2022-01-31,26750.0,26500.0,30085.714285714286,0,0,0
a,Pasar Badung,2022-01-31,25000.0,26750.0,29800.0,0,0,0
I,Semua Provinsi,2022-02-02,48500.0,25000.0,32871.42857142857,0,0,0
II,Bali,2022-02-02,26750.0,48500.0,32835.71428571428,0,0,0
1,Kota Denpasar,2022-02-02,25500.0,26750.0,32478.571428571428,0,0,0
a,Pasar Badung,2022-02-02,25000.0,25500.0,29142.85714285714,0,0,0
b,Pasar Kreneng,2022-02-02,26000.0,25000.0,29071.428571428572,0,0,0
2,Kota Singaraja,2022-02-02,28000.0,26000.0,29250.0,0,0,0
a,Pasar Anyar,2022-02-02,28000.0,28000.0,29678.571428571428,0,0,0
b,Pasar Banyuasri,2022-02-02,28000.0,28000.0,26750.0,0,0,0
2,Kota Singaraja,2022-02-03,31000.0,28000.0,27357.14285714286,0,0,0
b,Pasar Banyuasri,2022-02-03,30000.0,31000.0,28000.0,0,0,0
a,Pasar Anyar,2022-02-03,32000.0,30000.0,29000.0,0,0,0
b,Pasar Kreneng,2022-02-03,26000.0,32000.0,29000.0,0,0,0
I,Semua Provinsi,2022-02-03,48450.0,26000.0,31921.428571428572,0,0,0
1,Kota Denpasar,2022-02-03,25500.0,48450.0,31564.285714285714,0,0,0
II,Bali,2022-02-03,28250.0,25500.0,31600.0,0,0,0
a,Pasar Badung,2022-02-03,25000.0,28250.0,30742.85714285714,0,0,0
I,Semua Provinsi,2022-02-04,49650.0,25000.0,33550.0,0,0,0
II,Bali,2022-02-04,32500.0,49650.0,33621.42857142857,0,0,0
1,Kota Denpasar,2022-02-04,27500.0,32500.0,33835.71428571428,0,0,0
a,Pasar Badung,2022-02-04,25000.0,27500.0,30485.714285714286,0,0,0
b,Pasar Kreneng,2022-02-04,30000.0,25000.0,31128.571428571428,0,0,0
2,Kota Singaraja,2022-02-04,37500.0,30000.0,32450.0,0,0,0
a,Pasar Anyar,2022-02-04,40000.0,37500.0,34592.857142857145,0,0,0
b,Pasar Banyuasri,2022-02-04,35000.0,40000.0,32500.0,0,0,0
b,Pasar Banyuasri,2022-02-07,35000.0,35000.0,32857.142857142855,0,0,0
a,Pasar Anyar,2022-02-07,38000.0,35000.0,34357.142857142855,0,0,0
2,Kota Singaraja,2022-02-07,36500.0,38000.0,36000.0,0,0,0
b,Pasar Kreneng,2022-02-07,30000.0,36500.0,36000.0,0,0,0
1,Kota Denpasar,2022-02-07,27500.0,30000.0,34571.42857142857,0,0,0
II,Bali,2022-02-07,32000.0,27500.0,33428.57142857143,0,0,0
I,Semua Provinsi,2022-02-07,52300.0,32000.0,35900.0,0,0,0
a,Pasar Badung,2022-02-07,25000.0,52300.0,34471.42857142857,0,0,0
I,Semua Provinsi,2022-02-08,53100.0,25000.0,36628.57142857143,0,0,0
II,Bali,2022-02-08,35250.0,53100.0,36450.0,0,0,0
1,Kota Denpasar,2022-02-08,35000.0,35250.0,37164.28571428572,0,0,0
a,Pasar Badung,2022-02-08,40000.0,35000.0,38950.0,0,0,0
b,Pasar Kreneng,2022-02-08,30000.0,40000.0,38664.28571428572,0,0,0
2,Kota Singaraja,2022-02-08,35500.0,30000.0,36264.28571428572,0,0,0
a,Pasar Anyar,2022-02-08,36000.0,35500.0,37835.71428571428,0,0,0
b,Pasar Banyuasri,2022-02-08,35000.0,36000.0,35250.0,0,0,0
2,Kota Singaraja,2022-02-09,35500.0,35000.0,35285.71428571428,0,0,0
b,Pasar Banyuasri,2022-02-09,35000.0,35500.0,35285.71428571428,0,0,0
a,Pasar Anyar,2022-02-09,36000.0,35000.0,34714.28571428572,0,0,0
b,Pasar Kreneng,2022-02-09,35000.0,36000.0,35428.57142857143,0,0,0
I,Semua Provinsi,2022-02-09,53250.0,35000.0,37964.28571428572,0,0,0
1,Kota Denpasar,2022-02-09,37500.0,53250.0,38178.57142857143,0,0,0
a,Pasar Badung,2022-02-09,40000.0,37500.0,38892.857142857145,0,0,0
II,Bali,2022-02-09,36500.0,40000.0,39035.71428571428,0,0,0
I,Semua Provinsi,2022-02-10,53250.0,36500.0,41642.857142857145,0,0,0
II,Bali,2022-02-10,35250.0,53250.0,41535.71428571428,0,0,0
1,Kota Denpasar,2022-02-10,35000.0,35250.0,41535.71428571428,0,0,0
a,Pasar Badung,2022-02-10,35000.0,35000.0,38928.57142857143,0,0,0
b,Pasar Kreneng,2022-02-10,35000.0,35000.0,38571.42857142857,0,0,0
2,Kota Singaraja,2022-02-10,35500.0,35000.0,37928.57142857143,0,0,0
a,Pasar Anyar,2022-02-10,36000.0,35500.0,37857.142857142855,0,0,0
b,Pasar Banyuasri,2022-02-10,35000.0,36000.0,35250.0,0,0,0
b,Pasar Kreneng,2022-02-11,35000.0,35000.0,35214.28571428572,0,0,0
b,Pasar Banyuasri,2022-02-11,37000.0,35000.0,35500.0,0,0,0
a,Pasar Anyar,2022-02-11,38000.0,37000.0,35928.57142857143,0,0,0
2,Kota Singaraja,2022-02-11,37500.0,38000.0,36285.71428571428,0,0,0
a,Pasar Badung,2022-02-11,35000.0,37500.0,36214.28571428572,0,0,0
1,Kota Denpasar,2022-02-11,35000.0,35000.0,36071.42857142857,0,0,0
II,Bali,2022-02-11,36250.0,35000.0,36250.0,0,0,0
I,Semua Provinsi,2022-02-11,53000.0,36250.0,38821.42857142857,0,0,0
I,Semua Provinsi,2022-02-14,54050.0,53000.0,41257.142857142855,0,0,0
II,Bali,2022-02-14,35750.0,54050.0,40935.71428571428,0,0,0
1,Kota Denpasar,2022-02-14,35000.0,35750.0,40578.57142857143,0,0,0
a,Pasar Badung,2022-02-14,35000.0,35000.0,40578.57142857143,0,0,0
b,Pasar Kreneng,2022-02-14,35000.0,35000.0,40578.57142857143,0,0,0
2,Kota Singaraja,2022-02-14,36500.0,35000.0,40614.28571428572,0,0,0
a,Pasar Anyar,2022-02-14,36000.0,36500.0,38185.71428571428,0,0,0
b,Pasar Banyuasri,2022-02-14,37000.0,36000.0,35750.0,0,0,0
a,Pasar Anyar,2022-02-15,38000.0,37000.0,36071.42857142857,0,0,0
2,Kota Singaraja,2022-02-15,38000.0,38000.0,36500.0,0,0,0
b,Pasar Banyuasri,2022-02-15,38000.0,38000.0,36928.57142857143,0,0,0
b,Pasar Kreneng,2022-02-15,35000.0,38000.0,36928.57142857143,0,0,0
1,Kota Denpasar,2022-02-15,37500.0,35000.0,37071.42857142857,0,0,0
II,Bali,2022-02-15,37750.0,37500.0,37321.42857142857,0,0,0
I,Semua Provinsi,2022-02-15,54400.0,37750.0,39807.142857142855,0,0,0
a,Pasar Badung,2022-02-15,40000.0,54400.0,40092.857142857145,0,0,0
I,Semua Provinsi,2022-02-16,54650.0,40000.0,42471.42857142857,0,0,0
II,Bali,2022-02-16,38750.0,54650.0,42578.57142857143,0,0,0
1,Kota Denpasar,2022-02-16,37500.0,38750.0,42935.71428571428,0,0,0
a,Pasar Badung,2022-02-16,40000.0,37500.0,43292.857142857145,0,0,0
b,Pasar Kreneng,2022-02-16,35000.0,40000.0,42900.0,0,0,0
2,Kota Singaraja,2022-02-16,40000.0,35000.0,40842.857142857145,0,0,0
a,Pasar Anyar,2022-02-16,40000.0,40000.0,40842.857142857145,0,0,0
b,Pasar Banyuasri,2022-02-16,40000.0,40000.0,38750.0,0,0,0
b,Pasar Banyuasri,2022-02-17,40000.0,40000.0,38928.57142857143,0,0,0
a,Pasar Anyar,2022-02-17,40000.0,40000.0,39285.71428571428,0,0,0
2,Kota Singaraja,2022-02-17,40000.0,40000.0,39285.71428571428,0,0,0
b,Pasar Kreneng,2022-02-17,35000.0,40000.0,39285.71428571428,0,0,0
a,Pasar Badung,2022-02-17,40000.0,35000.0,39285.71428571428,0,0,0
II,Bali,2022-02-17,38750.0,40000.0,39107.142857142855,0,0,0
I,Semua Provinsi,2022-02-17,54650.0,38750.0,41200.0,0,0,0
1,Kota Denpasar,2022-02-17,37500.0,54650.0,40842.857142857145,0,0,0
I,Semua Provinsi,2022-02-18,54900.0,37500.0,42971.42857142857,0,0,0
II,Bali,2022-02-18,40250.0,54900.0,43007.142857142855,0,0,0
1,Kota Denpasar,2022-02-18,40500.0,40250.0,43792.857142857145,0,0,0
a,Pasar Badung,2022-02-18,40000.0,40500.0,43792.857142857145,0,0,0
b,Pasar Kreneng,2022-02-18,41000.0,40000.0,44114.28571428572,0,0,0
2,Kota Singaraja,2022-02-18,40000.0,41000.0,42021.42857142857,0,0,0
a,Pasar Anyar,2022-02-18,40000.0,40000.0,42378.57142857143,0,0,0
b,Pasar Banyuasri,2022-02-18,40000.0,40000.0,40250.0,0,0,0
2,Kota Singaraja,2022-02-21,45500.0,40000.0,41000.0,0,0,0
b,Pasar Banyuasri,2022-02-21,45000.0,45500.0,41642.857142857145,0,0,0
a,Pasar Anyar,2022-02-21,46000.0,45000.0,42500.0,0,0,0
b,Pasar Kreneng,2022-02-21,41000.0,46000.0,42500.0,0,0,0
II,Bali,2022-02-21,43000.0,41000.0,42928.57142857143,0,0,0
1,Kota Denpasar,2022-02-21,40500.0,43000.0,43000.0,0,0,0
I,Semua Provinsi,2022-02-21,57300.0,40500.0,45471.42857142857,0,0,0
a,Pasar Badung,2022-02-21,40000.0,57300.0,44685.71428571428,0,0,0
I,Semua Provinsi,2022-02-22,59350.0,40000.0,46735.71428571428,0,0,0
II,Bali,2022-02-22,44750.0,59350.0,46557.142857142855,0,0,0
1,Kota Denpasar,2022-02-22,43000.0,44750.0,46842.857142857145,0,0,0
a,Pasar Badung,2022-02-22,45000.0,43000.0,47128.57142857143,0,0,0
b,Pasar Kreneng,2022-02-22,41000.0,45000.0,47200.0,0,0,0
2,Kota Singaraja,2022-02-22,46500.0,41000.0,45657.142857142855,0,0,0
a,Pasar Anyar,2022-02-22,45000.0,46500.0,46371.42857142857,0,0,0
b,Pasar Banyuasri,2022-02-22,48000.0,45000.0,44750.0,0,0,0
b,Pasar Banyuasri,2022-02-23,48000.0,48000.0,45214.28571428572,0,0,0
a,Pasar Anyar,2022-02-23,50000.0,48000.0,46214.28571428572,0,0,0
2,Kota Singaraja,2022-02-23,49000.0,50000.0,46785.71428571428,0,0,0
b,Pasar Kreneng,2022-02-23,41000.0,49000.0,46785.71428571428,0,0,0
II,Bali,2022-02-23,47250.0,41000.0,46892.857142857145,0,0,0
1,Kota Denpasar,2022-02-23,45500.0,47250.0,46964.28571428572,0,0,0
I,Semua Provinsi,2022-02-23,61450.0,45500.0,48885.71428571428,0,0,0
a,Pasar Badung,2022-02-23,50000.0,61450.0,49171.42857142857,0,0,0
2,Kota Singaraja,2022-02-24,50000.0,50000.0,49171.42857142857,1,0,0
b,Pasar Banyuasri,2022-02-24,50000.0,50000.0,49314.28571428572,1,0,0
a,Pasar Anyar,2022-02-24,50000.0,50000.0,50600.0,1,0,0
b,Pasar Kreneng,2022-02-24,50000.0,50000.0,50992.857142857145,1,0,0
II,Bali,2022-02-24,50000.0,50000.0,51635.71428571428,1,0,0
1,Kota Denpasar,2022-02-24,50000.0,50000.0,50000.0,1,0,0
I,Semua Provinsi,2022-02-24,61550.0,50000.0,51650.0,1,0,0
a,Pasar Badung,2022-02-24,50000.0,61550.0,51650.0,1,0,0
I,Semua Provinsi,2022-02-25,62150.0,50000.0,53385.71428571428,1,0,0
II,Bali,2022-02-25,50000.0,62150.0,53385.71428571428,1,0,0
1,Kota Denpasar,2022-02-25,50000.0,50000.0,53385.71428571428,1,0,0
a,Pasar Badung,2022-02-25,50000.0,50000.0,53385.71428571428,1,0,0
b,Pasar Kreneng,2022-02-25,50000.0,50000.0,53385.71428571428,1,0,0
2,Kota Singaraja,2022-02-25,50000.0,50000.0,51735.71428571428,1,0,0
a,Pasar Anyar,2022-02-25,50000.0,50000.0,51735.71428571428,1,0,0
b,Pasar Banyuasri,2022-02-25,50000.0,50000.0,50000.0,1,0,0
2,Kota Singaraja,2022-03-01,62500.0,50000.0,51785.71428571428,1,0,0
b,Pasar Banyuasri,2022-03-01,60000.0,62500.0,53214.28571428572,1,0,0
a,Pasar Anyar,2022-03-01,65000.0,60000.0,55357.142857142855,1,0,0
b,Pasar Kreneng,2022-03-01,50000.0,65000.0,55357.142857142855,1,0,0
II,Bali,2022-03-01,56250.0,50000.0,56250.0,1,0,0
1,Kota Denpasar,2022-03-01,50000.0,56250.0,56250.0,1,0,0
I,Semua Provinsi,2022-03-01,68200.0,50000.0,58850.0,1,0,0
a,Pasar Badung,2022-03-01,50000.0,68200.0,57064.28571428572,1,0,0
I,Semua Provinsi,2022-03-02,69200.0,50000.0,58378.57142857143,1,0,0
II,Bali,2022-03-02,56250.0,69200.0,57128.57142857143,1,0,0
1,Kota Denpasar,2022-03-02,50000.0,56250.0,57128.57142857143,1,0,0
a,Pasar Badung,2022-03-02,50000.0,50000.0,56235.71428571428,1,0,0
b,Pasar Kreneng,2022-03-02,50000.0,50000.0,56235.71428571428,1,0,0
2,Kota Singaraja,2022-03-02,62500.0,50000.0,55421.42857142857,1,0,0
a,Pasar Anyar,2022-03-02,65000.0,62500.0,57564.28571428572,1,0,0
b,Pasar Banyuasri,2022-03-02,60000.0,65000.0,56250.0,1,0,0
b,Pasar Banyuasri,2022-03-04,60000.0,60000.0,56785.71428571428,0,0,1
a,Pasar Anyar,2022-03-04,65000.0,60000.0,58928.57142857143,0,0,1
2,Kota Singaraja,2022-03-04,62500.0,65000.0,60714.28571428572,0,0,1
b,Pasar Kreneng,2022-03-04,50000.0,62500.0,60714.28571428572,0,0,1
1,Kota Denpasar,2022-03-04,50000.0,50000.0,58928.57142857143,0,0,1
II,Bali,2022-03-04,56250.0,50000.0,57678.57142857143,0,0,1
I,Semua Provinsi,2022-03-04,70250.0,56250.0,59142.857142857145,0,0,1
a,Pasar Badung,2022-03-04,50000.0,70250.0,57714.28571428572,0,0,1
I,Semua Provinsi,2022-03-07,73600.0,50000.0,58942.857142857145,0,0,0
II,Bali,2022-03-07,59900.0,73600.0,58571.42857142857,0,0,0
1,Kota Denpasar,2022-03-07,56250.0,59900.0,59464.28571428572,0,0,0
a,Pasar Badung,2022-03-07,50000.0,56250.0,59464.28571428572,0,0,0
b,Pasar Kreneng,2022-03-07,62500.0,50000.0,60357.142857142855,0,0,0
2,Kota Singaraja,2022-03-07,63500.0,62500.0,59392.857142857145,0,0,0
a,Pasar Anyar,2022-03-07,62000.0,63500.0,61107.142857142855,0,0,0
b,Pasar Banyuasri,2022-03-07,65000.0,62000.0,59878.57142857143,0,0,0
2,Kota Singaraja,2022-03-08,62000.0,65000.0,60178.57142857143,0,0,0
b,Pasar Banyuasri,2022-03-08,62000.0,62000.0,61000.0,0,0,0
a,Pasar Anyar,2022-03-08,62000.0,62000.0,62714.28571428572,0,0,0
b,Pasar Kreneng,2022-03-08,50000.0,62000.0,60928.57142857143,0,0,0
II,Bali,2022-03-08,59750.0,50000.0,60392.857142857145,0,0,0
1,Kota Denpasar,2022-03-08,57500.0,59750.0,59750.0,0,0,0
a,Pasar Badung,2022-03-08,65000.0,57500.0,59750.0,0,0,0
I,Semua Provinsi,2022-03-08,74000.0,65000.0,61464.28571428572,0,0,0
I,Semua Provinsi,2022-03-09,73850.0,74000.0,63157.142857142855,0,0,0
II,Bali,2022-03-09,56250.0,73850.0,62335.71428571428,0,0,0
1,Kota Denpasar,2022-03-09,57500.0,56250.0,63407.142857142855,0,0,0
a,Pasar Badung,2022-03-09,65000.0,57500.0,64157.142857142855,0,0,0
b,Pasar Kreneng,2022-03-09,50000.0,65000.0,63085.71428571428,0,0,0
2,Kota Singaraja,2022-03-09,55000.0,50000.0,61657.142857142855,0,0,0
a,Pasar Anyar,2022-03-09,55000.0,55000.0,58942.857142857145,0,0,0
b,Pasar Banyuasri,2022-03-09,55000.0,55000.0,56250.0,0,0,0
b,Pasar Banyuasri,2022-03-10,50000.0,55000.0,55357.142857142855,0,0,0
a,Pasar Anyar,2022-03-10,50000.0,50000.0,54285.71428571428,0,0,0
b,Pasar Kreneng,2022-03-10,50000.0,50000.0,52142.857142857145,0,0,0
2,Kota Singaraja,2022-03-10,50000.0,50000.0,52142.857142857145,0,0,0
1,Kota Denpasar,2022-03-10,55000.0,50000.0,52142.857142857145,0,0,0
II,Bali,2022-03-10,52500.0,55000.0,51785.71428571428,0,0,0
I,Semua Provinsi,2022-03-10,72550.0,52500.0,54292.857142857145,0,0,0
a,Pasar Badung,2022-03-10,60000.0,72550.0,55721.42857142857,0,0,0
I,Semua Provinsi,2022-03-11,72350.0,60000.0,58914.28571428572,0,0,0
II,Bali,2022-03-11,49500.0,72350.0,58842.857142857145,0,0,0
1,Kota Denpasar,2022-03-11,50000.0,49500.0,58842.857142857145,0,0,0
a,Pasar Badung,2022-03-11,50000.0,50000.0,58128.57142857143,0,0,0
b,Pasar Kreneng,2022-03-11,50000.0,50000.0,57771.42857142857,0,0,0
2,Kota Singaraja,2022-03-11,49000.0,50000.0,54407.142857142855,0,0,0
a,Pasar Anyar,2022-03-11,48000.0,49000.0,52692.857142857145,0,0,0
b,Pasar Banyuasri,2022-03-11,50000.0,48000.0,49500.0,0,0,0
a,Pasar Anyar,2022-03-14,50000.0,50000.0,49571.42857142857,0,0,0
b,Pasar Banyuasri,2022-03-14,50000.0,50000.0,49571.42857142857,0,0,0
a,Pasar Badung,2022-03-14,60000.0,50000.0,51000.0,0,0,0
2,Kota Singaraja,2022-03-14,50000.0,60000.0,51000.0,0,0,0
b,Pasar Kreneng,2022-03-14,53500.0,50000.0,51642.857142857145,0,0,0
II,Bali,2022-03-14,53400.0,53500.0,52414.28571428572,0,0,0
I,Semua Provinsi,2022-03-14,72450.0,53400.0,55621.42857142857,0,0,0
1,Kota Denpasar,2022-03-14,56750.0,72450.0,56585.71428571428,0,0,0
I,Semua Provinsi,2022-03-15,71550.0,56750.0,59664.28571428572,0,0,0
II,Bali,2022-03-15,52750.0,71550.0,58628.57142857143,0,0,0
1,Kota Denpasar,2022-03-15,55500.0,52750.0,59414.28571428572,0,0,0
a,Pasar Badung,2022-03-15,60000.0,55500.0,60342.857142857145,0,0,0
b,Pasar Kreneng,2022-03-15,51000.0,60000.0,60000.0,0,0,0
2,Kota Singaraja,2022-03-15,50000.0,51000.0,56792.857142857145,0,0,0
a,Pasar Anyar,2022-03-15,50000.0,50000.0,55828.57142857143,0,0,0
b,Pasar Banyuasri,2022-03-15,50000.0,50000.0,52750.0,0,0,0
b,Pasar Banyuasri,2022-03-16,48000.0,50000.0,52071.42857142857,0,0,0
a,Pasar Anyar,2022-03-16,50000.0,48000.0,51285.71428571428,0,0,0
2,Kota Singaraja,2022-03-16,49000.0,50000.0,49714.28571428572,0,0,0
b,Pasar Kreneng,2022-03-16,51000.0,49000.0,49714.28571428572,0,0,0
a,Pasar Badung,2022-03-16,50000.0,51000.0,49714.28571428572,0,0,0
II,Bali,2022-03-16,49750.0,50000.0,49678.57142857143,0,0,0
I,Semua Provinsi,2022-03-16,70650.0,49750.0,52628.57142857143,0,0,0
1,Kota Denpasar,2022-03-16,50500.0,70650.0,52985.71428571428,0,0,0
I,Semua Provinsi,2022-03-17,68950.0,50500.0,55692.857142857145,0,0,0
II,Bali,2022-03-17,49250.0,68950.0,55728.57142857143,0,0,0
1,Kota Denpasar,2022-03-17,50500.0,49250.0,55657.142857142855,0,0,0
a,Pasar Badung,2022-03-17,50000.0,50500.0,55657.142857142855,0,0,0
b,Pasar Kreneng,2022-03-17,51000.0,50000.0,55835.71428571428,0,0,0
2,Kota Singaraja,2022-03-17,48000.0,51000.0,52600.0,0,0,0
a,Pasar Anyar,2022-03-17,48000.0,48000.0,52242.857142857145,0,0,0
b,Pasar Banyuasri,2022-03-17,48000.0,48000.0,49250.0,0,0,0
b,Pasar Kreneng,2022-03-18,51000.0,48000.0,49500.0,0,0,0
a,Pasar Anyar,2022-03-18,48000.0,51000.0,49142.857142857145,0,0,0
2,Kota Singaraja,2022-03-18,49000.0,48000.0,49000.0,0,0,0
b,Pasar Banyuasri,2022-03-18,50000.0,49000.0,48857.142857142855,0,0,0
a,Pasar Badung,2022-03-18,50000.0,50000.0,49142.857142857145,0,0,0
II,Bali,2022-03-18,49750.0,50000.0,49392.857142857145,0,0,0
I,Semua Provinsi,2022-03-18,69800.0,49750.0,52507.142857142855,0,0,0
1,Kota Denpasar,2022-03-18,50500.0,69800.0,52435.71428571428,0,0,0
I,Semua Provinsi,2022-03-21,68350.0,50500.0,55342.857142857145,0,0,0
II,Bali,2022-03-21,54000.0,68350.0,56057.142857142855,0,0,0
1,Kota Denpasar,2022-03-21,62500.0,54000.0,57842.857142857145,0,0,0
a,Pasar Badung,2022-03-21,60000.0,62500.0,59271.42857142857,0,0,0
b,Pasar Kreneng,2022-03-21,65000.0,60000.0,61450.0,0,0,0
2,Kota Singaraja,2022-03-21,45500.0,65000.0,57978.57142857143,0,0,0
a,Pasar Anyar,2022-03-21,45000.0,45500.0,57192.857142857145,0,0,0
b,Pasar Banyuasri,2022-03-21,46000.0,45000.0,54000.0,0,0,0
b,Pasar Banyuasri,2022-03-22,46000.0,46000.0,52857.142857142855,0,0,0
a,Pasar Anyar,2022-03-22,45000.0,46000.0,50357.142857142855,0,0,0
2,Kota Singaraja,2022-03-22,45500.0,45000.0,48285.71428571428,0,0,0
b,Pasar Kreneng,2022-03-22,66500.0,45500.0,48500.0,0,0,0
1,Kota Denpasar,2022-03-22,60750.0,66500.0,50678.57142857143,0,0,0
II,Bali,2022-03-22,53150.0,60750.0,51842.857142857145,0,0,0
I,Semua Provinsi,2022-03-22,67750.0,53150.0,54950.0,0,0,0
a,Pasar Badung,2022-03-22,55000.0,67750.0,56235.71428571428,0,0,0
I,Semua Provinsi,2022-03-23,66850.0,55000.0,59357.142857142855,0,0,0
II,Bali,2022-03-23,51900.0,66850.0,60271.42857142857,0,0,0
1,Kota Denpasar,2022-03-23,58250.0,51900.0,59092.857142857145,0,0,0
a,Pasar Badung,2022-03-23,50000.0,58250.0,57557.142857142855,0,0,0
b,Pasar Kreneng,2022-03-23,66500.0,50000.0,59464.28571428572,0,0,0
2,Kota Singaraja,2022-03-23,45500.0,66500.0,56285.71428571428,0,0,0
a,Pasar Anyar,2022-03-23,45000.0,45500.0,54857.142857142855,0,0,0
b,Pasar Banyuasri,2022-03-23,46000.0,45000.0,51878.57142857143,0,0,0
2,Kota Singaraja,2022-03-24,43500.0,46000.0,50678.57142857143,0,0,0
b,Pasar Banyuasri,2022-03-24,45000.0,43500.0,48785.71428571428,0,0,0
a,Pasar Anyar,2022-03-24,42000.0,45000.0,47642.857142857145,0,0,0
b,Pasar Kreneng,2022-03-24,46500.0,42000.0,44785.71428571428,0,0,0
a,Pasar Badung,2022-03-24,50000.0,46500.0,45428.57142857143,0,0,0
1,Kota Denpasar,2022-03-24,48250.0,50000.0,45892.857142857145,0,0,0
II,Bali,2022-03-24,45900.0,48250.0,45878.57142857143,0,0,0
I,Semua Provinsi,2022-03-24,65900.0,45900.0,49078.57142857143,0,0,0
I,Semua Provinsi,2022-03-25,64750.0,65900.0,51900.0,0,0,0
II,Bali,2022-03-25,46400.0,64750.0,52528.57142857143,0,0,0
1,Kota Denpasar,2022-03-25,48250.0,46400.0,52778.57142857143,0,0,0
a,Pasar Badung,2022-03-25,50000.0,48250.0,52778.57142857143,0,0,0
b,Pasar Kreneng,2022-03-25,46500.0,50000.0,52528.57142857143,0,0,0
2,Kota Singaraja,2022-03-25,44500.0,46500.0,52328.57142857143,0,0,0
a,Pasar Anyar,2022-03-25,44000.0,44500.0,49200.0,0,0,0
b,Pasar Banyuasri,2022-03-25,45000.0,44000.0,46378.57142857143,0,0,0
b,Pasar Banyuasri,2022-03-28,45000.0,45000.0,46178.57142857143,0,0,0
a,Pasar Anyar,2022-03-28,45000.0,45000.0,45714.28571428572,0,0,0
2,Kota Singaraja,2022-03-28,45000.0,45000.0,45000.0,0,0,0
b,Pasar Kreneng,2022-03-28,46500.0,45000.0,45000.0,0,0,0
a,Pasar Badung,2022-03-28,45000.0,46500.0,45071.42857142857,0,0,0
1,Kota Denpasar,2022-03-28,45750.0,45000.0,45321.42857142857,0,0,0
II,Bali,2022-03-28,45400.0,45750.0,45378.57142857143,0,0,0
I,Semua Provinsi,2022-03-28,63800.0,45400.0,48064.28571428572,0,0,0
I,Semua Provinsi,2022-03-29,63800.0,63800.0,50750.0,0,0,0
II,Bali,2022-03-29,43650.0,63800.0,50557.142857142855,0,0,0
1,Kota Denpasar,2022-03-29,43250.0,43650.0,50092.857142857145,0,0,0
a,Pasar Badung,2022-03-29,45000.0,43250.0,50092.857142857145,0,0,0
b,Pasar Kreneng,2022-03-29,41500.0,45000.0,49485.71428571428,0,0,0
2,Kota Singaraja,2022-03-29,44000.0,41500.0,49285.71428571428,0,0,0
a,Pasar Anyar,2022-03-29,43000.0,44000.0,46314.28571428572,0,0,0
b,Pasar Banyuasri,2022-03-29,45000.0,43000.0,43628.57142857143,0,0,0
a,Pasar Anyar,2022-03-30,43000.0,45000.0,43535.71428571428,0,0,0
2,Kota Singaraja,2022-03-30,44000.0,43000.0,43642.857142857145,0,0,0
b,Pasar Kreneng,2022-03-30,41500.0,44000.0,43142.857142857145,0,0,0
b,Pasar Banyuasri,2022-03-30,45000.0,41500.0,43642.857142857145,0,0,0
1,Kota Denpasar,2022-03-30,43250.0,45000.0,43535.71428571428,0,0,0
II,Bali,2022-03-30,43650.0,43250.0,43628.57142857143,0,0,0
I,Semua Provinsi,2022-03-30,63750.0,43650.0,46307.142857142855,0,0,0
a,Pasar Badung,2022-03-30,45000.0,63750.0,46592.857142857145,0,0,0
I,Semua Provinsi,2022-03-31,63900.0,45000.0,49435.71428571428,0,0,0
II,Bali,2022-03-31,43900.0,63900.0,49778.57142857143,0,0,0
1,Kota Denpasar,2022-03-31,43250.0,43900.0,49528.57142857143,0,0,0
a,Pasar Badung,2022-03-31,45000.0,43250.0,49778.57142857143,0,0,0
b,Pasar Kreneng,2022-03-31,41500.0,45000.0,49471.42857142857,0,0,0
2,Kota Singaraja,2022-03-31,44500.0,41500.0,46721.42857142857,0,0,0
a,Pasar Anyar,2022-03-31,44000.0,44500.0,46578.57142857143,0,0,0
b,Pasar Banyuasri,2022-03-31,45000.0,44000.0,43878.57142857143,0,0,0
b,Pasar Banyuasri,2022-04-01,40000.0,45000.0,43321.42857142857,0,0,0
a,Pasar Anyar,2022-04-01,40000.0,40000.0,42857.142857142855,0,0,0
2,Kota Singaraja,2022-04-01,40000.0,40000.0,42142.857142857145,0,0,0
b,Pasar Kreneng,2022-04-01,41500.0,40000.0,42142.857142857145,0,0,0
a,Pasar Badung,2022-04-01,45000.0,41500.0,42214.28571428572,0,0,0
1,Kota Denpasar,2022-04-01,43250.0,45000.0,42107.142857142855,0,0,0
II,Bali,2022-04-01,41650.0,43250.0,41628.57142857143,0,0,0
I,Semua Provinsi,2022-04-01,63900.0,41650.0,45042.857142857145,0,0,0
I,Semua Provinsi,2022-04-04,66800.0,63900.0,48871.42857142857,0,0,0
II,Bali,2022-04-04,40400.0,66800.0,48928.57142857143,0,0,0
1,Kota Denpasar,2022-04-04,43250.0,40400.0,49178.57142857143,0,0,0
a,Pasar Badung,2022-04-04,45000.0,43250.0,49178.57142857143,0,0,0
b,Pasar Kreneng,2022-04-04,41500.0,45000.0,48928.57142857143,0,0,0
2,Kota Singaraja,2022-04-04,37500.0,41500.0,48335.71428571428,0,0,0
a,Pasar Anyar,2022-04-04,38000.0,37500.0,44635.71428571428,0,0,0
b,Pasar Banyuasri,2022-04-04,37000.0,38000.0,40378.57142857143,0,0,0
a,Pasar Anyar,2022-04-05,40000.0,37000.0,40321.42857142857,0,0,0
2,Kota Singaraja,2022-04-05,41000.0,40000.0,40000.0,0,0,0
b,Pasar Kreneng,2022-04-05,46000.0,41000.0,40142.857142857145,0,0,0
b,Pasar Banyuasri,2022-04-05,42000.0,46000.0,40214.28571428572,0,0,0
1,Kota Denpasar,2022-04-05,44250.0,42000.0,41178.57142857143,0,0,0
II,Bali,2022-04-05,42650.0,44250.0,41842.857142857145,0,0,0
I,Semua Provinsi,2022-04-05,68800.0,42650.0,46385.71428571428,0,0,0
a,Pasar Badung,2022-04-05,42500.0,68800.0,46742.857142857145,0,0,0
I,Semua Provinsi,2022-04-06,67100.0,42500.0,50471.42857142857,0,0,0
II,Bali,2022-04-06,41400.0,67100.0,49814.28571428572,0,0,0
1,Kota Denpasar,2022-04-06,44250.0,41400.0,50135.71428571428,0,0,0
a,Pasar Badung,2022-04-06,42500.0,44250.0,49885.71428571428,0,0,0
b,Pasar Kreneng,2022-04-06,46000.0,42500.0,50364.28571428572,0,0,0
2,Kota Singaraja,2022-04-06,38500.0,46000.0,46035.71428571428,0,0,0
a,Pasar Anyar,2022-04-06,40000.0,38500.0,45678.57142857143,0,0,0
b,Pasar Banyuasri,2022-04-06,37000.0,40000.0,41378.57142857143,0,0,0
a,Pasar Anyar,2022-04-07,38000.0,37000.0,40892.857142857145,0,0,0
2,Kota Singaraja,2022-04-07,37500.0,38000.0,39928.57142857143,0,0,0
b,Pasar Kreneng,2022-04-07,42500.0,37500.0,39928.57142857143,0,0,0
b,Pasar Banyuasri,2022-04-07,37000.0,42500.0,38642.857142857145,0,0,0
1,Kota Denpasar,2022-04-07,42500.0,37000.0,39214.28571428572,0,0,0
II,Bali,2022-04-07,40000.0,42500.0,39214.28571428572,0,0,0
I,Semua Provinsi,2022-04-07,64250.0,40000.0,43107.142857142855,0,0,0
a,Pasar Badung,2022-04-07,42500.0,64250.0,43750.0,0,0,0
a,Pasar Anyar,2022-04-08,32000.0,42500.0,42964.28571428572,0,0,0
2,Kota Singaraja,2022-04-08,31000.0,32000.0,41321.42857142857,0,0,0
b,Pasar Kreneng,2022-04-08,42500.0,31000.0,42107.142857142855,0,0,0
b,Pasar Banyuasri,2022-04-08,30000.0,42500.0,40321.42857142857,0,0,0
1,Kota Denpasar,2022-04-08,42500.0,30000.0,40678.57142857143,0,0,0
II,Bali,2022-04-08,36750.0,42500.0,36750.0,0,0,0
I,Semua Provinsi,2022-04-08,61900.0,36750.0,39521.42857142857,0,0,0
a,Pasar Badung,2022-04-08,42500.0,61900.0,41021.42857142857,0,0,0
I,Semua Provinsi,2022-04-11,57200.0,42500.0,44764.28571428572,0,0,0
II,Bali,2022-04-11,33150.0,57200.0,43428.57142857143,0,0,0
1,Kota Denpasar,2022-04-11,41250.0,33150.0,45035.71428571428,0,0,0
a,Pasar Badung,2022-04-11,40000.0,41250.0,44678.57142857143,0,0,0
b,Pasar Kreneng,2022-04-11,42500.0,40000.0,45500.0,0,0,0
2,Kota Singaraja,2022-04-11,25000.0,42500.0,40228.57142857143,0,0,0
a,Pasar Anyar,2022-04-11,25000.0,25000.0,37728.57142857143,0,0,0
b,Pasar Banyuasri,2022-04-11,25000.0,25000.0,33128.57142857143,0,0,0
a,Pasar Anyar,2022-04-12,25000.0,25000.0,31964.285714285714,0,0,0
b,Pasar Banyuasri,2022-04-12,25000.0,25000.0,29642.85714285714,0,0,0
2,Kota Singaraja,2022-04-12,25000.0,25000.0,27500.0,0,0,0
b,Pasar Kreneng,2022-04-12,25500.0,25000.0,25071.428571428572,0,0,0
a,Pasar Badung,2022-04-12,25000.0,25500.0,25071.428571428572,0,0,0
1,Kota Denpasar,2022-04-12,25250.0,25000.0,25107.14285714286,0,0,0
II,Bali,2022-04-12,25150.0,25250.0,25128.571428571428,0,0,0
I,Semua Provinsi,2022-04-12,54350.0,25150.0,29321.428571428572,0,0,0
I,Semua Provinsi,2022-04-13,52450.0,54350.0,33242.857142857145,0,0,0
II,Bali,2022-04-13,24900.0,52450.0,33228.57142857143,0,0,0
1,Kota Denpasar,2022-04-13,25250.0,24900.0,33192.857142857145,0,0,0
a,Pasar Badung,2022-04-13,25000.0,25250.0,33192.857142857145,0,0,0
b,Pasar Kreneng,2022-04-13,25500.0,25000.0,33228.57142857143,0,0,0
2,Kota Singaraja,2022-04-13,24500.0,25500.0,33135.71428571428,0,0,0
a,Pasar Anyar,2022-04-13,25000.0,24500.0,28942.85714285714,0,0,0
b,Pasar Banyuasri,2022-04-13,24000.0,25000.0,24878.571428571428,0,0,0
b,Pasar Banyuasri,2022-04-14,24000.0,24000.0,24750.0,0,0,0
a,Pasar Anyar,2022-04-14,24000.0,24000.0,24571.428571428572,0,0,0
2,Kota Singaraja,2022-04-14,24000.0,24000.0,24428.571428571428,0,0,0
b,Pasar Kreneng,2022-04-14,25500.0,24000.0,24428.571428571428,0,0,0
II,Bali,2022-04-14,24650.0,25500.0,24450.0,0,0,0
I,Semua Provinsi,2022-04-14,49950.0,24650.0,28014.285714285714,0,0,0
a,Pasar Badung,2022-04-14,25000.0,49950.0,28157.14285714286,0,0,0
1,Kota Denpasar,2022-04-14,25250.0,25000.0,28335.714285714286,0,0,0
I,Semua Provinsi,2022-04-15,66800.0,25250.0,34450.0,0,0,0
b,Pasar Banyuasri,2022-04-18,25000.0,66800.0,34592.857142857145,0,0,0
I,Semua Provinsi,2022-04-18,48800.0,25000.0,37921.42857142857,0,0,0
II,Bali,2022-04-18,24000.0,48800.0,37828.57142857143,0,0,0
1,Kota Denpasar,2022-04-18,24500.0,24000.0,34192.857142857145,0,0,0
a,Pasar Badung,2022-04-18,25000.0,24500.0,34192.857142857145,0,0,0
b,Pasar Kreneng,2022-04-18,24000.0,25000.0,34014.28571428572,0,0,0
2,Kota Singaraja,2022-04-18,23500.0,24000.0,27828.571428571428,0,0,0
a,Pasar Anyar,2022-04-18,22000.0,23500.0,27400.0,0,0,0
a,Pasar Anyar,2022-04-19,24000.0,22000.0,23857.14285714286,0,0,0
b,Pasar Banyuasri,2022-04-19,25000.0,24000.0,24000.0,0,0,0
2,Kota Singaraja,2022-04-19,24500.0,25000.0,24000.0,0,0,0
b,Pasar Kreneng,2022-04-19,25500.0,24500.0,24071.428571428572,0,0,0
1,Kota Denpasar,2022-04-19,25250.0,25500.0,24250.0,0,0,0
II,Bali,2022-04-19,24900.0,25250.0,24450.0,0,0,0
I,Semua Provinsi,2022-04-19,48800.0,24900.0,28278.571428571428,0,0,0
a,Pasar Badung,2022-04-19,25000.0,48800.0,28421.428571428572,0,0,0
I,Semua Provinsi,2022-04-20,48350.0,25000.0,31757.14285714286,0,0,0
II,Bali,2022-04-20,24750.0,48350.0,31792.85714285714,0,0,0
1,Kota Denpasar,2022-04-20,26000.0,24750.0,31864.285714285714,0,0,0
a,Pasar Badung,2022-04-20,25000.0,26000.0,31828.571428571428,0,0,0
b,Pasar Kreneng,2022-04-20,27000.0,25000.0,32128.571428571428,0,0,0
2,Kota Singaraja,2022-04-20,23500.0,27000.0,28514.285714285714,0,0,0
a,Pasar Anyar,2022-04-20,22000.0,23500.0,28085.714285714286,0,0,0
b,Pasar Banyuasri,2022-04-20,25000.0,22000.0,24750.0,0,0,0
a,Pasar Badung,2022-04-21,25000.0,25000.0,24785.714285714286,0,0,0
b,Pasar Banyuasri,2022-04-21,22000.0,25000.0,24214.285714285714,0,0,0
a,Pasar Anyar,2022-04-21,22000.0,22000.0,23785.714285714286,0,0,0
2,Kota Singaraja,2022-04-21,22000.0,22000.0,23071.428571428572,0,0,0
1,Kota Denpasar,2022-04-21,26000.0,22000.0,23428.571428571428,0,0,0
II,Bali,2022-04-21,24000.0,26000.0,23714.285714285714,0,0,0
I,Semua Provinsi,2022-04-21,47950.0,24000.0,26992.85714285714,0,0,0
b,Pasar Kreneng,2022-04-21,27000.0,47950.0,27278.571428571428,0,0,0
a,Pasar Anyar,2022-04-22,20000.0,27000.0,26992.85714285714,0,0,0
I,Semua Provinsi,2022-04-22,47000.0,20000.0,30564.285714285714,0,0,0
II,Bali,2022-04-22,23500.0,47000.0,30778.571428571428,0,0,0
1,Kota Denpasar,2022-04-22,26000.0,23500.0,30778.571428571428,0,0,0
a,Pasar Badung,2022-04-22,25000.0,26000.0,30921.428571428572,0,0,0
b,Pasar Kreneng,2022-04-22,27000.0,25000.0,27928.571428571428,0,0,0
2,Kota Singaraja,2022-04-22,21000.0,27000.0,27071.428571428572,0,0,0
b,Pasar Banyuasri,2022-04-22,22000.0,21000.0,27357.14285714286,0,0,0
a,Pasar Anyar,2022-04-25,20000.0,22000.0,23500.0,0,0,0
b,Pasar Banyuasri,2022-04-25,22000.0,20000.0,23285.714285714286,0,0,0
2,Kota Singaraja,2022-04-25,21000.0,22000.0,22571.428571428572,0,0,0
b,Pasar Kreneng,2022-04-25,27000.0,21000.0,22857.14285714286,0,0,0
1,Kota Denpasar,2022-04-25,26000.0,27000.0,22714.285714285714,0,0,0
II,Bali,2022-04-25,23500.0,26000.0,23071.428571428572,0,0,0
I,Semua Provinsi,2022-04-25,46900.0,23500.0,26628.571428571428,0,0,0
a,Pasar Badung,2022-04-25,25000.0,46900.0,27342.85714285714,0,0,0
b,Pasar Banyuasri,2022-04-26,25000.0,25000.0,27771.428571428572,0,0,0
a,Pasar Anyar,2022-04-26,22000.0,25000.0,27914.285714285714,0,0,0
2,Kota Singaraja,2022-04-26,23500.0,22000.0,27414.285714285714,0,0,0
b,Pasar Kreneng,2022-04-26,21000.0,23500.0,26700.0,0,0,0
II,Bali,2022-04-26,23250.0,21000.0,26664.285714285714,0,0,0
1,Kota Denpasar,2022-04-26,23000.0,23250.0,23250.0,0,0,0
I,Semua Provinsi,2022-04-26,47100.0,23000.0,26407.14285714286,0,0,0
a,Pasar Badung,2022-04-26,25000.0,47100.0,26407.14285714286,0,0,0
I,Semua Provinsi,2022-04-27,47750.0,25000.0,30085.714285714286,0,0,0
II,Bali,2022-04-27,24000.0,47750.0,30157.14285714286,0,0,0
1,Kota Denpasar,2022-04-27,23000.0,24000.0,30442.85714285714,0,0,0
a,Pasar Badung,2022-04-27,25000.0,23000.0,30692.85714285714,0,0,0
b,Pasar Kreneng,2022-04-27,21000.0,25000.0,30407.14285714286,0,0,0
2,Kota Singaraja,2022-04-27,25000.0,21000.0,27250.0,0,0,0
a,Pasar Anyar,2022-04-27,25000.0,25000.0,27250.0,0,0,0
b,Pasar Banyuasri,2022-04-27,25000.0,25000.0,24000.0,0,0,0
b,Pasar Banyuasri,2022-04-28,25000.0,25000.0,24142.85714285714,0,0,0
a,Pasar Anyar,2022-04-28,25000.0,25000.0,24428.571428571428,0,0,0
2,Kota Singaraja,2022-04-28,25000.0,25000.0,24428.571428571428,0,0,0
b,Pasar Kreneng,2022-04-28,21000.0,25000.0,24428.571428571428,0,0,0
II,Bali,2022-04-28,24000.0,21000.0,24285.714285714286,0,0,0
1,Kota Denpasar,2022-04-28,23000.0,24000.0,24000.0,0,0,0
I,Semua Provinsi,2022-04-28,48250.0,23000.0,27321.428571428572,0,0,0
a,Pasar Badung,2022-04-28,25000.0,48250.0,27321.428571428572,0,0,0
I,Semua Provinsi,2022-04-29,85000.0,25000.0,35892.857142857145,0,0,0
I,Semua Provinsi,2022-05-04,77500.0,85000.0,43392.857142857145,0,0,0
I,Semua Provinsi,2022-05-05,102500.0,77500.0,55035.71428571428,0,0,0
I,Semua Provinsi,2022-05-06,105000.0,102500.0,66607.14285714286,0,0,0
b,Pasar Banyuasri,2022-05-09,22000.0,105000.0,66464.28571428571,0,0,0
a,Pasar Anyar,2022-05-09,24000.0,22000.0,63000.0,0,0,0
b,Pasar Kreneng,2022-05-09,21000.0,24000.0,62428.57142857143,0,0,0
2,Kota Singaraja,2022-05-09,23000.0,21000.0,53571.42857142857,0,0,0
1,Kota Denpasar,2022-05-09,23000.0,23000.0,45785.71428571428,0,0,0
II,Bali,2022-05-09,23000.0,23000.0,34428.57142857143,0,0,0
I,Semua Provinsi,2022-05-09,47550.0,23000.0,26221.428571428572,0,0,0
a,Pasar Badung,2022-05-09,25000.0,47550.0,26650.0,0,0,0
I,Semua Provinsi,2022-05-10,47550.0,25000.0,30014.285714285714,0,0,0
II,Bali,2022-05-10,22500.0,47550.0,30228.571428571428,0,0,0
1,Kota Denpasar,2022-05-10,23000.0,22500.0,30228.571428571428,0,0,0
a,Pasar Badung,2022-05-10,25000.0,23000.0,30514.285714285714,0,0,0
b,Pasar Kreneng,2022-05-10,21000.0,25000.0,30228.571428571428,0,0,0
2,Kota Singaraja,2022-05-10,22000.0,21000.0,26578.571428571428,0,0,0
a,Pasar Anyar,2022-05-10,22000.0,22000.0,26150.0,0,0,0
b,Pasar Banyuasri,2022-05-10,22000.0,22000.0,22500.0,0,0,0
b,Pasar Banyuasri,2022-05-11,22000.0,22000.0,22428.571428571428,0,0,0
a,Pasar Anyar,2022-05-11,24000.0,22000.0,22571.428571428572,0,0,0
2,Kota Singaraja,2022-05-11,23000.0,24000.0,22285.714285714286,0,0,0
b,Pasar Kreneng,2022-05-11,21000.0,23000.0,22285.714285714286,0,0,0
a,Pasar Badung,2022-05-11,25000.0,21000.0,22714.285714285714,0,0,0
II,Bali,2022-05-11,23000.0,25000.0,22857.14285714286,0,0,0
I,Semua Provinsi,2022-05-11,47100.0,23000.0,26442.85714285714,0,0,0
1,Kota Denpasar,2022-05-11,23000.0,47100.0,26585.714285714286,0,0,0
I,Semua Provinsi,2022-05-12,46850.0,23000.0,29850.0,0,0,0
II,Bali,2022-05-12,22500.0,46850.0,29778.571428571428,0,0,0
1,Kota Denpasar,2022-05-12,23000.0,22500.0,30064.285714285714,0,0,0
a,Pasar Badung,2022-05-12,25000.0,23000.0,30064.285714285714,0,0,0
b,Pasar Kreneng,2022-05-12,21000.0,25000.0,29778.571428571428,0,0,0
2,Kota Singaraja,2022-05-12,22000.0,21000.0,26192.85714285714,0,0,0
a,Pasar Anyar,2022-05-12,22000.0,22000.0,26050.0,0,0,0
b,Pasar Banyuasri,2022-05-12,22000.0,22000.0,22500.0,0,0,0
a,Pasar Anyar,2022-05-13,24000.0,22000.0,22714.285714285714,0,0,0
b,Pasar Banyuasri,2022-05-13,22000.0,24000.0,22571.428571428572,0,0,0
b,Pasar Kreneng,2022-05-13,25000.0,22000.0,22571.428571428572,0,0,0
2,Kota Singaraja,2022-05-13,23000.0,25000.0,22857.14285714286,0,0,0
1,Kota Denpasar,2022-05-13,28750.0,23000.0,23821.428571428572,0,0,0
II,Bali,2022-05-13,25900.0,28750.0,24378.571428571428,0,0,0
I,Semua Provinsi,2022-05-13,45150.0,25900.0,27685.714285714286,0,0,0
a,Pasar Badung,2022-05-13,32500.0,45150.0,28900.0,0,0,0
I,Semua Provinsi,2022-05-16,78750.0,32500.0,37007.142857142855,0,0,0
b,Pasar Banyuasri,2022-05-17,35000.0,78750.0,38435.71428571428,0,0,0
2,Kota Singaraja,2022-05-17,29750.0,35000.0,39400.0,0,0,0
a,Pasar Anyar,2022-05-17,24500.0,29750.0,38792.857142857145,0,0,0
b,Pasar Kreneng,2022-05-17,26500.0,24500.0,38878.57142857143,0,0,0
I,Semua Provinsi,2022-05-17,46400.0,26500.0,39057.142857142855,0,0,0
1,Kota Denpasar,2022-05-17,29500.0,46400.0,38628.57142857143,0,0,0
a,Pasar Badung,2022-05-17,32500.0,29500.0,32021.428571428572,0,0,0
II,Bali,2022-05-17,29650.0,32500.0,31257.14285714286,0,0,0
I,Semua Provinsi,2022-05-18,47950.0,29650.0,33857.142857142855,0,0,0
II,Bali,2022-05-18,29750.0,47950.0,34607.142857142855,0,0,0
1,Kota Denpasar,2022-05-18,29500.0,29750.0,35035.71428571428,0,0,0
a,Pasar Badung,2022-05-18,32500.0,29500.0,33050.0,0,0,0
b,Pasar Kreneng,2022-05-18,26500.0,32500.0,32621.428571428572,0,0,0
2,Kota Singaraja,2022-05-18,30000.0,26500.0,32264.285714285714,0,0,0
a,Pasar Anyar,2022-05-18,25000.0,30000.0,31600.0,0,0,0
b,Pasar Banyuasri,2022-05-18,35000.0,25000.0,29750.0,0,0,0
b,Pasar Banyuasri,2022-05-19,40000.0,35000.0,31214.285714285714,0,0,0
a,Pasar Anyar,2022-05-19,38000.0,40000.0,32428.571428571428,0,0,0
2,Kota Singaraja,2022-05-19,39000.0,38000.0,33357.142857142855,0,0,0
b,Pasar Kreneng,2022-05-19,33000.0,39000.0,34285.71428571428,0,0,0
1,Kota Denpasar,2022-05-19,32750.0,33000.0,34678.57142857143,0,0,0
II,Bali,2022-05-19,35900.0,32750.0,36235.71428571428,0,0,0
I,Semua Provinsi,2022-05-19,49500.0,35900.0,38307.142857142855,0,0,0
a,Pasar Badung,2022-05-19,32500.0,49500.0,37235.71428571428,0,0,0
I,Semua Provinsi,2022-05-20,50500.0,32500.0,39021.42857142857,0,0,0
II,Bali,2022-05-20,38750.0,50500.0,38985.71428571428,0,0,0
1,Kota Denpasar,2022-05-20,36500.0,38750.0,39485.71428571428,0,0,0
a,Pasar Badung,2022-05-20,40000.0,36500.0,40521.42857142857,0,0,0
b,Pasar Kreneng,2022-05-20,33000.0,40000.0,40107.142857142855,0,0,0
2,Kota Singaraja,2022-05-20,41000.0,33000.0,38892.857142857145,0,0,0
a,Pasar Anyar,2022-05-20,42000.0,41000.0,40250.0,0,0,0
b,Pasar Banyuasri,2022-05-20,40000.0,42000.0,38750.0,0,0,0
a,Pasar Anyar,2022-05-23,40000.0,40000.0,38928.57142857143,0,0,0
b,Pasar Banyuasri,2022-05-23,35000.0,40000.0,38714.28571428572,0,0,0
2,Kota Singaraja,2022-05-23,37500.0,35000.0,38357.142857142855,0,0,0
b,Pasar Kreneng,2022-05-23,33000.0,37500.0,38357.142857142855,0,0,0
1,Kota Denpasar,2022-05-23,36500.0,33000.0,37714.28571428572,0,0,0
II,Bali,2022-05-23,37000.0,36500.0,37000.0,0,0,0
I,Semua Provinsi,2022-05-23,52750.0,37000.0,38821.42857142857,0,0,0
a,Pasar Badung,2022-05-23,40000.0,52750.0,38821.42857142857,0,0,0
I,Semua Provinsi,2022-05-24,53500.0,40000.0,41464.28571428572,0,0,0
II,Bali,2022-05-24,42650.0,53500.0,42200.0,0,0,0
1,Kota Denpasar,2022-05-24,45000.0,42650.0,43914.28571428572,0,0,0
a,Pasar Badung,2022-05-24,50000.0,45000.0,45842.857142857145,0,0,0
b,Pasar Kreneng,2022-05-24,40000.0,50000.0,46271.42857142857,0,0,0
2,Kota Singaraja,2022-05-24,40250.0,40000.0,44485.71428571428,0,0,0
a,Pasar Anyar,2022-05-24,40500.0,40250.0,44557.142857142855,0,0,0
b,Pasar Banyuasri,2022-05-24,40000.0,40500.0,42628.57142857143,0,0,0
a,Pasar Badung,2022-05-25,50000.0,40000.0,43678.57142857143,0,0,0
b,Pasar Banyuasri,2022-05-25,40000.0,50000.0,42964.28571428572,0,0,0
a,Pasar Anyar,2022-05-25,50000.0,40000.0,42964.28571428572,0,0,0
2,Kota Singaraja,2022-05-25,45000.0,50000.0,43678.57142857143,0,0,0
1,Kota Denpasar,2022-05-25,45000.0,45000.0,44357.142857142855,0,0,0
II,Bali,2022-05-25,45000.0,45000.0,45000.0,0,0,0
I,Semua Provinsi,2022-05-25,54850.0,45000.0,47121.42857142857,0,0,0
b,Pasar Kreneng,2022-05-25,40000.0,54850.0,45692.857142857145,0,0,0
b,Pasar Banyuasri,2022-05-27,45000.0,40000.0,46407.142857142855,0,0,0
I,Semua Provinsi,2022-05-27,58050.0,45000.0,47557.142857142855,0,0,0
II,Bali,2022-05-27,46250.0,58050.0,47735.71428571428,0,0,0
1,Kota Denpasar,2022-05-27,47500.0,46250.0,48092.857142857145,0,0,0
a,Pasar Badung,2022-05-27,55000.0,47500.0,49521.42857142857,0,0,0
b,Pasar Kreneng,2022-05-27,40000.0,55000.0,47400.0,0,0,0
2,Kota Singaraja,2022-05-27,45000.0,40000.0,48114.28571428572,0,0,0
a,Pasar Anyar,2022-05-27,45000.0,45000.0,48114.28571428572,0,0,0
2,Kota Singaraja,2022-05-30,49000.0,45000.0,46821.42857142857,0,0,0
b,Pasar Kreneng,2022-05-30,40000.0,49000.0,45928.57142857143,0,0,0
a,Pasar Anyar,2022-05-30,48000.0,40000.0,46000.0,0,0,0
b,Pasar Banyuasri,2022-05-30,50000.0,48000.0,45285.71428571428,0,0,0
a,Pasar Badung,2022-05-30,50000.0,50000.0,46714.28571428572,0,0,0
II,Bali,2022-05-30,47000.0,50000.0,47000.0,0,0,0
1,Kota Denpasar,2022-05-30,45000.0,47000.0,47000.0,0,0,0
I,Semua Provinsi,2022-05-30,60850.0,45000.0,48692.857142857145,0,0,0
I,Semua Provinsi,2022-05-31,62450.0,60850.0,51900.0,0,0,0
II,Bali,2022-05-31,52500.0,62450.0,52542.857142857145,0,0,0
1,Kota Denpasar,2022-05-31,49500.0,52500.0,52471.42857142857,0,0,0
a,Pasar Badung,2022-05-31,50000.0,49500.0,52471.42857142857,0,0,0
b,Pasar Kreneng,2022-05-31,49000.0,50000.0,52757.142857142855,0,0,0
2,Kota Singaraja,2022-05-31,55500.0,49000.0,54257.142857142855,0,0,0
a,Pasar Anyar,2022-05-31,56000.0,55500.0,53564.28571428572,0,0,0
b,Pasar Banyuasri,2022-05-31,55000.0,56000.0,52500.0,0,0,0
2,Kota Singaraja,2022-06-02,57750.0,55000.0,53250.0,1,0,0
b,Pasar Banyuasri,2022-06-02,60000.0,57750.0,54750.0,1,0,0
a,Pasar Anyar,2022-06-02,55500.0,60000.0,55535.71428571428,1,0,0
b,Pasar Kreneng,2022-06-02,49000.0,55500.0,55535.71428571428,1,0,0
1,Kota Denpasar,2022-06-02,49500.0,49000.0,54678.57142857143,1,0,0
II,Bali,2022-06-02,53650.0,49500.0,54342.857142857145,1,0,0
I,Semua Provinsi,2022-06-02,65100.0,53650.0,55785.71428571428,1,0,0
a,Pasar Badung,2022-06-02,50000.0,65100.0,54678.57142857143,1,0,0
I,Semua Provinsi,2022-06-03,67400.0,50000.0,55735.71428571428,1,0,0
II,Bali,2022-06-03,71650.0,67400.0,58042.857142857145,1,0,0
1,Kota Denpasar,2022-06-03,64500.0,71650.0,60257.142857142855,1,0,0
a,Pasar Badung,2022-06-03,70000.0,64500.0,63185.71428571428,1,0,0
b,Pasar Kreneng,2022-06-03,59000.0,70000.0,63950.0,1,0,0
2,Kota Singaraja,2022-06-03,78750.0,59000.0,65900.0,1,0,0
a,Pasar Anyar,2022-06-03,80000.0,78750.0,70185.71428571429,1,0,0
b,Pasar Banyuasri,2022-06-03,77500.0,80000.0,71628.57142857143,1,0,0
b,Pasar Kreneng,2022-06-06,59000.0,77500.0,69821.42857142857,1,0,0
a,Pasar Anyar,2022-06-06,82500.0,59000.0,72392.85714285714,1,0,0
2,Kota Singaraja,2022-06-06,82500.0,82500.0,74178.57142857143,1,0,0
b,Pasar Banyuasri,2022-06-06,82500.0,82500.0,77535.71428571429,1,0,0
a,Pasar Badung,2022-06-06,70000.0,82500.0,76285.71428571429,1,0,0
II,Bali,2022-06-06,73500.0,70000.0,75357.14285714286,1,0,0
I,Semua Provinsi,2022-06-06,75600.0,73500.0,75085.71428571429,1,0,0
1,Kota Denpasar,2022-06-06,64500.0,75600.0,75871.42857142857,1,0,0
I,Semua Provinsi,2022-06-07,78050.0,64500.0,75235.71428571429,1,0,0
II,Bali,2022-06-07,73500.0,78050.0,73950.0,1,0,0
1,Kota Denpasar,2022-06-07,64500.0,73500.0,71378.57142857143,1,0,0
a,Pasar Badung,2022-06-07,70000.0,64500.0,71378.57142857143,1,0,0
b,Pasar Kreneng,2022-06-07,59000.0,70000.0,69307.14285714286,1,0,0
2,Kota Singaraja,2022-06-07,82500.0,59000.0,70292.85714285714,1,0,0
a,Pasar Anyar,2022-06-07,82500.0,82500.0,72864.28571428571,1,0,0
b,Pasar Banyuasri,2022-06-07,82500.0,82500.0,73500.0,1,0,0
b,Pasar Banyuasri,2022-06-08,82500.0,82500.0,74785.71428571429,0,1,0
a,Pasar Anyar,2022-06-08,82500.0,82500.0,77357.14285714286,0,1,0
2,Kota Singaraja,2022-06-08,82500.0,82500.0,79142.85714285714,0,1,0
b,Pasar Kreneng,2022-06-08,59000.0,82500.0,79142.85714285714,0,1,0
a,Pasar Badung,2022-06-08,70000.0,59000.0,77357.14285714286,0,1,0
II,Bali,2022-06-08,73500.0,70000.0,76071.42857142857,0,1,0
I,Semua Provinsi,2022-06-08,80350.0,73500.0,75764.28571428571,0,1,0
1,Kota Denpasar,2022-06-08,64500.0,80350.0,73192.85714285714,0,1,0
I,Semua Provinsi,2022-06-09,82100.0,64500.0,73135.71428571429,0,0,1
II,Bali,2022-06-09,73500.0,82100.0,71850.0,0,0,1
1,Kota Denpasar,2022-06-09,64500.0,73500.0,72635.71428571429,0,0,1
a,Pasar Badung,2022-06-09,70000.0,64500.0,72635.71428571429,0,0,1
b,Pasar Kreneng,2022-06-09,59000.0,70000.0,70564.28571428571,0,0,1
2,Kota Singaraja,2022-06-09,82500.0,59000.0,70871.42857142857,0,0,1
a,Pasar Anyar,2022-06-09,82500.0,82500.0,73442.85714285714,0,0,1
b,Pasar Banyuasri,2022-06-09,82500.0,82500.0,73500.0,0,0,1
2,Kota Singaraja,2022-06-10,80000.0,82500.0,74428.57142857143,0,0,1
a,Pasar Anyar,2022-06-10,85000.0,80000.0,77357.14285714286,0,0,1
b,Pasar Kreneng,2022-06-10,59000.0,85000.0,75785.71428571429,0,0,1
b,Pasar Banyuasri,2022-06-10,75000.0,59000.0,78071.42857142857,0,0,1
1,Kota Denpasar,2022-06-10,64500.0,75000.0,75500.0,0,0,1
II,Bali,2022-06-10,72250.0,64500.0,74035.71428571429,0,0,1
I,Semua Provinsi,2022-06-10,82950.0,72250.0,74100.0,0,0,1
a,Pasar Badung,2022-06-10,70000.0,82950.0,72671.42857142857,0,0,1
b,Pasar Banyuasri,2022-06-13,66000.0,70000.0,69957.14285714286,1,0,0
2,Kota Singaraja,2022-06-13,64000.0,66000.0,70671.42857142857,1,0,0
a,Pasar Anyar,2022-06-13,62000.0,64000.0,68814.28571428571,1,0,0
b,Pasar Kreneng,2022-06-13,84000.0,62000.0,71600.0,1,0,0
I,Semua Provinsi,2022-06-13,85800.0,84000.0,73535.71428571429,1,0,0
1,Kota Denpasar,2022-06-13,82000.0,85800.0,73400.0,1,0,0
II,Bali,2022-06-13,73000.0,82000.0,73828.57142857143,1,0,0
a,Pasar Badung,2022-06-13,80000.0,73000.0,75828.57142857143,1,0,0
I,Semua Provinsi,2022-06-14,87400.0,80000.0,79171.42857142857,1,0,0
II,Bali,2022-06-14,76000.0,87400.0,81171.42857142857,1,0,0
1,Kota Denpasar,2022-06-14,82000.0,76000.0,80885.71428571429,1,0,0
a,Pasar Badung,2022-06-14,80000.0,82000.0,80057.14285714286,1,0,0
b,Pasar Kreneng,2022-06-14,84000.0,80000.0,80342.85714285714,1,0,0
2,Kota Singaraja,2022-06-14,70000.0,84000.0,79914.28571428571,1,0,0
a,Pasar Anyar,2022-06-14,70000.0,70000.0,78485.71428571429,1,0,0
b,Pasar Banyuasri,2022-06-14,70000.0,70000.0,76000.0,1,0,0
b,Pasar Banyuasri,2022-06-15,80000.0,70000.0,76571.42857142857,1,0,0
a,Pasar Anyar,2022-06-15,80000.0,80000.0,76285.71428571429,1,0,0
2,Kota Singaraja,2022-06-15,80000.0,80000.0,76285.71428571429,1,0,0
b,Pasar Kreneng,2022-06-15,84000.0,80000.0,76285.71428571429,1,0,0
I,Semua Provinsi,2022-06-15,89000.0,84000.0,79000.0,1,0,0
1,Kota Denpasar,2022-06-15,82000.0,89000.0,80714.28571428571,1,0,0
II,Bali,2022-06-15,81000.0,82000.0,82285.71428571429,1,0,0
a,Pasar Badung,2022-06-15,80000.0,81000.0,82285.71428571429,1,0,0
2,Kota Singaraja,2022-06-16,80000.0,80000.0,82285.71428571429,1,0,0
b,Pasar Banyuasri,2022-06-16,80000.0,80000.0,82285.71428571429,1,0,0
a,Pasar Anyar,2022-06-16,80000.0,80000.0,81714.28571428571,1,0,0
b,Pasar Kreneng,2022-06-16,84000.0,80000.0,81000.0,1,0,0
I,Semua Provinsi,2022-06-16,89100.0,84000.0,82014.28571428571,1,0,0
1,Kota Denpasar,2022-06-16,87000.0,89100.0,82871.42857142857,1,0,0
II,Bali,2022-06-16,83500.0,87000.0,83371.42857142857,1,0,0
a,Pasar Badung,2022-06-16,90000.0,83500.0,84800.0,1,0,0
I,Semua Provinsi,2022-06-17,91100.0,90000.0,86385.71428571429,1,0,0
II,Bali,2022-06-17,78500.0,91100.0,86171.42857142857,1,0,0
1,Kota Denpasar,2022-06-17,87000.0,78500.0,86600.0,1,0,0
a,Pasar Badung,2022-06-17,90000.0,87000.0,86728.57142857143,1,0,0
b,Pasar Kreneng,2022-06-17,84000.0,90000.0,86300.0,1,0,0
2,Kota Singaraja,2022-06-17,70000.0,84000.0,84371.42857142857,1,0,0
a,Pasar Anyar,2022-06-17,70000.0,70000.0,81514.28571428571,1,0,0
b,Pasar Banyuasri,2022-06-17,70000.0,70000.0,78500.0,1,0,0
2,Kota Singaraja,2022-06-20,76250.0,70000.0,78178.57142857143,0,0,1
b,Pasar Banyuasri,2022-06-20,70000.0,76250.0,75750.0,0,0,1
a,Pasar Anyar,2022-06-20,82500.0,70000.0,74678.57142857143,0,0,1
b,Pasar Kreneng,2022-06-20,84000.0,82500.0,74678.57142857143,0,0,1
I,Semua Provinsi,2022-06-20,92350.0,84000.0,77871.42857142857,0,0,1
1,Kota Denpasar,2022-06-20,82000.0,92350.0,79585.71428571429,0,0,1
II,Bali,2022-06-20,79150.0,82000.0,80892.85714285714,0,0,1
a,Pasar Badung,2022-06-20,80000.0,79150.0,81428.57142857143,0,0,1
I,Semua Provinsi,2022-06-21,92900.0,80000.0,84700.0,0,0,1
II,Bali,2022-06-21,81650.0,92900.0,84578.57142857143,0,0,1
1,Kota Denpasar,2022-06-21,82000.0,81650.0,84292.85714285714,0,0,1
a,Pasar Badung,2022-06-21,80000.0,82000.0,82528.57142857143,0,0,1
b,Pasar Kreneng,2022-06-21,84000.0,80000.0,82814.28571428571,0,0,1
2,Kota Singaraja,2022-06-21,81250.0,84000.0,83114.28571428571,0,0,1
a,Pasar Anyar,2022-06-21,82500.0,81250.0,83471.42857142857,0,0,1
b,Pasar Banyuasri,2022-06-21,80000.0,82500.0,81628.57142857143,0,0,1
b,Pasar Banyuasri,2022-06-22,75000.0,80000.0,80678.57142857143,0,0,0
a,Pasar Anyar,2022-06-22,75000.0,75000.0,79678.57142857143,0,0,0
2,Kota Singaraja,2022-06-22,75000.0,75000.0,78964.28571428571,0,0,0
b,Pasar Kreneng,2022-06-22,84000.0,75000.0,78964.28571428571,0,0,0
1,Kota Denpasar,2022-06-22,82000.0,84000.0,79071.42857142857,0,0,0
II,Bali,2022-06-22,78500.0,82000.0,78500.0,0,0,0
I,Semua Provinsi,2022-06-22,93150.0,78500.0,80378.57142857143,0,0,0
a,Pasar Badung,2022-06-22,80000.0,93150.0,81092.85714285714,0,0,0
I,Semua Provinsi,2022-06-23,93250.0,80000.0,83700.0,0,0,0
II,Bali,2022-06-23,76900.0,93250.0,83971.42857142857,0,0,0
1,Kota Denpasar,2022-06-23,76250.0,76900.0,82864.28571428571,0,0,0
a,Pasar Badung,2022-06-23,80000.0,76250.0,82578.57142857143,0,0,0
b,Pasar Kreneng,2022-06-23,72500.0,80000.0,81721.42857142857,0,0,0
2,Kota Singaraja,2022-06-23,77500.0,72500.0,79485.71428571429,0,0,0
a,Pasar Anyar,2022-06-23,80000.0,77500.0,79485.71428571429,0,0,0
b,Pasar Banyuasri,2022-06-23,75000.0,80000.0,76878.57142857143,0,0,0
2,Kota Singaraja,2022-06-24,97500.0,75000.0,79821.42857142857,0,0,0
b,Pasar Banyuasri,2022-06-24,100000.0,97500.0,83214.28571428571,0,0,0
a,Pasar Anyar,2022-06-24,95000.0,100000.0,85357.14285714286,0,0,0
b,Pasar Kreneng,2022-06-24,72500.0,95000.0,85357.14285714286,0,0,0
I,Semua Provinsi,2022-06-24,93550.0,72500.0,87650.0,0,0,0
1,Kota Denpasar,2022-06-24,76250.0,93550.0,87114.28571428571,0,0,0
a,Pasar Badung,2022-06-24,80000.0,76250.0,87828.57142857143,0,0,0
II,Bali,2022-06-24,86900.0,80000.0,86314.28571428571,0,0,0
I,Semua Provinsi,2022-06-27,94750.0,86900.0,85564.28571428571,0,0,0
II,Bali,2022-06-27,78150.0,94750.0,83157.14285714286,0,0,0
1,Kota Denpasar,2022-06-27,76250.0,78150.0,83692.85714285714,0,0,0
a,Pasar Badung,2022-06-27,80000.0,76250.0,81757.14285714286,0,0,0
b,Pasar Kreneng,2022-06-27,72500.0,80000.0,81221.42857142857,0,0,0
2,Kota Singaraja,2022-06-27,80000.0,72500.0,81221.42857142857,0,0,0
a,Pasar Anyar,2022-06-27,80000.0,80000.0,80235.71428571429,0,0,0
b,Pasar Banyuasri,2022-06-27,80000.0,80000.0,78128.57142857143,0,0,0
b,Pasar Kreneng,2022-06-28,72500.0,80000.0,77321.42857142857,0,0,0
b,Pasar Banyuasri,2022-06-28,80000.0,72500.0,77857.14285714286,0,0,0
a,Pasar Anyar,2022-06-28,85000.0,80000.0,78571.42857142857,0,0,0
2,Kota Singaraja,2022-06-28,82500.0,85000.0,80000.0,0,0,0
a,Pasar Badung,2022-06-28,90000.0,82500.0,81428.57142857143,0,0,0
1,Kota Denpasar,2022-06-28,81250.0,90000.0,81607.14285714286,0,0,0
II,Bali,2022-06-28,81900.0,81250.0,81878.57142857143,0,0,0
I,Semua Provinsi,2022-06-28,95400.0,81900.0,85150.0,0,0,0
I,Semua Provinsi,2022-06-29,95400.0,95400.0,87350.0,0,0,0
II,Bali,2022-06-29,83150.0,95400.0,87085.71428571429,0,0,0
1,Kota Denpasar,2022-06-29,81250.0,83150.0,86907.14285714286,0,0,0
a,Pasar Badung,2022-06-29,90000.0,81250.0,86907.14285714286,0,0,0
b,Pasar Kreneng,2022-06-29,72500.0,90000.0,85657.14285714286,0,0,0
2,Kota Singaraja,2022-06-29,85000.0,72500.0,86100.0,0,0,0
a,Pasar Anyar,2022-06-29,90000.0,85000.0,85328.57142857143,0,0,0
b,Pasar Banyuasri,2022-06-29,80000.0,90000.0,83128.57142857143,0,0,0
a,Pasar Anyar,2022-06-30,82500.0,80000.0,83035.71428571429,0,0,0
2,Kota Singaraja,2022-06-30,81250.0,82500.0,83035.71428571429,0,0,0
b,Pasar Banyuasri,2022-06-30,80000.0,81250.0,81607.14285714286,0,0,0
b,Pasar Kreneng,2022-06-30,77500.0,80000.0,82321.42857142857,0,0,0
1,Kota Denpasar,2022-06-30,83750.0,77500.0,82142.85714285714,0,0,0
II,Bali,2022-06-30,82500.0,83750.0,81071.42857142857,0,0,0
I,Semua Provinsi,2022-06-30,95300.0,82500.0,83257.14285714286,0,0,0
a,Pasar Badung,2022-06-30,90000.0,95300.0,84328.57142857143,0,0,0
I,Semua Provinsi,2022-07-01,94800.0,90000.0,86264.28571428571,0,0,0
II,Bali,2022-07-01,77150.0,94800.0,85857.14285714286,0,0,0
1,Kota Denpasar,2022-07-01,78750.0,77150.0,86035.71428571429,0,0,0
a,Pasar Badung,2022-07-01,80000.0,78750.0,85500.0,0,0,0
b,Pasar Kreneng,2022-07-01,77500.0,80000.0,84785.71428571429,0,0,0
2,Kota Singaraja,2022-07-01,75500.0,77500.0,81957.14285714286,0,0,0
a,Pasar Anyar,2022-07-01,75000.0,75500.0,79814.28571428571,0,0,0
b,Pasar Banyuasri,2022-07-01,76000.0,75000.0,77128.57142857143,0,0,0
b,Pasar Banyuasri,2022-07-04,88000.0,76000.0,78678.57142857143,0,0,0
a,Pasar Anyar,2022-07-04,90000.0,88000.0,80285.71428571429,0,0,0
2,Kota Singaraja,2022-07-04,89000.0,90000.0,81571.42857142857,0,0,0
b,Pasar Kreneng,2022-07-04,77500.0,89000.0,81571.42857142857,0,0,0
a,Pasar Badung,2022-07-04,80000.0,77500.0,82214.28571428571,0,0,0
II,Bali,2022-07-04,83900.0,80000.0,83485.71428571429,0,0,0
I,Semua Provinsi,2022-07-04,96400.0,83900.0,86400.0,0,0,0
1,Kota Denpasar,2022-07-04,78750.0,96400.0,85078.57142857143,0,0,0
I,Semua Provinsi,2022-07-05,97100.0,78750.0,86092.85714285714,0,0,0
II,Bali,2022-07-05,88250.0,97100.0,85985.71428571429,0,0,0
1,Kota Denpasar,2022-07-05,87500.0,88250.0,87414.28571428571,0,0,0
a,Pasar Badung,2022-07-05,90000.0,87500.0,88842.85714285714,0,0,0
b,Pasar Kreneng,2022-07-05,85000.0,90000.0,89000.0,0,0,0
2,Kota Singaraja,2022-07-05,89000.0,85000.0,87942.85714285714,0,0,0
a,Pasar Anyar,2022-07-05,90000.0,89000.0,89550.0,0,0,0
b,Pasar Banyuasri,2022-07-05,88000.0,90000.0,88250.0,0,0,0
b,Pasar Banyuasri,2022-07-06,88000.0,88000.0,88214.28571428571,0,0,0
a,Pasar Anyar,2022-07-06,90000.0,88000.0,88571.42857142857,0,0,0
2,Kota Singaraja,2022-07-06,89000.0,90000.0,88428.57142857143,0,0,0
b,Pasar Kreneng,2022-07-06,85000.0,89000.0,88428.57142857143,0,0,0
1,Kota Denpasar,2022-07-06,87500.0,85000.0,88214.28571428571,0,0,0
II,Bali,2022-07-06,88250.0,87500.0,87964.28571428571,0,0,0
I,Semua Provinsi,2022-07-06,97250.0,88250.0,89285.71428571429,0,0,0
a,Pasar Badung,2022-07-06,90000.0,97250.0,89571.42857142857,0,0,0
I,Semua Provinsi,2022-07-07,95950.0,90000.0,90421.42857142857,0,0,0
II,Bali,2022-07-07,87000.0,95950.0,90135.71428571429,0,0,0
1,Kota Denpasar,2022-07-07,87500.0,87000.0,90492.85714285714,0,0,0
a,Pasar Badung,2022-07-07,90000.0,87500.0,90850.0,0,0,0
b,Pasar Kreneng,2022-07-07,85000.0,90000.0,90385.71428571429,0,0,0
2,Kota Singaraja,2022-07-07,86500.0,85000.0,88850.0,0,0,0
a,Pasar Anyar,2022-07-07,85000.0,86500.0,88135.71428571429,0,0,0
b,Pasar Banyuasri,2022-07-07,88000.0,85000.0,87000.0,0,0,0
b,Pasar Banyuasri,2022-07-08,80000.0,88000.0,86000.0,0,0,0
a,Pasar Anyar,2022-07-08,85000.0,80000.0,85642.85714285714,0,0,0
2,Kota Singaraja,2022-07-08,82500.0,85000.0,84571.42857142857,0,0,0
b,Pasar Kreneng,2022-07-08,85000.0,82500.0,84571.42857142857,0,0,0
1,Kota Denpasar,2022-07-08,87500.0,85000.0,84714.28571428571,0,0,0
II,Bali,2022-07-08,85000.0,87500.0,84714.28571428571,0,0,0
I,Semua Provinsi,2022-07-08,95800.0,85000.0,85828.57142857143,0,0,0
a,Pasar Badung,2022-07-08,90000.0,95800.0,87257.14285714286,0,0,0
I,Semua Provinsi,2022-07-11,102000.0,90000.0,89685.71428571429,0,0,0
II,Bali,2022-07-11,81250.0,102000.0,89507.14285714286,0,0,0
1,Kota Denpasar,2022-07-11,87500.0,81250.0,89864.28571428571,0,0,0
a,Pasar Badung,2022-07-11,90000.0,87500.0,90221.42857142857,0,0,0
b,Pasar Kreneng,2022-07-11,85000.0,90000.0,90221.42857142857,0,0,0
2,Kota Singaraja,2022-07-11,75000.0,85000.0,87250.0,0,0,0
a,Pasar Anyar,2022-07-11,75000.0,75000.0,85107.14285714286,0,0,0
b,Pasar Banyuasri,2022-07-11,75000.0,75000.0,81250.0,0,0,0
2,Kota Singaraja,2022-07-12,78750.0,75000.0,80892.85714285714,0,0,0
b,Pasar Banyuasri,2022-07-12,75000.0,78750.0,79107.14285714286,0,0,0
a,Pasar Anyar,2022-07-12,82500.0,75000.0,78035.71428571429,0,0,0
b,Pasar Kreneng,2022-07-12,85000.0,82500.0,78035.71428571429,0,0,0
a,Pasar Badung,2022-07-12,90000.0,85000.0,80178.57142857143,0,0,0
1,Kota Denpasar,2022-07-12,87500.0,90000.0,81964.28571428571,0,0,0
II,Bali,2022-07-12,83150.0,87500.0,83128.57142857143,0,0,0
I,Semua Provinsi,2022-07-12,101450.0,83150.0,86371.42857142857,0,0,0
I,Semua Provinsi,2022-07-13,100550.0,101450.0,90021.42857142857,0,0,0
II,Bali,2022-07-13,81250.0,100550.0,89842.85714285714,0,0,0
1,Kota Denpasar,2022-07-13,87500.0,81250.0,90200.0,0,0,0
a,Pasar Badung,2022-07-13,90000.0,87500.0,90200.0,0,0,0
b,Pasar Kreneng,2022-07-13,85000.0,90000.0,89842.85714285714,0,0,0
2,Kota Singaraja,2022-07-13,75000.0,85000.0,88678.57142857143,0,0,0
a,Pasar Anyar,2022-07-13,75000.0,75000.0,84900.0,0,0,0
b,Pasar Banyuasri,2022-07-13,75000.0,75000.0,81250.0,0,0,0
b,Pasar Banyuasri,2022-07-14,65000.0,75000.0,78928.57142857143,0,0,0
a,Pasar Anyar,2022-07-14,75000.0,65000.0,77142.85714285714,0,0,0
2,Kota Singaraja,2022-07-14,70000.0,75000.0,74285.71428571429,0,0,0
b,Pasar Kreneng,2022-07-14,85000.0,70000.0,74285.71428571429,0,0,0
a,Pasar Badung,2022-07-14,80000.0,85000.0,75000.0,0,0,0
1,Kota Denpasar,2022-07-14,82500.0,80000.0,76071.42857142857,0,0,0
II,Bali,2022-07-14,76250.0,82500.0,76250.0,0,0,0
I,Semua Provinsi,2022-07-14,98700.0,76250.0,81064.28571428571,0,0,0
I,Semua Provinsi,2022-07-15,94600.0,98700.0,83864.28571428571,0,0,0
II,Bali,2022-07-15,73500.0,94600.0,84364.28571428571,0,0,0
1,Kota Denpasar,2022-07-15,82500.0,73500.0,84007.14285714286,0,0,0
a,Pasar Badung,2022-07-15,80000.0,82500.0,84007.14285714286,0,0,0
b,Pasar Kreneng,2022-07-15,85000.0,80000.0,84364.28571428571,0,0,0
2,Kota Singaraja,2022-07-15,64500.0,85000.0,82685.71428571429,0,0,0
a,Pasar Anyar,2022-07-15,67500.0,64500.0,78228.57142857143,0,0,0
b,Pasar Banyuasri,2022-07-15,61500.0,67500.0,73500.0,0,0,0
b,Pasar Banyuasri,2022-07-18,61500.0,61500.0,71785.71428571429,0,0,0
2,Kota Singaraja,2022-07-18,62000.0,61500.0,68857.14285714286,0,0,0
b,Pasar Kreneng,2022-07-18,80000.0,62000.0,68857.14285714286,0,0,0
a,Pasar Anyar,2022-07-18,62500.0,80000.0,65642.85714285714,0,0,0
1,Kota Denpasar,2022-07-18,80000.0,62500.0,67857.14285714286,0,0,0
II,Bali,2022-07-18,71000.0,80000.0,68357.14285714286,0,0,0
I,Semua Provinsi,2022-07-18,87100.0,71000.0,72014.28571428571,0,0,0
a,Pasar Badung,2022-07-18,80000.0,87100.0,74657.14285714286,0,0,0
I,Semua Provinsi,2022-07-19,85000.0,80000.0,77942.85714285714,0,0,0
II,Bali,2022-07-19,68150.0,85000.0,76250.0,0,0,0
1,Kota Denpasar,2022-07-19,80000.0,68150.0,78750.0,0,0,0
a,Pasar Badung,2022-07-19,80000.0,80000.0,78750.0,0,0,0
b,Pasar Kreneng,2022-07-19,80000.0,80000.0,80035.71428571429,0,0,0
2,Kota Singaraja,2022-07-19,56250.0,80000.0,75628.57142857143,0,0,0
a,Pasar Anyar,2022-07-19,57500.0,56250.0,72414.28571428571,0,0,0
b,Pasar Banyuasri,2022-07-19,55000.0,57500.0,68128.57142857143,0,0,0
b,Pasar Banyuasri,2022-07-20,55000.0,55000.0,66250.0,0,0,0
a,Pasar Anyar,2022-07-20,57500.0,55000.0,63035.71428571428,0,0,0
2,Kota Singaraja,2022-07-20,56250.0,57500.0,59642.857142857145,0,0,0
b,Pasar Kreneng,2022-07-20,62500.0,56250.0,57142.857142857145,0,0,0
a,Pasar Badung,2022-07-20,80000.0,62500.0,60535.71428571428,0,0,0
1,Kota Denpasar,2022-07-20,71250.0,80000.0,62500.0,0,0,0
II,Bali,2022-07-20,63750.0,71250.0,63750.0,0,0,0
I,Semua Provinsi,2022-07-20,82700.0,63750.0,67707.14285714286,0,0,0
I,Semua Provinsi,2022-07-21,80550.0,82700.0,71000.0,0,0,0
II,Bali,2022-07-21,63150.0,80550.0,71985.71428571429,0,0,0
1,Kota Denpasar,2022-07-21,71250.0,63150.0,73235.71428571429,0,0,0
a,Pasar Badung,2022-07-21,80000.0,71250.0,73235.71428571429,0,0,0
b,Pasar Kreneng,2022-07-21,62500.0,80000.0,71985.71428571429,0,0,0
2,Kota Singaraja,2022-07-21,55000.0,62500.0,70735.71428571429,0,0,0
a,Pasar Anyar,2022-07-21,55000.0,55000.0,66778.57142857143,0,0,0
b,Pasar Banyuasri,2022-07-21,55000.0,55000.0,63128.57142857143,0,0,0
b,Pasar Banyuasri,2022-07-22,55000.0,55000.0,61964.28571428572,0,0,0
2,Kota Singaraja,2022-07-22,56250.0,55000.0,59821.42857142857,0,0,0
b,Pasar Kreneng,2022-07-22,62500.0,56250.0,57321.42857142857,0,0,0
a,Pasar Anyar,2022-07-22,57500.0,62500.0,56607.142857142855,0,0,0
1,Kota Denpasar,2022-07-22,66250.0,57500.0,58214.28571428572,0,0,0
II,Bali,2022-07-22,61250.0,66250.0,59107.142857142855,0,0,0
I,Semua Provinsi,2022-07-22,79900.0,61250.0,62664.28571428572,0,0,0
a,Pasar Badung,2022-07-22,70000.0,79900.0,64807.142857142855,0,0,0
I,Semua Provinsi,2022-07-25,76750.0,70000.0,67735.71428571429,0,0,0
II,Bali,2022-07-25,59400.0,76750.0,67292.85714285714,0,0,0
1,Kota Denpasar,2022-07-25,66250.0,59400.0,68542.85714285714,0,0,0
a,Pasar Badung,2022-07-25,70000.0,66250.0,69078.57142857143,0,0,0
b,Pasar Kreneng,2022-07-25,62500.0,70000.0,69257.14285714286,0,0,0
2,Kota Singaraja,2022-07-25,52500.0,62500.0,65342.857142857145,0,0,0
a,Pasar Anyar,2022-07-25,50000.0,52500.0,62485.71428571428,0,0,0
b,Pasar Banyuasri,2022-07-25,55000.0,50000.0,59378.57142857143,0,0,0
b,Pasar Banyuasri,2022-07-26,55000.0,55000.0,58750.0,0,0,0
2,Kota Singaraja,2022-07-26,52500.0,55000.0,56785.71428571428,0,0,0
b,Pasar Kreneng,2022-07-26,61000.0,52500.0,55500.0,0,0,0
a,Pasar Anyar,2022-07-26,50000.0,61000.0,53714.28571428572,0,0,0
1,Kota Denpasar,2022-07-26,65500.0,50000.0,55571.42857142857,0,0,0
II,Bali,2022-07-26,59000.0,65500.0,56857.142857142855,0,0,0
I,Semua Provinsi,2022-07-26,75000.0,59000.0,59714.28571428572,0,0,0
a,Pasar Badung,2022-07-26,70000.0,75000.0,61857.142857142855,0,0,0
b,Pasar Banyuasri,2022-07-27,50000.0,70000.0,61500.0,0,0,0
2,Kota Singaraja,2022-07-27,53000.0,50000.0,60357.142857142855,0,0,0
b,Pasar Kreneng,2022-07-27,61000.0,53000.0,61928.57142857143,0,0,0
a,Pasar Anyar,2022-07-27,56000.0,61000.0,60571.42857142857,0,0,0
1,Kota Denpasar,2022-07-27,60500.0,56000.0,60785.71428571428,0,0,0
II,Bali,2022-07-27,56750.0,60500.0,58178.57142857143,0,0,0
I,Semua Provinsi,2022-07-27,74250.0,56750.0,58785.71428571428,0,0,0
a,Pasar Badung,2022-07-27,60000.0,74250.0,60214.28571428572,0,0,0
b,Pasar Banyuasri,2022-07-28,50000.0,60000.0,59785.71428571428,0,0,0
I,Semua Provinsi,2022-07-28,73800.0,50000.0,61614.28571428572,0,0,0
II,Bali,2022-07-28,56900.0,73800.0,61742.857142857145,0,0,0
1,Kota Denpasar,2022-07-28,60500.0,56900.0,61742.857142857145,0,0,0
a,Pasar Badung,2022-07-28,60000.0,60500.0,62207.142857142855,0,0,0
b,Pasar Kreneng,2022-07-28,61000.0,60000.0,60314.28571428572,0,0,0
2,Kota Singaraja,2022-07-28,53250.0,61000.0,59350.0,0,0,0
a,Pasar Anyar,2022-07-28,56500.0,53250.0,60278.57142857143,0,0,0
a,Pasar Anyar,2022-07-29,60000.0,56500.0,58307.142857142855,0,0,0
2,Kota Singaraja,2022-07-29,60000.0,60000.0,58750.0,0,0,0
b,Pasar Banyuasri,2022-07-29,60000.0,60000.0,58678.57142857143,0,0,0
b,Pasar Kreneng,2022-07-29,61000.0,60000.0,58821.42857142857,0,0,0
I,Semua Provinsi,2022-07-29,73000.0,61000.0,60535.71428571428,0,0,0
1,Kota Denpasar,2022-07-29,60500.0,73000.0,61571.42857142857,0,0,0
II,Bali,2022-07-29,60250.0,60500.0,62107.142857142855,0,0,0
a,Pasar Badung,2022-07-29,60000.0,60250.0,62107.142857142855,0,0,0
I,Semua Provinsi,2022-08-01,71450.0,60000.0,63742.857142857145,0,0,0
II,Bali,2022-08-01,61000.0,71450.0,63885.71428571428,0,0,0
1,Kota Denpasar,2022-08-01,61750.0,61000.0,63992.857142857145,0,0,0
a,Pasar Badung,2022-08-01,60000.0,61750.0,62135.71428571428,0,0,0
b,Pasar Kreneng,2022-08-01,63500.0,60000.0,62564.28571428572,0,0,0
2,Kota Singaraja,2022-08-01,60250.0,63500.0,62564.28571428572,0,0,0
a,Pasar Anyar,2022-08-01,62500.0,60250.0,62921.42857142857,0,0,0
b,Pasar Banyuasri,2022-08-01,58000.0,62500.0,61000.0,0,0,0
b,Pasar Banyuasri,2022-08-02,57000.0,58000.0,60428.57142857143,0,0,0
a,Pasar Anyar,2022-08-02,61500.0,57000.0,60392.857142857145,0,0,0
2,Kota Singaraja,2022-08-02,59250.0,61500.0,60285.71428571428,0,0,0
b,Pasar Kreneng,2022-08-02,60000.0,59250.0,59785.71428571428,0,0,0
I,Semua Provinsi,2022-08-02,70850.0,60000.0,61300.0,0,0,0
1,Kota Denpasar,2022-08-02,60000.0,70850.0,60942.857142857145,0,0,0
II,Bali,2022-08-02,59650.0,60000.0,61178.57142857143,0,0,0
a,Pasar Badung,2022-08-02,60000.0,59650.0,61607.142857142855,0,0,0
2,Kota Singaraja,2022-08-03,59000.0,60000.0,61250.0,0,0,0
b,Pasar Banyuasri,2022-08-03,56500.0,59000.0,60857.142857142855,0,0,0
a,Pasar Anyar,2022-08-03,61500.0,56500.0,61071.42857142857,0,0,0
b,Pasar Kreneng,2022-08-03,60000.0,61500.0,59521.42857142857,0,0,0
I,Semua Provinsi,2022-08-03,70600.0,60000.0,61035.71428571428,0,0,0
1,Kota Denpasar,2022-08-03,60000.0,70600.0,61085.71428571428,0,0,0
II,Bali,2022-08-03,59500.0,60000.0,61014.28571428572,0,0,0
a,Pasar Badung,2022-08-03,60000.0,59500.0,61157.142857142855,0,0,0
I,Semua Provinsi,2022-08-04,71600.0,60000.0,63314.28571428572,0,0,0
II,Bali,2022-08-04,57150.0,71600.0,62692.857142857145,0,0,0
1,Kota Denpasar,2022-08-04,60000.0,57150.0,62692.857142857145,0,0,0
a,Pasar Badung,2022-08-04,60000.0,60000.0,61178.57142857143,0,0,0
b,Pasar Kreneng,2022-08-04,60000.0,60000.0,61178.57142857143,0,0,0
2,Kota Singaraja,2022-08-04,54250.0,60000.0,60428.57142857143,0,0,0
a,Pasar Anyar,2022-08-04,57500.0,54250.0,60071.42857142857,0,0,0
b,Pasar Banyuasri,2022-08-04,51000.0,57500.0,57128.57142857143,0,0,0
2,Kota Singaraja,2022-08-05,51250.0,51000.0,56285.71428571428,0,0,0
b,Pasar Banyuasri,2022-08-05,50000.0,51250.0,54857.142857142855,0,0,0
a,Pasar Anyar,2022-08-05,52500.0,50000.0,53785.71428571428,0,0,0
b,Pasar Kreneng,2022-08-05,60000.0,52500.0,53785.71428571428,0,0,0
I,Semua Provinsi,2022-08-05,71100.0,60000.0,56192.857142857145,0,0,0
1,Kota Denpasar,2022-08-05,60000.0,71100.0,56550.0,0,0,0
II,Bali,2022-08-05,55650.0,60000.0,57214.28571428572,0,0,0
a,Pasar Badung,2022-08-05,60000.0,55650.0,58464.28571428572,0,0,0
I,Semua Provinsi,2022-08-08,71850.0,60000.0,61585.71428571428,0,0,0
II,Bali,2022-08-08,54150.0,71850.0,61821.42857142857,0,0,0
1,Kota Denpasar,2022-08-08,60000.0,54150.0,61821.42857142857,0,0,0
a,Pasar Badung,2022-08-08,60000.0,60000.0,60235.71428571428,0,0,0
b,Pasar Kreneng,2022-08-08,60000.0,60000.0,60235.71428571428,0,0,0
2,Kota Singaraja,2022-08-08,48250.0,60000.0,59178.57142857143,0,0,0
a,Pasar Anyar,2022-08-08,50000.0,48250.0,57750.0,0,0,0
b,Pasar Banyuasri,2022-08-08,46500.0,50000.0,54128.57142857143,0,0,0
b,Pasar Banyuasri,2022-08-09,45000.0,46500.0,52821.42857142857,0,0,0
a,Pasar Anyar,2022-08-09,52500.0,45000.0,51750.0,0,0,0
2,Kota Singaraja,2022-08-09,48750.0,52500.0,50142.857142857145,0,0,0
b,Pasar Kreneng,2022-08-09,60000.0,48750.0,50142.857142857145,0,0,0
1,Kota Denpasar,2022-08-09,60000.0,60000.0,51821.42857142857,0,0,0
II,Bali,2022-08-09,54400.0,60000.0,52450.0,0,0,0
I,Semua Provinsi,2022-08-09,71900.0,54400.0,56078.57142857143,0,0,0
a,Pasar Badung,2022-08-09,60000.0,71900.0,58221.42857142857,0,0,0
I,Semua Provinsi,2022-08-10,71050.0,60000.0,60871.42857142857,0,0,0
II,Bali,2022-08-10,55000.0,71050.0,61764.28571428572,0,0,0
1,Kota Denpasar,2022-08-10,60000.0,55000.0,61764.28571428572,0,0,0
a,Pasar Badung,2022-08-10,60000.0,60000.0,61764.28571428572,0,0,0
b,Pasar Kreneng,2022-08-10,60000.0,60000.0,62564.28571428572,0,0,0
2,Kota Singaraja,2022-08-10,50000.0,60000.0,59435.71428571428,0,0,0
a,Pasar Anyar,2022-08-10,55000.0,50000.0,58721.42857142857,0,0,0
b,Pasar Banyuasri,2022-08-10,45000.0,55000.0,55000.0,0,0,0
2,Kota Singaraja,2022-08-11,45000.0,45000.0,53571.42857142857,0,0,0
b,Pasar Banyuasri,2022-08-11,45000.0,45000.0,51428.57142857143,0,0,0
a,Pasar Anyar,2022-08-11,45000.0,45000.0,49285.71428571428,0,0,0
b,Pasar Kreneng,2022-08-11,60000.0,45000.0,49285.71428571428,0,0,0
I,Semua Provinsi,2022-08-11,70800.0,60000.0,52257.142857142855,0,0,0
1,Kota Denpasar,2022-08-11,60000.0,70800.0,52971.42857142857,0,0,0
a,Pasar Badung,2022-08-11,60000.0,60000.0,55114.28571428572,0,0,0
II,Bali,2022-08-11,52500.0,60000.0,56185.71428571428,0,0,0
I,Semua Provinsi,2022-08-12,69400.0,52500.0,59671.42857142857,0,0,0
II,Bali,2022-08-12,49150.0,69400.0,60264.28571428572,0,0,0
1,Kota Denpasar,2022-08-12,60000.0,49150.0,60264.28571428572,0,0,0
a,Pasar Badung,2022-08-12,60000.0,60000.0,58721.42857142857,0,0,0
b,Pasar Kreneng,2022-08-12,60000.0,60000.0,58721.42857142857,0,0,0
2,Kota Singaraja,2022-08-12,38250.0,60000.0,55614.28571428572,0,0,0
a,Pasar Anyar,2022-08-12,40000.0,38250.0,53828.57142857143,0,0,0
b,Pasar Banyuasri,2022-08-12,36500.0,40000.0,49128.57142857143,0,0,0
2,Kota Singaraja,2022-08-15,35000.0,36500.0,47107.142857142855,0,0,0
b,Pasar Banyuasri,2022-08-15,35000.0,35000.0,43535.71428571428,0,0,0
a,Pasar Anyar,2022-08-15,35000.0,35000.0,39964.28571428572,0,0,0
b,Pasar Kreneng,2022-08-15,60000.0,35000.0,39964.28571428572,0,0,0
1,Kota Denpasar,2022-08-15,60000.0,60000.0,43071.42857142857,0,0,0
II,Bali,2022-08-15,47500.0,60000.0,44142.857142857145,0,0,0
I,Semua Provinsi,2022-08-15,67000.0,47500.0,48500.0,0,0,0
a,Pasar Badung,2022-08-15,60000.0,67000.0,52071.42857142857,0,0,0
b,Pasar Kreneng,2022-08-16,40000.0,60000.0,52785.71428571428,0,0,0
I,Semua Provinsi,2022-08-16,66250.0,40000.0,57250.0,0,0,0
II,Bali,2022-08-16,37750.0,66250.0,54071.42857142857,0,0,0
1,Kota Denpasar,2022-08-16,40000.0,37750.0,51214.28571428572,0,0,0
a,Pasar Badung,2022-08-16,40000.0,40000.0,50142.857142857145,0,0,0
2,Kota Singaraja,2022-08-16,35500.0,40000.0,45642.857142857145,0,0,0
a,Pasar Anyar,2022-08-16,36000.0,35500.0,42214.28571428572,0,0,0
b,Pasar Banyuasri,2022-08-16,35000.0,36000.0,41500.0,0,0,0
I,Semua Provinsi,2022-08-17,81600.0,35000.0,43692.857142857145,0,0,0
2,Kota Singaraja,2022-08-18,35000.0,81600.0,43300.0,0,0,0
b,Pasar Kreneng,2022-08-18,30000.0,35000.0,41871.42857142857,0,0,0
a,Pasar Anyar,2022-08-18,35000.0,30000.0,41157.142857142855,0,0,0
b,Pasar Banyuasri,2022-08-18,35000.0,35000.0,41085.71428571428,0,0,0
a,Pasar Badung,2022-08-18,40000.0,35000.0,41657.142857142855,0,0,0
II,Bali,2022-08-18,35000.0,40000.0,41657.142857142855,0,0,0
I,Semua Provinsi,2022-08-18,66350.0,35000.0,39478.57142857143,0,0,0
1,Kota Denpasar,2022-08-18,35000.0,66350.0,39478.57142857143,0,0,0
I,Semua Provinsi,2022-08-19,66150.0,35000.0,44642.857142857145,0,0,0
II,Bali,2022-08-19,35000.0,66150.0,44642.857142857145,0,0,0
1,Kota Denpasar,2022-08-19,35000.0,35000.0,44642.857142857145,0,0,0
a,Pasar Badung,2022-08-19,40000.0,35000.0,44642.857142857145,0,0,0
b,Pasar Kreneng,2022-08-19,30000.0,40000.0,43928.57142857143,0,0,0
2,Kota Singaraja,2022-08-19,35000.0,30000.0,39450.0,0,0,0
a,Pasar Anyar,2022-08-19,35000.0,35000.0,39450.0,0,0,0
b,Pasar Banyuasri,2022-08-19,35000.0,35000.0,35000.0,0,0,0
b,Pasar Banyuasri,2022-08-22,35000.0,35000.0,35000.0,0,0,0
a,Pasar Anyar,2022-08-22,35000.0,35000.0,35000.0,0,0,0
2,Kota Singaraja,2022-08-22,35000.0,35000.0,34285.71428571428,0,0,0
b,Pasar Kreneng,2022-08-22,30000.0,35000.0,34285.71428571428,0,0,0
1,Kota Denpasar,2022-08-22,32500.0,30000.0,33928.57142857143,0,0,0
II,Bali,2022-08-22,33750.0,32500.0,33750.0,0,0,0
I,Semua Provinsi,2022-08-22,64100.0,33750.0,37907.142857142855,0,0,0
a,Pasar Badung,2022-08-22,35000.0,64100.0,37907.142857142855,0,0,0
I,Semua Provinsi,2022-08-23,63100.0,35000.0,41921.42857142857,0,0,0
II,Bali,2022-08-23,33150.0,63100.0,41657.142857142855,0,0,0
1,Kota Denpasar,2022-08-23,32500.0,33150.0,42014.28571428572,0,0,0
a,Pasar Badung,2022-08-23,35000.0,32500.0,42371.42857142857,0,0,0
b,Pasar Kreneng,2022-08-23,30000.0,35000.0,41835.71428571428,0,0,0
2,Kota Singaraja,2022-08-23,33750.0,30000.0,37500.0,0,0,0
a,Pasar Anyar,2022-08-23,35000.0,33750.0,37500.0,0,0,0
b,Pasar Banyuasri,2022-08-23,32500.0,35000.0,33128.57142857143,0,0,0
2,Kota Singaraja,2022-08-24,32500.0,32500.0,33035.71428571428,0,0,0
b,Pasar Banyuasri,2022-08-24,30000.0,32500.0,32678.571428571428,0,0,0
a,Pasar Anyar,2022-08-24,35000.0,30000.0,32678.571428571428,0,0,0
b,Pasar Kreneng,2022-08-24,30000.0,35000.0,32678.571428571428,0,0,0
a,Pasar Badung,2022-08-24,35000.0,30000.0,32857.142857142855,0,0,0
1,Kota Denpasar,2022-08-24,32500.0,35000.0,32500.0,0,0,0
II,Bali,2022-08-24,32500.0,32500.0,32500.0,0,0,0
I,Semua Provinsi,2022-08-24,62450.0,32500.0,36778.57142857143,0,0,0
I,Semua Provinsi,2022-08-25,61550.0,62450.0,41285.71428571428,0,0,0
II,Bali,2022-08-25,31500.0,61550.0,40785.71428571428,0,0,0
1,Kota Denpasar,2022-08-25,32500.0,31500.0,41142.857142857145,0,0,0
a,Pasar Badung,2022-08-25,35000.0,32500.0,41142.857142857145,0,0,0
b,Pasar Kreneng,2022-08-25,30000.0,35000.0,40785.71428571428,0,0,0
2,Kota Singaraja,2022-08-25,30500.0,30000.0,40500.0,0,0,0
a,Pasar Anyar,2022-08-25,30000.0,30500.0,35864.28571428572,0,0,0
b,Pasar Banyuasri,2022-08-25,31000.0,30000.0,31500.0,0,0,0
b,Pasar Banyuasri,2022-08-26,31000.0,31000.0,31428.571428571428,0,0,0
a,Pasar Anyar,2022-08-26,33500.0,31000.0,31571.428571428572,0,0,0
2,Kota Singaraja,2022-08-26,32250.0,33500.0,31178.571428571428,0,0,0
b,Pasar Kreneng,2022-08-26,30000.0,32250.0,31178.571428571428,0,0,0
I,Semua Provinsi,2022-08-26,60950.0,30000.0,35528.57142857143,0,0,0
1,Kota Denpasar,2022-08-26,32500.0,60950.0,35885.71428571428,0,0,0
II,Bali,2022-08-26,32400.0,32500.0,36085.71428571428,0,0,0
a,Pasar Badung,2022-08-26,35000.0,32400.0,36657.142857142855,0,0,0
2,Kota Singaraja,2022-08-29,42500.0,35000.0,37942.857142857145,0,0,0
b,Pasar Banyuasri,2022-08-29,40000.0,42500.0,39050.0,0,0,0
a,Pasar Anyar,2022-08-29,45000.0,40000.0,41192.857142857145,0,0,0
b,Pasar Kreneng,2022-08-29,42000.0,45000.0,38485.71428571428,0,0,0
I,Semua Provinsi,2022-08-29,60200.0,42000.0,42442.857142857145,0,0,0
1,Kota Denpasar,2022-08-29,43500.0,60200.0,44028.57142857143,0,0,0
II,Bali,2022-08-29,43000.0,43500.0,45171.42857142857,0,0,0
a,Pasar Badung,2022-08-29,45000.0,43000.0,45528.57142857143,0,0,0
I,Semua Provinsi,2022-08-30,60150.0,45000.0,48407.142857142855,0,0,0
II,Bali,2022-08-30,43000.0,60150.0,48121.42857142857,0,0,0
1,Kota Denpasar,2022-08-30,43500.0,43000.0,48335.71428571428,0,0,0
a,Pasar Badung,2022-08-30,45000.0,43500.0,46164.28571428572,0,0,0
b,Pasar Kreneng,2022-08-30,42000.0,45000.0,45950.0,0,0,0
2,Kota Singaraja,2022-08-30,42500.0,42000.0,45878.57142857143,0,0,0
a,Pasar Anyar,2022-08-30,45000.0,42500.0,45878.57142857143,0,0,0
b,Pasar Banyuasri,2022-08-30,40000.0,45000.0,43000.0,0,0,0
2,Kota Singaraja,2022-08-31,43000.0,40000.0,43000.0,0,0,0
b,Pasar Banyuasri,2022-08-31,41000.0,43000.0,42642.857142857145,0,0,0
a,Pasar Anyar,2022-08-31,45000.0,41000.0,42642.857142857145,0,0,0
b,Pasar Kreneng,2022-08-31,43500.0,45000.0,42857.142857142855,0,0,0
I,Semua Provinsi,2022-08-31,60750.0,43500.0,45464.28571428572,0,0,0
1,Kota Denpasar,2022-08-31,44250.0,60750.0,45357.142857142855,0,0,0
II,Bali,2022-08-31,43650.0,44250.0,45878.57142857143,0,0,0
a,Pasar Badung,2022-08-31,45000.0,43650.0,46164.28571428572,0,0,0
I,Semua Provinsi,2022-09-01,62300.0,45000.0,49207.142857142855,0,0,0
II,Bali,2022-09-01,43900.0,62300.0,49050.0,0,0,0
1,Kota Denpasar,2022-09-01,44250.0,43900.0,49157.142857142855,0,0,0
a,Pasar Badung,2022-09-01,45000.0,44250.0,46907.142857142855,0,0,0
b,Pasar Kreneng,2022-09-01,43500.0,45000.0,46800.0,0,0,0
2,Kota Singaraja,2022-09-01,43500.0,43500.0,46778.57142857143,0,0,0
a,Pasar Anyar,2022-09-01,45000.0,43500.0,46778.57142857143,0,0,0
b,Pasar Banyuasri,2022-09-01,42000.0,45000.0,43878.57142857143,0,0,0
b,Pasar Banyuasri,2022-09-02,40000.0,42000.0,43321.42857142857,0,0,0
a,Pasar Anyar,2022-09-02,40000.0,40000.0,42714.28571428572,0,0,0
2,Kota Singaraja,2022-09-02,40000.0,40000.0,42000.0,0,0,0
b,Pasar Kreneng,2022-09-02,43500.0,40000.0,42000.0,0,0,0
1,Kota Denpasar,2022-09-02,44250.0,43500.0,42107.142857142855,0,0,0
II,Bali,2022-09-02,42150.0,44250.0,41700.0,0,0,0
I,Semua Provinsi,2022-09-02,62500.0,42150.0,44628.57142857143,0,0,0
a,Pasar Badung,2022-09-02,45000.0,62500.0,45342.857142857145,0,0,0
I,Semua Provinsi,2022-09-05,63550.0,45000.0,48707.142857142855,0,0,0
II,Bali,2022-09-05,49000.0,63550.0,49992.857142857145,0,0,0
1,Kota Denpasar,2022-09-05,44250.0,49000.0,50100.0,0,0,0
a,Pasar Badung,2022-09-05,45000.0,44250.0,50207.142857142855,0,0,0
b,Pasar Kreneng,2022-09-05,43500.0,45000.0,50400.0,0,0,0
2,Kota Singaraja,2022-09-05,53750.0,43500.0,49150.0,0,0,0
a,Pasar Anyar,2022-09-05,55000.0,53750.0,50578.57142857143,0,0,0
b,Pasar Banyuasri,2022-09-05,52500.0,55000.0,49000.0,0,0,0
2,Kota Singaraja,2022-09-06,53750.0,52500.0,49678.57142857143,0,0,0
b,Pasar Banyuasri,2022-09-06,52500.0,53750.0,50857.142857142855,0,0,0
a,Pasar Anyar,2022-09-06,55000.0,52500.0,52285.71428571428,0,0,0
b,Pasar Kreneng,2022-09-06,50000.0,55000.0,53214.28571428572,0,0,0
I,Semua Provinsi,2022-09-06,64850.0,50000.0,54800.0,0,0,0
1,Kota Denpasar,2022-09-06,50000.0,64850.0,54085.71428571428,0,0,0
a,Pasar Badung,2022-09-06,50000.0,50000.0,53728.57142857143,0,0,0
II,Bali,2022-09-06,51900.0,50000.0,53464.28571428572,0,0,0
I,Semua Provinsi,2022-09-07,64650.0,51900.0,55200.0,0,0,0
II,Bali,2022-09-07,50650.0,64650.0,54578.57142857143,0,0,0
1,Kota Denpasar,2022-09-07,50000.0,50650.0,54578.57142857143,0,0,0
a,Pasar Badung,2022-09-07,49000.0,50000.0,52314.28571428572,0,0,0
b,Pasar Kreneng,2022-09-07,51000.0,49000.0,52457.142857142855,0,0,0
2,Kota Singaraja,2022-09-07,51250.0,51000.0,52635.71428571428,0,0,0
a,Pasar Anyar,2022-09-07,50000.0,51250.0,52364.28571428572,0,0,0
b,Pasar Banyuasri,2022-09-07,52500.0,50000.0,50628.57142857143,0,0,0
b,Pasar Kreneng,2022-09-08,47000.0,52500.0,50107.142857142855,0,0,0
b,Pasar Banyuasri,2022-09-08,49000.0,47000.0,49964.28571428572,0,0,0
a,Pasar Anyar,2022-09-08,50000.0,49000.0,50107.142857142855,0,0,0
2,Kota Singaraja,2022-09-08,49500.0,50000.0,49892.857142857145,0,0,0
a,Pasar Badung,2022-09-08,49000.0,49500.0,49571.42857142857,0,0,0
1,Kota Denpasar,2022-09-08,48000.0,49000.0,49285.71428571428,0,0,0
II,Bali,2022-09-08,48750.0,48000.0,48750.0,0,0,0
I,Semua Provinsi,2022-09-08,64800.0,48750.0,51292.857142857145,0,0,0
I,Semua Provinsi,2022-09-09,65200.0,64800.0,53607.142857142855,0,0,0
II,Bali,2022-09-09,45150.0,65200.0,52914.28571428572,0,0,0
1,Kota Denpasar,2022-09-09,44000.0,45150.0,52128.57142857143,0,0,0
a,Pasar Badung,2022-09-09,46000.0,44000.0,51700.0,0,0,0
b,Pasar Kreneng,2022-09-09,42000.0,46000.0,50842.857142857145,0,0,0
2,Kota Singaraja,2022-09-09,46250.0,42000.0,50485.71428571428,0,0,0
a,Pasar Anyar,2022-09-09,45000.0,46250.0,47657.142857142855,0,0,0
b,Pasar Banyuasri,2022-09-09,47500.0,45000.0,45128.57142857143,0,0,0
a,Pasar Anyar,2022-09-12,45000.0,47500.0,45107.142857142855,0,0,0
2,Kota Singaraja,2022-09-12,45000.0,45000.0,45250.0,0,0,0
b,Pasar Banyuasri,2022-09-12,45000.0,45000.0,45107.142857142855,0,0,0
b,Pasar Kreneng,2022-09-12,47000.0,45000.0,45821.42857142857,0,0,0
1,Kota Denpasar,2022-09-12,47000.0,47000.0,45928.57142857143,0,0,0
II,Bali,2022-09-12,46000.0,47000.0,46071.42857142857,0,0,0
I,Semua Provinsi,2022-09-12,65600.0,46000.0,48657.142857142855,0,0,0
a,Pasar Badung,2022-09-12,47000.0,65600.0,48942.857142857145,0,0,0
I,Semua Provinsi,2022-09-13,66100.0,47000.0,51957.142857142855,0,0,0
II,Bali,2022-09-13,46150.0,66100.0,52121.42857142857,0,0,0
1,Kota Denpasar,2022-09-13,44000.0,46150.0,51692.857142857145,0,0,0
a,Pasar Badung,2022-09-13,44000.0,44000.0,51264.28571428572,0,0,0
b,Pasar Kreneng,2022-09-13,44000.0,44000.0,50978.57142857143,0,0,0
2,Kota Singaraja,2022-09-13,48250.0,44000.0,48500.0,0,0,0
a,Pasar Anyar,2022-09-13,50000.0,48250.0,48928.57142857143,0,0,0
b,Pasar Banyuasri,2022-09-13,46500.0,50000.0,46128.57142857143,0,0,0
b,Pasar Banyuasri,2022-09-14,46500.0,46500.0,46178.57142857143,0,0,0
a,Pasar Anyar,2022-09-14,45000.0,46500.0,46321.42857142857,0,0,0
2,Kota Singaraja,2022-09-14,45750.0,45000.0,46571.42857142857,0,0,0
b,Pasar Kreneng,2022-09-14,44000.0,45750.0,46571.42857142857,0,0,0
a,Pasar Badung,2022-09-14,44000.0,44000.0,45964.28571428572,0,0,0
II,Bali,2022-09-14,44900.0,44000.0,45235.71428571428,0,0,0
I,Semua Provinsi,2022-09-14,65850.0,44900.0,48000.0,0,0,0
1,Kota Denpasar,2022-09-14,44000.0,65850.0,47642.857142857145,0,0,0
I,Semua Provinsi,2022-09-15,65100.0,44000.0,50514.28571428572,0,0,0
II,Bali,2022-09-15,45250.0,65100.0,50442.857142857145,0,0,0
1,Kota Denpasar,2022-09-15,44000.0,45250.0,50442.857142857145,0,0,0
a,Pasar Badung,2022-09-15,44000.0,44000.0,50442.857142857145,0,0,0
b,Pasar Kreneng,2022-09-15,44000.0,44000.0,50314.28571428572,0,0,0
2,Kota Singaraja,2022-09-15,46500.0,44000.0,47550.0,0,0,0
a,Pasar Anyar,2022-09-15,46000.0,46500.0,47835.71428571428,0,0,0
b,Pasar Banyuasri,2022-09-15,47000.0,46000.0,45250.0,0,0,0
2,Kota Singaraja,2022-09-16,56500.0,47000.0,46857.142857142855,0,0,0
b,Pasar Banyuasri,2022-09-16,58000.0,56500.0,48857.142857142855,0,0,0
a,Pasar Anyar,2022-09-16,55000.0,58000.0,50428.57142857143,0,0,0
b,Pasar Kreneng,2022-09-16,44000.0,55000.0,50428.57142857143,0,0,0
II,Bali,2022-09-16,50250.0,44000.0,50964.28571428572,0,0,0
1,Kota Denpasar,2022-09-16,44000.0,50250.0,50678.57142857143,0,0,0
a,Pasar Badung,2022-09-16,44000.0,44000.0,50250.0,0,0,0
I,Semua Provinsi,2022-09-16,65850.0,44000.0,51585.71428571428,0,0,0
I,Semua Provinsi,2022-09-19,69050.0,65850.0,53164.28571428572,0,0,0
II,Bali,2022-09-19,53500.0,69050.0,52950.0,0,0,0
1,Kota Denpasar,2022-09-19,50000.0,53500.0,53807.142857142855,0,0,0
a,Pasar Badung,2022-09-19,50000.0,50000.0,53771.42857142857,0,0,0
b,Pasar Kreneng,2022-09-19,50000.0,50000.0,54628.57142857143,0,0,0
2,Kota Singaraja,2022-09-19,57000.0,50000.0,56485.71428571428,0,0,0
a,Pasar Anyar,2022-09-19,55000.0,57000.0,54935.71428571428,0,0,0
b,Pasar Banyuasri,2022-09-19,59000.0,55000.0,53500.0,0,0,0
b,Pasar Banyuasri,2022-09-20,52000.0,59000.0,53285.71428571428,0,0,0
a,Pasar Anyar,2022-09-20,50000.0,52000.0,53285.71428571428,0,0,0
2,Kota Singaraja,2022-09-20,51000.0,50000.0,53428.57142857143,0,0,0
b,Pasar Kreneng,2022-09-20,47000.0,51000.0,53000.0,0,0,0
I,Semua Provinsi,2022-09-20,68500.0,47000.0,54642.857142857145,0,0,0
1,Kota Denpasar,2022-09-20,47000.0,68500.0,53500.0,0,0,0
II,Bali,2022-09-20,49000.0,47000.0,52071.42857142857,0,0,0
a,Pasar Badung,2022-09-20,47000.0,49000.0,51357.142857142855,0,0,0
2,Kota Singaraja,2022-09-21,50000.0,47000.0,51357.142857142855,0,0,0
b,Pasar Banyuasri,2022-09-21,50000.0,50000.0,51214.28571428572,0,0,0
a,Pasar Anyar,2022-09-21,50000.0,50000.0,51642.857142857145,0,0,0
b,Pasar Kreneng,2022-09-21,46000.0,50000.0,48428.57142857143,0,0,0
I,Semua Provinsi,2022-09-21,67850.0,46000.0,51407.142857142855,0,0,0
1,Kota Denpasar,2022-09-21,46000.0,67850.0,50978.57142857143,0,0,0
II,Bali,2022-09-21,48000.0,46000.0,51121.42857142857,0,0,0
a,Pasar Badung,2022-09-21,46000.0,48000.0,50550.0,0,0,0
I,Semua Provinsi,2022-09-22,67300.0,46000.0,53021.42857142857,0,0,0
II,Bali,2022-09-22,48250.0,67300.0,52771.42857142857,0,0,0
1,Kota Denpasar,2022-09-22,46000.0,48250.0,52771.42857142857,0,0,0
a,Pasar Badung,2022-09-22,46000.0,46000.0,49650.0,0,0,0
b,Pasar Kreneng,2022-09-22,46000.0,46000.0,49650.0,0,0,0
2,Kota Singaraja,2022-09-22,50500.0,46000.0,50007.142857142855,0,0,0
a,Pasar Anyar,2022-09-22,50000.0,50500.0,50578.57142857143,0,0,0
b,Pasar Banyuasri,2022-09-22,51000.0,50000.0,48250.0,0,0,0
2,Kota Singaraja,2022-09-23,49500.0,51000.0,48428.57142857143,0,0,0
b,Pasar Banyuasri,2022-09-23,51000.0,49500.0,49142.857142857145,0,0,0
a,Pasar Anyar,2022-09-23,48000.0,51000.0,49428.57142857143,0,0,0
b,Pasar Kreneng,2022-09-23,46000.0,48000.0,49428.57142857143,0,0,0
I,Semua Provinsi,2022-09-23,66650.0,46000.0,51735.71428571428,0,0,0
1,Kota Denpasar,2022-09-23,46000.0,66650.0,51164.28571428572,0,0,0
II,Bali,2022-09-23,47750.0,46000.0,50700.0,0,0,0
a,Pasar Badung,2022-09-23,46000.0,47750.0,50200.0,0,0,0
I,Semua Provinsi,2022-09-26,65400.0,46000.0,52257.142857142855,0,0,0
II,Bali,2022-09-26,45750.0,65400.0,51935.71428571428,0,0,0
1,Kota Denpasar,2022-09-26,46000.0,45750.0,51935.71428571428,0,0,0
a,Pasar Badung,2022-09-26,46000.0,46000.0,48985.71428571428,0,0,0
b,Pasar Kreneng,2022-09-26,46000.0,46000.0,48985.71428571428,0,0,0
2,Kota Singaraja,2022-09-26,45500.0,46000.0,48664.28571428572,0,0,0
a,Pasar Anyar,2022-09-26,46000.0,45500.0,48664.28571428572,0,0,0
b,Pasar Banyuasri,2022-09-26,45000.0,46000.0,45750.0,0,0,0
b,Pasar Banyuasri,2022-09-27,45000.0,45000.0,45642.857142857145,0,0,0
a,Pasar Anyar,2022-09-27,45000.0,45000.0,45500.0,0,0,0
2,Kota Singaraja,2022-09-27,45000.0,45000.0,45357.142857142855,0,0,0
b,Pasar Kreneng,2022-09-27,46000.0,45000.0,45357.142857142855,0,0,0
1,Kota Denpasar,2022-09-27,46000.0,46000.0,45428.57142857143,0,0,0
II,Bali,2022-09-27,45500.0,46000.0,45357.142857142855,0,0,0
I,Semua Provinsi,2022-09-27,65050.0,45500.0,48221.42857142857,0,0,0
a,Pasar Badung,2022-09-27,46000.0,65050.0,48364.28571428572,0,0,0
I,Semua Provinsi,2022-09-28,64500.0,46000.0,51150.0,0,0,0
II,Bali,2022-09-28,45500.0,64500.0,51221.42857142857,0,0,0
1,Kota Denpasar,2022-09-28,46000.0,45500.0,51221.42857142857,0,0,0
a,Pasar Badung,2022-09-28,46000.0,46000.0,51221.42857142857,0,0,0
b,Pasar Kreneng,2022-09-28,46000.0,46000.0,51292.857142857145,0,0,0
2,Kota Singaraja,2022-09-28,45000.0,46000.0,48428.57142857143,0,0,0
a,Pasar Anyar,2022-09-28,45000.0,45000.0,48285.71428571428,0,0,0
b,Pasar Banyuasri,2022-09-28,45000.0,45000.0,45500.0,0,0,0
2,Kota Singaraja,2022-09-29,45000.0,45000.0,45428.57142857143,0,0,0
b,Pasar Banyuasri,2022-09-29,45000.0,45000.0,45285.71428571428,0,0,0
a,Pasar Anyar,2022-09-29,45000.0,45000.0,45142.857142857145,0,0,0
b,Pasar Kreneng,2022-09-29,47000.0,45000.0,45285.71428571428,0,0,0
I,Semua Provinsi,2022-09-29,64250.0,47000.0,48035.71428571428,0,0,0
1,Kota Denpasar,2022-09-29,47000.0,64250.0,48321.42857142857,0,0,0
a,Pasar Badung,2022-09-29,47000.0,47000.0,48607.142857142855,0,0,0
II,Bali,2022-09-29,46000.0,47000.0,48750.0,0,0,0
I,Semua Provinsi,2022-09-30,64200.0,46000.0,51492.857142857145,0,0,0
II,Bali,2022-09-30,46000.0,64200.0,51635.71428571428,0,0,0
1,Kota Denpasar,2022-09-30,47000.0,46000.0,51635.71428571428,0,0,0
a,Pasar Badung,2022-09-30,47000.0,47000.0,49171.42857142857,0,0,0
b,Pasar Kreneng,2022-09-30,47000.0,47000.0,49171.42857142857,0,0,0
2,Kota Singaraja,2022-09-30,45000.0,47000.0,48885.71428571428,0,0,0
a,Pasar Anyar,2022-09-30,45000.0,45000.0,48742.857142857145,0,0,0
b,Pasar Banyuasri,2022-09-30,45000.0,45000.0,46000.0,0,0,0
b,Pasar Kreneng,2022-10-03,45000.0,45000.0,45857.142857142855,0,0,0
b,Pasar Banyuasri,2022-10-03,45000.0,45000.0,45571.42857142857,0,0,0
a,Pasar Anyar,2022-10-03,43000.0,45000.0,45000.0,0,0,0
2,Kota Singaraja,2022-10-03,44000.0,43000.0,44571.42857142857,0,0,0
a,Pasar Badung,2022-10-03,45000.0,44000.0,44571.42857142857,0,0,0
1,Kota Denpasar,2022-10-03,45000.0,45000.0,44571.42857142857,0,0,0
II,Bali,2022-10-03,44500.0,45000.0,44500.0,0,0,0
I,Semua Provinsi,2022-10-03,64300.0,44500.0,47257.142857142855,0,0,0
I,Semua Provinsi,2022-10-04,64300.0,64300.0,50014.28571428572,0,0,0
II,Bali,2022-10-04,45000.0,64300.0,50300.0,0,0,0
1,Kota Denpasar,2022-10-04,45000.0,45000.0,50442.857142857145,0,0,0
a,Pasar Badung,2022-10-04,45000.0,45000.0,50442.857142857145,0,0,0
b,Pasar Kreneng,2022-10-04,45000.0,45000.0,50442.857142857145,0,0,0
2,Kota Singaraja,2022-10-04,45000.0,45000.0,50514.28571428572,0,0,0
a,Pasar Anyar,2022-10-04,45000.0,45000.0,47757.142857142855,0,0,0
b,Pasar Banyuasri,2022-10-04,45000.0,45000.0,45000.0,0,0,0
a,Pasar Anyar,2022-10-05,42000.0,45000.0,44571.42857142857,0,0,0
2,Kota Singaraja,2022-10-05,42000.0,42000.0,44142.857142857145,0,0,0
b,Pasar Banyuasri,2022-10-05,42000.0,42000.0,43714.28571428572,0,0,0
b,Pasar Kreneng,2022-10-05,40000.0,42000.0,43000.0,0,0,0
1,Kota Denpasar,2022-10-05,40000.0,40000.0,42285.71428571428,0,0,0
II,Bali,2022-10-05,41000.0,40000.0,41714.28571428572,0,0,0
I,Semua Provinsi,2022-10-05,63650.0,41000.0,44378.57142857143,0,0,0
a,Pasar Badung,2022-10-05,40000.0,63650.0,44092.857142857145,0,0,0
I,Semua Provinsi,2022-10-06,62550.0,40000.0,47028.57142857143,0,0,0
II,Bali,2022-10-06,36650.0,62550.0,46264.28571428572,0,0,0
1,Kota Denpasar,2022-10-06,34000.0,36650.0,45407.142857142855,0,0,0
a,Pasar Badung,2022-10-06,34000.0,34000.0,44550.0,0,0,0
b,Pasar Kreneng,2022-10-06,34000.0,34000.0,43550.0,0,0,0
2,Kota Singaraja,2022-10-06,39250.0,34000.0,40064.28571428572,0,0,0
a,Pasar Anyar,2022-10-06,37000.0,39250.0,39635.71428571428,0,0,0
b,Pasar Banyuasri,2022-10-06,41500.0,37000.0,36628.57142857143,0,0,0
b,Pasar Banyuasri,2022-10-07,38500.0,41500.0,36892.857142857145,0,0,0
a,Pasar Anyar,2022-10-07,32000.0,38500.0,36607.142857142855,0,0,0
2,Kota Singaraja,2022-10-07,35250.0,32000.0,36785.71428571428,0,0,0
b,Pasar Kreneng,2022-10-07,31000.0,35250.0,36357.142857142855,0,0,0
a,Pasar Badung,2022-10-07,31000.0,31000.0,35178.57142857143,0,0,0
II,Bali,2022-10-07,33150.0,31000.0,34628.57142857143,0,0,0
I,Semua Provinsi,2022-10-07,61950.0,33150.0,37550.0,0,0,0
1,Kota Denpasar,2022-10-07,31000.0,61950.0,36478.57142857143,0,0,0
I,Semua Provinsi,2022-10-10,61750.0,31000.0,40728.57142857143,0,0,0
II,Bali,2022-10-10,35400.0,61750.0,40750.0,0,0,0
1,Kota Denpasar,2022-10-10,36250.0,35400.0,41500.0,0,0,0
a,Pasar Badung,2022-10-10,34500.0,36250.0,42000.0,0,0,0
b,Pasar Kreneng,2022-10-10,38000.0,34500.0,42692.857142857145,0,0,0
2,Kota Singaraja,2022-10-10,34500.0,38000.0,38771.42857142857,0,0,0
a,Pasar Anyar,2022-10-10,34000.0,34500.0,39200.0,0,0,0
b,Pasar Banyuasri,2022-10-10,35000.0,34000.0,35378.57142857143,0,0,0
b,Pasar Banyuasri,2022-10-11,34000.0,35000.0,35178.57142857143,0,0,0
a,Pasar Anyar,2022-10-11,33000.0,34000.0,34714.28571428572,0,0,0
2,Kota Singaraja,2022-10-11,33500.0,33000.0,34571.42857142857,0,0,0
b,Pasar Kreneng,2022-10-11,38000.0,33500.0,34571.42857142857,0,0,0
1,Kota Denpasar,2022-10-11,38000.0,38000.0,35071.42857142857,0,0,0
II,Bali,2022-10-11,35750.0,38000.0,35321.42857142857,0,0,0
I,Semua Provinsi,2022-10-11,60150.0,35750.0,38914.28571428572,0,0,0
a,Pasar Badung,2022-10-11,38000.0,60150.0,39485.71428571428,0,0,0
I,Semua Provinsi,2022-10-12,61300.0,38000.0,43528.57142857143,0,0,0
II,Bali,2022-10-12,35750.0,61300.0,43850.0,0,0,0
1,Kota Denpasar,2022-10-12,38000.0,35750.0,43850.0,0,0,0
a,Pasar Badung,2022-10-12,38000.0,38000.0,43850.0,0,0,0
b,Pasar Kreneng,2022-10-12,38000.0,38000.0,44171.42857142857,0,0,0
2,Kota Singaraja,2022-10-12,33500.0,38000.0,40364.28571428572,0,0,0
a,Pasar Anyar,2022-10-12,35000.0,33500.0,39935.71428571428,0,0,0
b,Pasar Banyuasri,2022-10-12,32000.0,35000.0,35750.0,0,0,0
b,Pasar Banyuasri,2022-10-13,35000.0,32000.0,35642.857142857145,0,0,0
a,Pasar Anyar,2022-10-13,34000.0,35000.0,35071.42857142857,0,0,0
2,Kota Singaraja,2022-10-13,34500.0,34000.0,34571.42857142857,0,0,0
b,Pasar Kreneng,2022-10-13,36000.0,34500.0,34285.71428571428,0,0,0
1,Kota Denpasar,2022-10-13,36000.0,36000.0,34642.857142857145,0,0,0
II,Bali,2022-10-13,35250.0,36000.0,34678.57142857143,0,0,0
I,Semua Provinsi,2022-10-13,60650.0,35250.0,38771.42857142857,0,0,0
a,Pasar Badung,2022-10-13,36000.0,60650.0,38914.28571428572,0,0,0
I,Semua Provinsi,2022-10-14,59500.0,36000.0,42557.142857142855,0,0,0
II,Bali,2022-10-14,34400.0,59500.0,42542.857142857145,0,0,0
1,Kota Denpasar,2022-10-14,35250.0,34400.0,42435.71428571428,0,0,0
a,Pasar Badung,2022-10-14,35500.0,35250.0,42364.28571428572,0,0,0
b,Pasar Kreneng,2022-10-14,35000.0,35500.0,42328.57142857143,0,0,0
2,Kota Singaraja,2022-10-14,33500.0,35000.0,38450.0,0,0,0
a,Pasar Anyar,2022-10-14,34000.0,33500.0,38164.28571428572,0,0,0
b,Pasar Banyuasri,2022-10-14,33000.0,34000.0,34378.57142857143,0,0,0
2,Kota Singaraja,2022-10-17,29500.0,33000.0,33678.57142857143,0,0,0
b,Pasar Banyuasri,2022-10-17,31000.0,29500.0,33071.42857142857,0,0,0
a,Pasar Anyar,2022-10-17,28000.0,31000.0,32000.0,0,0,0
b,Pasar Kreneng,2022-10-17,32000.0,28000.0,31571.428571428572,0,0,0
a,Pasar Badung,2022-10-17,32000.0,32000.0,31357.14285714286,0,0,0
1,Kota Denpasar,2022-10-17,32000.0,32000.0,31071.428571428572,0,0,0
II,Bali,2022-10-17,30750.0,32000.0,30750.0,0,0,0
I,Semua Provinsi,2022-10-17,57400.0,30750.0,34735.71428571428,0,0,0
I,Semua Provinsi,2022-10-18,56150.0,57400.0,38328.57142857143,0,0,0
II,Bali,2022-10-18,30000.0,56150.0,38614.28571428572,0,0,0
1,Kota Denpasar,2022-10-18,32000.0,30000.0,38614.28571428572,0,0,0
a,Pasar Badung,2022-10-18,32000.0,32000.0,38614.28571428572,0,0,0
b,Pasar Kreneng,2022-10-18,32000.0,32000.0,38614.28571428572,0,0,0
2,Kota Singaraja,2022-10-18,28000.0,32000.0,38221.42857142857,0,0,0
a,Pasar Anyar,2022-10-18,28000.0,28000.0,34021.42857142857,0,0,0
b,Pasar Banyuasri,2022-10-18,28000.0,28000.0,30000.0,0,0,0
b,Pasar Banyuasri,2022-10-19,28000.0,28000.0,29714.285714285714,0,0,0
a,Pasar Anyar,2022-10-19,28000.0,28000.0,29142.85714285714,0,0,0
2,Kota Singaraja,2022-10-19,28000.0,28000.0,28571.428571428572,0,0,0
b,Pasar Kreneng,2022-10-19,35000.0,28000.0,29000.0,0,0,0
a,Pasar Badung,2022-10-19,35000.0,35000.0,30000.0,0,0,0
1,Kota Denpasar,2022-10-19,35000.0,35000.0,31000.0,0,0,0
II,Bali,2022-10-19,31500.0,35000.0,31500.0,0,0,0
I,Semua Provinsi,2022-10-19,54950.0,31500.0,35350.0,0,0,0
I,Semua Provinsi,2022-10-20,54150.0,54950.0,39085.71428571428,0,0,0
II,Bali,2022-10-20,29500.0,54150.0,39300.0,0,0,0
1,Kota Denpasar,2022-10-20,31000.0,29500.0,38728.57142857143,0,0,0
a,Pasar Badung,2022-10-20,31000.0,31000.0,38157.142857142855,0,0,0
b,Pasar Kreneng,2022-10-20,31000.0,31000.0,37585.71428571428,0,0,0
2,Kota Singaraja,2022-10-20,28000.0,31000.0,37085.71428571428,0,0,0
a,Pasar Anyar,2022-10-20,28000.0,28000.0,33235.71428571428,0,0,0
b,Pasar Banyuasri,2022-10-20,28000.0,28000.0,29500.0,0,0,0
b,Pasar Banyuasri,2022-10-21,28000.0,28000.0,29285.714285714286,0,0,0
2,Kota Singaraja,2022-10-21,28000.0,28000.0,28857.14285714286,0,0,0
b,Pasar Kreneng,2022-10-21,30000.0,28000.0,28714.285714285714,0,0,0
a,Pasar Anyar,2022-10-21,28000.0,30000.0,28285.714285714286,0,0,0
1,Kota Denpasar,2022-10-21,30000.0,28000.0,28571.428571428572,0,0,0
II,Bali,2022-10-21,29000.0,30000.0,28714.285714285714,0,0,0
I,Semua Provinsi,2022-10-21,53550.0,29000.0,32364.285714285714,0,0,0
a,Pasar Badung,2022-10-21,30000.0,53550.0,32650.0,0,0,0
I,Semua Provinsi,2022-10-24,51800.0,30000.0,36050.0,0,0,0
II,Bali,2022-10-24,29000.0,51800.0,35907.142857142855,0,0,0
1,Kota Denpasar,2022-10-24,29000.0,29000.0,36050.0,0,0,0
a,Pasar Badung,2022-10-24,29000.0,29000.0,35907.142857142855,0,0,0
b,Pasar Kreneng,2022-10-24,29000.0,29000.0,35907.142857142855,0,0,0
2,Kota Singaraja,2022-10-24,29000.0,29000.0,32400.0,0,0,0
a,Pasar Anyar,2022-10-24,28000.0,29000.0,32114.285714285714,0,0,0
b,Pasar Banyuasri,2022-10-24,30000.0,28000.0,29000.0,0,0,0
b,Pasar Banyuasri,2022-10-25,30000.0,30000.0,29142.85714285714,0,0,0
2,Kota Singaraja,2022-10-25,28000.0,30000.0,29000.0,0,0,0
b,Pasar Kreneng,2022-10-25,31000.0,28000.0,29285.714285714286,0,0,0
a,Pasar Anyar,2022-10-25,26000.0,31000.0,28857.14285714286,0,0,0
1,Kota Denpasar,2022-10-25,31000.0,26000.0,29142.85714285714,0,0,0
II,Bali,2022-10-25,29500.0,31000.0,29357.14285714286,0,0,0
I,Semua Provinsi,2022-10-25,51700.0,29500.0,32457.14285714286,0,0,0
a,Pasar Badung,2022-10-25,31000.0,51700.0,32600.0,0,0,0
b,Pasar Banyuasri,2022-10-26,30000.0,31000.0,32885.71428571428,0,0,0
2,Kota Singaraja,2022-10-26,28000.0,30000.0,32457.14285714286,0,0,0
b,Pasar Kreneng,2022-10-26,31000.0,28000.0,33171.42857142857,0,0,0
a,Pasar Anyar,2022-10-26,26000.0,31000.0,32457.14285714286,0,0,0
1,Kota Denpasar,2022-10-26,30500.0,26000.0,32600.0,0,0,0
II,Bali,2022-10-26,29250.0,30500.0,29392.85714285714,0,0,0
I,Semua Provinsi,2022-10-26,51150.0,29250.0,32271.428571428572,0,0,0
a,Pasar Badung,2022-10-26,30000.0,51150.0,32271.428571428572,0,0,0
I,Semua Provinsi,2022-10-27,51250.0,30000.0,35592.857142857145,0,0,0
II,Bali,2022-10-27,29000.0,51250.0,35307.142857142855,0,0,0
2,Kota Singaraja,2022-10-27,29000.0,29000.0,35735.71428571428,0,0,0
a,Pasar Anyar,2022-10-27,28000.0,29000.0,35378.57142857143,0,0,0
b,Pasar Banyuasri,2022-10-27,30000.0,28000.0,35485.71428571428,0,0,0
2,Kota Singaraja,2022-10-28,25000.0,30000.0,31750.0,0,0,0
b,Pasar Banyuasri,2022-10-28,25000.0,25000.0,31035.714285714286,0,0,0
a,Pasar Anyar,2022-10-28,25000.0,25000.0,27285.714285714286,0,0,0
b,Pasar Kreneng,2022-10-28,24000.0,25000.0,26571.428571428572,0,0,0
I,Semua Provinsi,2022-10-28,50900.0,24000.0,29700.0,0,0,0
1,Kota Denpasar,2022-10-28,23500.0,50900.0,29057.14285714286,0,0,0
II,Bali,2022-10-28,24250.0,23500.0,28235.714285714286,0,0,0
a,Pasar Badung,2022-10-28,23000.0,24250.0,27950.0,0,0,0
I,Semua Provinsi,2022-10-31,49100.0,23000.0,31392.85714285714,0,0,0
II,Bali,2022-10-31,23500.0,49100.0,31178.571428571428,0,0,0
1,Kota Denpasar,2022-10-31,23000.0,23500.0,31035.714285714286,0,0,0
a,Pasar Badung,2022-10-31,23000.0,23000.0,27050.0,0,0,0
b,Pasar Kreneng,2022-10-31,23000.0,23000.0,26978.571428571428,0,0,0
2,Kota Singaraja,2022-10-31,24000.0,23000.0,26942.85714285714,0,0,0
a,Pasar Anyar,2022-10-31,23000.0,24000.0,26942.85714285714,0,0,0
b,Pasar Banyuasri,2022-10-31,25000.0,23000.0,23500.0,0,0,0
b,Pasar Banyuasri,2022-11-01,24000.0,25000.0,23571.428571428572,0,0,0
a,Pasar Anyar,2022-11-01,23000.0,24000.0,23571.428571428572,0,0,0
2,Kota Singaraja,2022-11-01,23500.0,23000.0,23642.85714285714,0,0,0
b,Pasar Kreneng,2022-11-01,23000.0,23500.0,23642.85714285714,0,0,0
a,Pasar Badung,2022-11-01,23000.0,23000.0,23500.0,0,0,0
II,Bali,2022-11-01,23250.0,23000.0,23535.714285714286,0,0,0
I,Semua Provinsi,2022-11-01,48750.0,23250.0,26928.571428571428,0,0,0
1,Kota Denpasar,2022-11-01,23000.0,48750.0,26785.714285714286,0,0,0
I,Semua Provinsi,2022-11-02,48450.0,23000.0,30421.428571428572,0,0,0
II,Bali,2022-11-02,23000.0,48450.0,30350.0,0,0,0
1,Kota Denpasar,2022-11-02,22500.0,23000.0,30278.571428571428,0,0,0
a,Pasar Badung,2022-11-02,23000.0,22500.0,30278.571428571428,0,0,0
b,Pasar Kreneng,2022-11-02,22000.0,23000.0,30100.0,0,0,0
2,Kota Singaraja,2022-11-02,23500.0,22000.0,26492.85714285714,0,0,0
a,Pasar Anyar,2022-11-02,23000.0,23500.0,26492.85714285714,0,0,0
b,Pasar Banyuasri,2022-11-02,24000.0,23000.0,23000.0,0,0,0
2,Kota Singaraja,2022-11-03,23250.0,24000.0,23035.714285714286,0,0,0
a,Pasar Anyar,2022-11-03,23000.0,23250.0,23107.14285714286,0,0,0
b,Pasar Kreneng,2022-11-03,22000.0,23000.0,22964.285714285714,0,0,0
b,Pasar Banyuasri,2022-11-03,23500.0,22000.0,23178.571428571428,0,0,0
1,Kota Denpasar,2022-11-03,22500.0,23500.0,23035.714285714286,0,0,0
II,Bali,2022-11-03,22900.0,22500.0,23021.428571428572,0,0,0
I,Semua Provinsi,2022-11-03,47650.0,22900.0,26400.0,0,0,0
a,Pasar Badung,2022-11-03,23000.0,47650.0,26364.285714285714,0,0,0
I,Semua Provinsi,2022-11-04,47450.0,23000.0,29857.14285714286,0,0,0
II,Bali,2022-11-04,24650.0,47450.0,30235.714285714286,0,0,0
1,Kota Denpasar,2022-11-04,25000.0,24650.0,30450.0,0,0,0
a,Pasar Badung,2022-11-04,25000.0,25000.0,30807.14285714286,0,0,0
b,Pasar Kreneng,2022-11-04,25000.0,25000.0,31107.14285714286,0,0,0
2,Kota Singaraja,2022-11-04,24250.0,25000.0,27764.285714285714,0,0,0
a,Pasar Anyar,2022-11-04,25000.0,24250.0,28050.0,0,0,0
b,Pasar Banyuasri,2022-11-04,23500.0,25000.0,24628.571428571428,0,0,0
b,Pasar Banyuasri,2022-11-07,25000.0,23500.0,24678.571428571428,0,0,0
a,Pasar Anyar,2022-11-07,23000.0,25000.0,24392.85714285714,0,0,0
2,Kota Singaraja,2022-11-07,24000.0,23000.0,24250.0,0,0,0
b,Pasar Kreneng,2022-11-07,26000.0,24000.0,24392.85714285714,0,0,0
a,Pasar Badung,2022-11-07,25000.0,26000.0,24500.0,0,0,0
1,Kota Denpasar,2022-11-07,25500.0,25000.0,24571.428571428572,0,0,0
II,Bali,2022-11-07,24750.0,25500.0,24750.0,0,0,0
I,Semua Provinsi,2022-11-07,47350.0,24750.0,27942.85714285714,0,0,0
I,Semua Provinsi,2022-11-08,47450.0,47350.0,31435.714285714286,0,0,0
II,Bali,2022-11-08,24250.0,47450.0,31471.428571428572,0,0,0
1,Kota Denpasar,2022-11-08,25000.0,24250.0,31328.571428571428,0,0,0
a,Pasar Badung,2022-11-08,25000.0,25000.0,31328.571428571428,0,0,0
b,Pasar Kreneng,2022-11-08,25000.0,25000.0,31257.14285714286,0,0,0
2,Kota Singaraja,2022-11-08,23500.0,25000.0,31078.571428571428,0,0,0
a,Pasar Anyar,2022-11-08,23000.0,23500.0,27600.0,0,0,0
b,Pasar Banyuasri,2022-11-08,24000.0,23000.0,24250.0,0,0,0
b,Pasar Banyuasri,2022-11-09,23000.0,24000.0,24071.428571428572,0,0,0
a,Pasar Anyar,2022-11-09,23000.0,23000.0,23785.714285714286,0,0,0
2,Kota Singaraja,2022-11-09,23000.0,23000.0,23500.0,0,0,0
b,Pasar Kreneng,2022-11-09,25000.0,23000.0,23500.0,0,0,0
a,Pasar Badung,2022-11-09,25000.0,25000.0,23714.285714285714,0,0,0
1,Kota Denpasar,2022-11-09,25000.0,25000.0,24000.0,0,0,0
II,Bali,2022-11-09,24000.0,25000.0,24000.0,0,0,0
I,Semua Provinsi,2022-11-09,47150.0,24000.0,27450.0,0,0,0
I,Semua Provinsi,2022-11-10,47150.0,47150.0,30900.0,0,0,0
II,Bali,2022-11-10,22500.0,47150.0,30828.571428571428,0,0,0
1,Kota Denpasar,2022-11-10,23500.0,22500.0,30614.285714285714,0,0,0
a,Pasar Badung,2022-11-10,23000.0,23500.0,30328.571428571428,0,0,0
b,Pasar Kreneng,2022-11-10,24000.0,23000.0,30185.714285714286,0,0,0
2,Kota Singaraja,2022-11-10,21500.0,24000.0,29828.571428571428,0,0,0
a,Pasar Anyar,2022-11-10,21000.0,21500.0,26092.85714285714,0,0,0
b,Pasar Banyuasri,2022-11-10,22000.0,21000.0,22500.0,0,0,0
b,Pasar Banyuasri,2022-11-11,24000.0,22000.0,22714.285714285714,0,0,0
a,Pasar Anyar,2022-11-11,23000.0,24000.0,22642.85714285714,0,0,0
2,Kota Singaraja,2022-11-11,23500.0,23000.0,22714.285714285714,0,0,0
b,Pasar Kreneng,2022-11-11,24000.0,23500.0,22714.285714285714,0,0,0
a,Pasar Badung,2022-11-11,25000.0,24000.0,23214.285714285714,0,0,0
1,Kota Denpasar,2022-11-11,24500.0,25000.0,23714.285714285714,0,0,0
II,Bali,2022-11-11,24000.0,24500.0,24000.0,0,0,0
I,Semua Provinsi,2022-11-11,46850.0,24000.0,27264.285714285714,0,0,0
I,Semua Provinsi,2022-11-14,46400.0,46850.0,30607.14285714286,0,0,0
II,Bali,2022-11-14,23750.0,46400.0,30642.85714285714,0,0,0
1,Kota Denpasar,2022-11-14,24500.0,23750.0,30714.285714285714,0,0,0
a,Pasar Badung,2022-11-14,25000.0,24500.0,30714.285714285714,0,0,0
b,Pasar Kreneng,2022-11-14,24000.0,25000.0,30642.85714285714,0,0,0
2,Kota Singaraja,2022-11-14,23000.0,24000.0,30500.0,0,0,0
a,Pasar Anyar,2022-11-14,22000.0,23000.0,26950.0,0,0,0
b,Pasar Banyuasri,2022-11-14,24000.0,22000.0,23750.0,0,0,0
a,Pasar Anyar,2022-11-15,23000.0,24000.0,23642.85714285714,0,0,0
2,Kota Singaraja,2022-11-15,23000.0,23000.0,23428.571428571428,0,0,0
b,Pasar Kreneng,2022-11-15,26000.0,23000.0,23571.428571428572,0,0,0
b,Pasar Banyuasri,2022-11-15,23000.0,26000.0,23428.571428571428,0,0,0
1,Kota Denpasar,2022-11-15,25500.0,23000.0,23785.714285714286,0,0,0
II,Bali,2022-11-15,24250.0,25500.0,24107.14285714286,0,0,0
I,Semua Provinsi,2022-11-15,46700.0,24250.0,27350.0,0,0,0
a,Pasar Badung,2022-11-15,25000.0,46700.0,27635.714285714286,0,0,0
I,Semua Provinsi,2022-11-16,46650.0,25000.0,31014.285714285714,0,0,0
II,Bali,2022-11-16,25000.0,46650.0,30871.428571428572,0,0,0
1,Kota Denpasar,2022-11-16,25000.0,25000.0,31157.14285714286,0,0,0
a,Pasar Badung,2022-11-16,25000.0,25000.0,31085.714285714286,0,0,0
b,Pasar Kreneng,2022-11-16,25000.0,25000.0,31192.85714285714,0,0,0
2,Kota Singaraja,2022-11-16,25000.0,25000.0,28092.85714285714,0,0,0
a,Pasar Anyar,2022-11-16,25000.0,25000.0,28092.85714285714,0,0,0
b,Pasar Banyuasri,2022-11-16,25000.0,25000.0,25000.0,0,0,0
b,Pasar Banyuasri,2022-11-17,28000.0,25000.0,25428.571428571428,0,0,0
a,Pasar Anyar,2022-11-17,27000.0,28000.0,25714.285714285714,0,0,0
2,Kota Singaraja,2022-11-17,27500.0,27000.0,26071.428571428572,0,0,0
b,Pasar Kreneng,2022-11-17,25000.0,27500.0,26071.428571428572,0,0,0
a,Pasar Badung,2022-11-17,30000.0,25000.0,26785.714285714286,0,0,0
1,Kota Denpasar,2022-11-17,27500.0,30000.0,27142.85714285714,0,0,0
II,Bali,2022-11-17,27500.0,27500.0,27500.0,0,0,0
I,Semua Provinsi,2022-11-17,46000.0,27500.0,30071.428571428572,0,0,0
I,Semua Provinsi,2022-11-18,46300.0,46000.0,32828.57142857143,0,0,0
II,Bali,2022-11-18,27000.0,46300.0,32757.14285714286,0,0,0
1,Kota Denpasar,2022-11-18,25000.0,27000.0,32757.14285714286,0,0,0
a,Pasar Badung,2022-11-18,25000.0,25000.0,32042.85714285714,0,0,0
b,Pasar Kreneng,2022-11-18,25000.0,25000.0,31685.714285714286,0,0,0
2,Kota Singaraja,2022-11-18,29000.0,25000.0,31900.0,0,0,0
a,Pasar Anyar,2022-11-18,30000.0,29000.0,29614.285714285714,0,0,0
b,Pasar Banyuasri,2022-11-18,28000.0,30000.0,27000.0,0,0,0
a,Pasar Anyar,2022-11-21,28000.0,28000.0,27142.85714285714,0,0,0
2,Kota Singaraja,2022-11-21,28000.0,28000.0,27571.428571428572,0,0,0
b,Pasar Kreneng,2022-11-21,26000.0,28000.0,27714.285714285714,0,0,0
b,Pasar Banyuasri,2022-11-21,28000.0,26000.0,28142.85714285714,0,0,0
1,Kota Denpasar,2022-11-21,25500.0,28000.0,27642.85714285714,0,0,0
II,Bali,2022-11-21,26750.0,25500.0,27178.571428571428,0,0,0
I,Semua Provinsi,2022-11-21,48200.0,26750.0,30064.285714285714,0,0,0
a,Pasar Badung,2022-11-21,25000.0,48200.0,29635.714285714286,0,0,0
I,Semua Provinsi,2022-11-22,48100.0,25000.0,32507.14285714286,0,0,0
II,Bali,2022-11-22,26400.0,48100.0,32564.285714285714,0,0,0
1,Kota Denpasar,2022-11-22,25500.0,26400.0,32207.14285714286,0,0,0
a,Pasar Badung,2022-11-22,25000.0,25500.0,32135.714285714286,0,0,0
b,Pasar Kreneng,2022-11-22,26000.0,25000.0,32028.571428571428,0,0,0
2,Kota Singaraja,2022-11-22,27250.0,26000.0,29035.714285714286,0,0,0
a,Pasar Anyar,2022-11-22,27500.0,27250.0,29392.85714285714,0,0,0
b,Pasar Banyuasri,2022-11-22,27000.0,27500.0,26378.571428571428,0,0,0
a,Pasar Anyar,2022-11-23,27000.0,27000.0,26464.285714285714,0,0,0
2,Kota Singaraja,2022-11-23,26500.0,27000.0,26607.14285714286,0,0,0
b,Pasar Kreneng,2022-11-23,25000.0,26500.0,26607.14285714286,0,0,0
b,Pasar Banyuasri,2022-11-23,26000.0,25000.0,26607.14285714286,0,0,0
1,Kota Denpasar,2022-11-23,25000.0,26000.0,26285.714285714286,0,0,0
II,Bali,2022-11-23,25750.0,25000.0,26035.714285714286,0,0,0
I,Semua Provinsi,2022-11-23,47950.0,25750.0,29028.571428571428,0,0,0
a,Pasar Badung,2022-11-23,25000.0,47950.0,28742.85714285714,0,0,0
a,Pasar Anyar,2022-11-24,25000.0,25000.0,28528.571428571428,0,0,0
2,Kota Singaraja,2022-11-24,24500.0,25000.0,28457.14285714286,0,0,0
b,Pasar Kreneng,2022-11-24,25000.0,24500.0,28314.285714285714,0,0,0
b,Pasar Banyuasri,2022-11-24,24000.0,25000.0,28171.428571428572,0,0,0
1,Kota Denpasar,2022-11-24,25000.0,24000.0,28064.285714285714,0,0,0
II,Bali,2022-11-24,24750.0,25000.0,24750.0,0,0,0
I,Semua Provinsi,2022-11-24,48000.0,24750.0,28035.714285714286,0,0,0
a,Pasar Badung,2022-11-24,25000.0,48000.0,28035.714285714286,0,0,0
I,Semua Provinsi,2022-11-25,47750.0,25000.0,31357.14285714286,0,0,0
II,Bali,2022-11-25,25000.0,47750.0,31357.14285714286,0,0,0
1,Kota Denpasar,2022-11-25,25500.0,25000.0,31571.428571428572,0,0,0
a,Pasar Badung,2022-11-25,25000.0,25500.0,31571.428571428572,0,0,0
b,Pasar Kreneng,2022-11-25,26000.0,25000.0,31750.0,0,0,0
2,Kota Singaraja,2022-11-25,24500.0,26000.0,28392.85714285714,0,0,0
a,Pasar Anyar,2022-11-25,25000.0,24500.0,28392.85714285714,0,0,0
b,Pasar Banyuasri,2022-11-25,24000.0,25000.0,25000.0,0,0,0
2,Kota Singaraja,2022-11-28,23000.0,24000.0,24714.285714285714,0,0,0
b,Pasar Banyuasri,2022-11-28,23000.0,23000.0,24357.14285714286,0,0,0
a,Pasar Anyar,2022-11-28,23000.0,23000.0,24071.428571428572,0,0,0
b,Pasar Kreneng,2022-11-28,25000.0,23000.0,23928.571428571428,0,0,0
a,Pasar Badung,2022-11-28,25000.0,25000.0,24000.0,0,0,0
1,Kota Denpasar,2022-11-28,25000.0,25000.0,24000.0,0,0,0
II,Bali,2022-11-28,24000.0,25000.0,24000.0,0,0,0
I,Semua Provinsi,2022-11-28,48100.0,24000.0,27585.714285714286,0,0,0
I,Semua Provinsi,2022-11-29,47600.0,48100.0,31100.0,0,0,0
II,Bali,2022-11-29,25650.0,47600.0,31478.571428571428,0,0,0
1,Kota Denpasar,2022-11-29,27000.0,25650.0,31764.285714285714,0,0,0
a,Pasar Badung,2022-11-29,27000.0,27000.0,32050.0,0,0,0
b,Pasar Kreneng,2022-11-29,27000.0,27000.0,32335.714285714286,0,0,0
2,Kota Singaraja,2022-11-29,24250.0,27000.0,32371.428571428572,0,0,0
a,Pasar Anyar,2022-11-29,25500.0,24250.0,29142.85714285714,0,0,0
b,Pasar Banyuasri,2022-11-29,23000.0,25500.0,25628.571428571428,0,0,0
b,Pasar Banyuasri,2022-11-30,26000.0,23000.0,25678.571428571428,0,0,0
a,Pasar Anyar,2022-11-30,30000.0,26000.0,26107.14285714286,0,0,0
2,Kota Singaraja,2022-11-30,28000.0,30000.0,26250.0,0,0,0
b,Pasar Kreneng,2022-11-30,27000.0,28000.0,26250.0,0,0,0
1,Kota Denpasar,2022-11-30,27000.0,27000.0,26642.85714285714,0,0,0
II,Bali,2022-11-30,27500.0,27000.0,26928.571428571428,0,0,0
I,Semua Provinsi,2022-11-30,48300.0,27500.0,30542.85714285714,0,0,0
a,Pasar Badung,2022-11-30,27000.0,48300.0,30685.714285714286,0,0,0
I,Semua Provinsi,2022-12-01,47200.0,27000.0,33142.857142857145,0,0,0
II,Bali,2022-12-01,26250.0,47200.0,32892.857142857145,0,0,0
1,Kota Denpasar,2022-12-01,25000.0,26250.0,32607.14285714286,0,0,0
a,Pasar Badung,2022-12-01,25000.0,25000.0,32321.428571428572,0,0,0
b,Pasar Kreneng,2022-12-01,25000.0,25000.0,31964.285714285714,0,0,0
2,Kota Singaraja,2022-12-01,27500.0,25000.0,28992.85714285714,0,0,0
a,Pasar Anyar,2022-12-01,29000.0,27500.0,29278.571428571428,0,0,0
b,Pasar Banyuasri,2022-12-01,26000.0,29000.0,26250.0,0,0,0
2,Kota Singaraja,2022-12-02,28500.0,26000.0,26571.428571428572,0,0,0
b,Pasar Banyuasri,2022-12-02,29000.0,28500.0,27142.85714285714,0,0,0
a,Pasar Anyar,2022-12-02,28000.0,29000.0,27571.428571428572,0,0,0
b,Pasar Kreneng,2022-12-02,25000.0,28000.0,27571.428571428572,0,0,0
a,Pasar Badung,2022-12-02,25000.0,25000.0,27214.285714285714,0,0,0
1,Kota Denpasar,2022-12-02,25000.0,25000.0,26642.85714285714,0,0,0
II,Bali,2022-12-02,26750.0,25000.0,26750.0,0,0,0
I,Semua Provinsi,2022-12-02,47750.0,26750.0,29500.0,0,0,0
I,Semua Provinsi,2022-12-05,51500.0,47750.0,32714.285714285714,0,0,0
II,Bali,2022-12-05,31250.0,51500.0,33178.57142857143,0,0,0
1,Kota Denpasar,2022-12-05,25000.0,31250.0,33178.57142857143,0,0,0
a,Pasar Badung,2022-12-05,25000.0,25000.0,33178.57142857143,0,0,0
b,Pasar Kreneng,2022-12-05,25000.0,25000.0,33178.57142857143,0,0,0
2,Kota Singaraja,2022-12-05,37500.0,25000.0,34714.28571428572,0,0,0
a,Pasar Anyar,2022-12-05,37000.0,37500.0,33178.57142857143,0,0,0
b,Pasar Banyuasri,2022-12-05,38000.0,37000.0,31250.0,0,0,0
b,Pasar Banyuasri,2022-12-06,38000.0,38000.0,32214.285714285714,0,0,0
a,Pasar Anyar,2022-12-06,38000.0,38000.0,34071.42857142857,0,0,0
2,Kota Singaraja,2022-12-06,38000.0,38000.0,35928.57142857143,0,0,0
b,Pasar Kreneng,2022-12-06,25000.0,38000.0,35928.57142857143,0,0,0
a,Pasar Badung,2022-12-06,25000.0,25000.0,34142.857142857145,0,0,0
1,Kota Denpasar,2022-12-06,25000.0,25000.0,32428.571428571428,0,0,0
II,Bali,2022-12-06,31500.0,25000.0,31500.0,0,0,0
I,Semua Provinsi,2022-12-06,52400.0,31500.0,33557.142857142855,0,0,0
I,Semua Provinsi,2022-12-07,53650.0,52400.0,35792.857142857145,0,0,0
II,Bali,2022-12-07,33000.0,53650.0,35078.57142857143,0,0,0
1,Kota Denpasar,2022-12-07,25000.0,33000.0,35078.57142857143,0,0,0
a,Pasar Badung,2022-12-07,25000.0,25000.0,35078.57142857143,0,0,0
b,Pasar Kreneng,2022-12-07,25000.0,25000.0,35078.57142857143,0,0,0
2,Kota Singaraja,2022-12-07,41000.0,25000.0,36435.71428571428,0,0,0
a,Pasar Anyar,2022-12-07,37000.0,41000.0,34235.71428571428,0,0,0
b,Pasar Banyuasri,2022-12-07,45000.0,37000.0,33000.0,0,0,0
a,Pasar Anyar,2022-12-08,37000.0,45000.0,33571.42857142857,0,0,0
2,Kota Singaraja,2022-12-08,37500.0,37000.0,35357.142857142855,0,0,0
b,Pasar Kreneng,2022-12-08,25000.0,37500.0,35357.142857142855,0,0,0
b,Pasar Banyuasri,2022-12-08,38000.0,25000.0,37214.28571428572,0,0,0
1,Kota Denpasar,2022-12-08,25000.0,38000.0,34928.57142857143,0,0,0
II,Bali,2022-12-08,31250.0,25000.0,34107.142857142855,0,0,0
I,Semua Provinsi,2022-12-08,54800.0,31250.0,35507.142857142855,0,0,0
a,Pasar Badung,2022-12-08,25000.0,54800.0,33792.857142857145,0,0,0
I,Semua Provinsi,2022-12-09,55750.0,25000.0,36400.0,0,0,0
II,Bali,2022-12-09,30750.0,55750.0,37221.42857142857,0,0,0
1,Kota Denpasar,2022-12-09,25000.0,30750.0,35364.28571428572,0,0,0
a,Pasar Badung,2022-12-09,25000.0,25000.0,35364.28571428572,0,0,0
b,Pasar Kreneng,2022-12-09,25000.0,25000.0,34471.42857142857,0,0,0
2,Kota Singaraja,2022-12-09,36500.0,25000.0,31857.14285714286,0,0,0
a,Pasar Anyar,2022-12-09,37000.0,36500.0,33571.42857142857,0,0,0
b,Pasar Banyuasri,2022-12-09,36000.0,37000.0,30750.0,0,0,0
b,Pasar Banyuasri,2022-12-12,36000.0,36000.0,31500.0,0,0,0
a,Pasar Anyar,2022-12-12,35000.0,36000.0,32928.57142857143,0,0,0
2,Kota Singaraja,2022-12-12,35500.0,35000.0,34428.57142857143,0,0,0
b,Pasar Kreneng,2022-12-12,25000.0,35500.0,34428.57142857143,0,0,0
a,Pasar Badung,2022-12-12,25000.0,25000.0,32785.71428571428,0,0,0
1,Kota Denpasar,2022-12-12,25000.0,25000.0,31071.428571428572,0,0,0
II,Bali,2022-12-12,30250.0,25000.0,30250.0,0,0,0
I,Semua Provinsi,2022-12-12,55400.0,30250.0,33021.42857142857,0,0,0
I,Semua Provinsi,2022-12-13,55050.0,55400.0,35885.71428571428,0,0,0
II,Bali,2022-12-13,27900.0,55050.0,34800.0,0,0,0
1,Kota Denpasar,2022-12-13,25000.0,27900.0,34800.0,0,0,0
a,Pasar Badung,2022-12-13,25000.0,25000.0,34800.0,0,0,0
b,Pasar Kreneng,2022-12-13,25000.0,25000.0,34800.0,0,0,0
2,Kota Singaraja,2022-12-13,30750.0,25000.0,34871.42857142857,0,0,0
a,Pasar Anyar,2022-12-13,28000.0,30750.0,30957.14285714286,0,0,0
b,Pasar Banyuasri,2022-12-13,33500.0,28000.0,27878.571428571428,0,0,0
a,Pasar Anyar,2022-12-14,30000.0,33500.0,28178.571428571428,0,0,0
2,Kota Singaraja,2022-12-14,29000.0,30000.0,28750.0,0,0,0
b,Pasar Kreneng,2022-12-14,25000.0,29000.0,28750.0,0,0,0
b,Pasar Banyuasri,2022-12-14,28000.0,25000.0,29178.571428571428,0,0,0
1,Kota Denpasar,2022-12-14,25000.0,28000.0,28357.14285714286,0,0,0
II,Bali,2022-12-14,27000.0,25000.0,28214.285714285714,0,0,0
I,Semua Provinsi,2022-12-14,54600.0,27000.0,31228.571428571428,0,0,0
a,Pasar Badung,2022-12-14,25000.0,54600.0,30514.285714285714,0,0,0
I,Semua Provinsi,2022-12-15,54250.0,25000.0,34121.42857142857,0,0,0
II,Bali,2022-12-15,26750.0,54250.0,34371.42857142857,0,0,0
1,Kota Denpasar,2022-12-15,25000.0,26750.0,33942.857142857145,0,0,0
a,Pasar Badung,2022-12-15,25000.0,25000.0,33942.857142857145,0,0,0
b,Pasar Kreneng,2022-12-15,25000.0,25000.0,33657.142857142855,0,0,0
2,Kota Singaraja,2022-12-15,28500.0,25000.0,29928.571428571428,0,0,0
a,Pasar Anyar,2022-12-15,27000.0,28500.0,30214.285714285714,0,0,0
b,Pasar Banyuasri,2022-12-15,30000.0,27000.0,26750.0,0,0,0
a,Pasar Anyar,2022-12-16,27000.0,30000.0,26785.714285714286,0,0,0
2,Kota Singaraja,2022-12-16,27000.0,27000.0,27071.428571428572,0,0,0
b,Pasar Kreneng,2022-12-16,25000.0,27000.0,27071.428571428572,0,0,0
b,Pasar Banyuasri,2022-12-16,27000.0,25000.0,27357.14285714286,0,0,0
1,Kota Denpasar,2022-12-16,25000.0,27000.0,26857.14285714286,0,0,0
II,Bali,2022-12-16,26000.0,25000.0,26714.285714285714,0,0,0
I,Semua Provinsi,2022-12-16,53750.0,26000.0,30107.14285714286,0,0,0
a,Pasar Badung,2022-12-16,25000.0,53750.0,29821.428571428572,0,0,0
a,Pasar Anyar,2022-12-19,28000.0,25000.0,29964.285714285714,0,0,0
2,Kota Singaraja,2022-12-19,28000.0,28000.0,30392.85714285714,0,0,0
b,Pasar Kreneng,2022-12-19,21000.0,28000.0,29535.714285714286,0,0,0
b,Pasar Banyuasri,2022-12-19,28000.0,21000.0,29964.285714285714,0,0,0
1,Kota Denpasar,2022-12-19,21000.0,28000.0,29250.0,0,0,0
II,Bali,2022-12-19,24500.0,21000.0,25071.428571428572,0,0,0
I,Semua Provinsi,2022-12-19,53900.0,24500.0,29200.0,0,0,0
a,Pasar Badung,2022-12-19,21000.0,53900.0,28200.0,0,0,0
I,Semua Provinsi,2022-12-20,54650.0,21000.0,32007.14285714286,0,0,0
II,Bali,2022-12-20,24000.0,54650.0,32435.714285714286,0,0,0
1,Kota Denpasar,2022-12-20,21000.0,24000.0,31435.714285714286,0,0,0
a,Pasar Badung,2022-12-20,21000.0,21000.0,31435.714285714286,0,0,0
b,Pasar Kreneng,2022-12-20,21000.0,21000.0,30935.714285714286,0,0,0
2,Kota Singaraja,2022-12-20,27000.0,21000.0,27092.85714285714,0,0,0
a,Pasar Anyar,2022-12-20,28000.0,27000.0,28092.85714285714,0,0,0
b,Pasar Banyuasri,2022-12-20,26000.0,28000.0,24000.0,0,0,0
2,Kota Singaraja,2022-12-21,27750.0,26000.0,24535.714285714286,0,0,0
b,Pasar Banyuasri,2022-12-21,27500.0,27750.0,25464.285714285714,0,0,0
b,Pasar Kreneng,2022-12-21,21000.0,27500.0,25464.285714285714,0,0,0
a,Pasar Anyar,2022-12-21,28000.0,21000.0,26464.285714285714,0,0,0
1,Kota Denpasar,2022-12-21,21000.0,28000.0,25607.14285714286,0,0,0
II,Bali,2022-12-21,24400.0,21000.0,25092.85714285714,0,0,0
I,Semua Provinsi,2022-12-21,54650.0,24400.0,29185.714285714286,0,0,0
a,Pasar Badung,2022-12-21,21000.0,54650.0,28221.428571428572,0,0,0
I,Semua Provinsi,2022-12-22,54800.0,21000.0,32121.428571428572,0,0,0
II,Bali,2022-12-22,23900.0,54800.0,32535.714285714286,0,0,0
1,Kota Denpasar,2022-12-22,21000.0,23900.0,31535.714285714286,0,0,0
a,Pasar Badung,2022-12-22,21000.0,21000.0,31535.714285714286,0,0,0
b,Pasar Kreneng,2022-12-22,21000.0,21000.0,31050.0,0,0,0
2,Kota Singaraja,2022-12-22,26750.0,21000.0,27064.285714285714,0,0,0
a,Pasar Anyar,2022-12-22,26000.0,26750.0,27778.571428571428,0,0,0
b,Pasar Banyuasri,2022-12-22,27500.0,26000.0,23878.571428571428,0,0,0
b,Pasar Banyuasri,2022-12-23,35000.0,27500.0,25464.285714285714,0,0,0
a,Pasar Anyar,2022-12-23,34000.0,35000.0,27321.428571428572,0,0,0
2,Kota Singaraja,2022-12-23,34500.0,34000.0,29250.0,0,0,0
b,Pasar Kreneng,2022-12-23,21000.0,34500.0,29250.0,0,0,0
a,Pasar Badung,2022-12-23,21000.0,21000.0,28428.571428571428,0,0,0
1,Kota Denpasar,2022-12-23,21000.0,21000.0,27714.285714285714,0,0,0
II,Bali,2022-12-23,27750.0,21000.0,27750.0,0,0,0
I,Semua Provinsi,2022-12-23,55200.0,27750.0,30635.714285714286,0,0,0
I,Semua Provinsi,2022-12-26,58500.0,55200.0,34135.71428571428,0,0,0
II,Bali,2022-12-26,29000.0,58500.0,33350.0,0,0,0
1,Kota Denpasar,2022-12-26,21000.0,29000.0,33350.0,0,0,0
a,Pasar Badung,2022-12-26,21000.0,21000.0,33350.0,0,0,0
b,Pasar Kreneng,2022-12-26,21000.0,21000.0,33350.0,0,0,0
2,Kota Singaraja,2022-12-26,37000.0,21000.0,34671.42857142857,0,0,0
a,Pasar Anyar,2022-12-26,38000.0,37000.0,32214.285714285714,0,0,0
b,Pasar Banyuasri,2022-12-26,36000.0,38000.0,29000.0,0,0,0
a,Pasar Anyar,2022-12-27,40000.0,36000.0,30571.428571428572,0,0,0
2,Kota Singaraja,2022-12-27,38500.0,40000.0,33071.42857142857,0,0,0
b,Pasar Kreneng,2022-12-27,21000.0,38500.0,33071.42857142857,0,0,0
b,Pasar Banyuasri,2022-12-27,37000.0,21000.0,35357.142857142855,0,0,0
1,Kota Denpasar,2022-12-27,21000.0,37000.0,33071.42857142857,0,0,0
II,Bali,2022-12-27,29750.0,21000.0,31892.85714285714,0,0,0
I,Semua Provinsi,2022-12-27,59400.0,29750.0,35235.71428571428,0,0,0
a,Pasar Badung,2022-12-27,21000.0,59400.0,32521.428571428572,0,0,0
I,Semua Provinsi,2022-12-28,60350.0,21000.0,35642.857142857145,1,0,0
II,Bali,2022-12-28,29750.0,60350.0,36892.857142857145,1,0,0
1,Kota Denpasar,2022-12-28,21000.0,29750.0,34607.142857142855,1,0,0
a,Pasar Badung,2022-12-28,21000.0,21000.0,34607.142857142855,1,0,0
b,Pasar Kreneng,2022-12-28,21000.0,21000.0,33357.142857142855,1,0,0
2,Kota Singaraja,2022-12-28,38500.0,21000.0,30371.428571428572,1,0,0
a,Pasar Anyar,2022-12-28,40000.0,38500.0,33085.71428571428,1,0,0
b,Pasar Banyuasri,2022-12-28,37000.0,40000.0,29750.0,1,0,0
a,Pasar Anyar,2022-12-29,40000.0,37000.0,31214.285714285714,1,0,0
2,Kota Singaraja,2022-12-29,40000.0,40000.0,33928.57142857143,1,0,0
b,Pasar Kreneng,2022-12-29,21000.0,40000.0,33928.57142857143,1,0,0
b,Pasar Banyuasri,2022-12-29,40000.0,21000.0,36642.857142857145,1,0,0
1,Kota Denpasar,2022-12-29,21000.0,40000.0,34142.857142857145,1,0,0
II,Bali,2022-12-29,30500.0,21000.0,32785.71428571428,1,0,0
I,Semua Provinsi,2022-12-29,61050.0,30500.0,36221.42857142857,1,0,0
a,Pasar Badung,2022-12-29,21000.0,61050.0,33507.142857142855,1,0,0
a,Pasar Anyar,2022-12-30,45000.0,21000.0,34221.42857142857,1,0,0
2,Kota Singaraja,2022-12-30,46500.0,45000.0,37864.28571428572,1,0,0
b,Pasar Kreneng,2022-12-30,21000.0,46500.0,35150.0,1,0,0
b,Pasar Banyuasri,2022-12-30,48000.0,21000.0,39007.142857142855,1,0,0
1,Kota Denpasar,2022-12-30,21000.0,48000.0,37650.0,1,0,0
II,Bali,2022-12-30,33750.0,21000.0,33750.0,1,0,0
I,Semua Provinsi,2022-12-30,61200.0,33750.0,39492.857142857145,1,0,0
a,Pasar Badung,2022-12-30,21000.0,61200.0,36064.28571428572,1,0,0
I,Semua Provinsi,2023-01-02,69300.0,21000.0,39321.42857142857,1,0,0
II,Bali,2023-01-02,44400.0,69300.0,42664.28571428572,1,0,0
1,Kota Denpasar,2023-01-02,21000.0,44400.0,38807.142857142855,1,0,0
a,Pasar Badung,2023-01-02,21000.0,21000.0,38807.142857142855,1,0,0
b,Pasar Kreneng,2023-01-02,21000.0,21000.0,36985.71428571428,1,0,0
2,Kota Singaraja,2023-01-02,67750.0,21000.0,37921.42857142857,1,0,0
a,Pasar Anyar,2023-01-02,67000.0,67750.0,44492.857142857145,1,0,0
b,Pasar Banyuasri,2023-01-02,68500.0,67000.0,44378.57142857143,1,0,0
2,Kota Singaraja,2023-01-03,60750.0,68500.0,46714.28571428572,1,0,0
b,Pasar Banyuasri,2023-01-03,63500.0,60750.0,52785.71428571428,1,0,0
a,Pasar Anyar,2023-01-03,58000.0,63500.0,58071.42857142857,1,0,0
b,Pasar Kreneng,2023-01-03,50000.0,58000.0,62214.28571428572,1,0,0
1,Kota Denpasar,2023-01-03,50000.0,50000.0,59678.57142857143,1,0,0
II,Bali,2023-01-03,55400.0,50000.0,58021.42857142857,1,0,0
I,Semua Provinsi,2023-01-03,70200.0,55400.0,58264.28571428572,1,0,0
a,Pasar Badung,2023-01-03,50000.0,70200.0,56728.57142857143,1,0,0
I,Semua Provinsi,2023-01-04,69650.0,50000.0,57607.142857142855,0,1,0
II,Bali,2023-01-04,50000.0,69650.0,56464.28571428572,0,1,0
1,Kota Denpasar,2023-01-04,50000.0,50000.0,56464.28571428572,0,1,0
a,Pasar Badung,2023-01-04,50000.0,50000.0,56464.28571428572,0,1,0
b,Pasar Kreneng,2023-01-04,50000.0,50000.0,55692.857142857145,0,1,0
b,Pasar Banyuasri,2023-01-05,63500.0,50000.0,54735.71428571428,0,0,1
a,Pasar Anyar,2023-01-05,58000.0,63500.0,55878.57142857143,0,0,1
2,Kota Singaraja,2023-01-05,60750.0,58000.0,54607.142857142855,0,0,1
b,Pasar Kreneng,2023-01-05,50000.0,60750.0,54607.142857142855,0,0,1
II,Bali,2023-01-05,55400.0,50000.0,55378.57142857143,0,0,1
1,Kota Denpasar,2023-01-05,50000.0,55400.0,55378.57142857143,0,0,1
I,Semua Provinsi,2023-01-05,68550.0,50000.0,58028.57142857143,0,0,1
a,Pasar Badung,2023-01-05,50000.0,68550.0,56100.0,0,0,1
2,Kota Singaraja,2023-01-06,49500.0,50000.0,54885.71428571428,0,0,1
b,Pasar Banyuasri,2023-01-06,51000.0,49500.0,53492.857142857145,0,0,1
a,Pasar Anyar,2023-01-06,48000.0,51000.0,53207.142857142855,0,0,1
b,Pasar Kreneng,2023-01-06,70000.0,48000.0,55292.857142857145,0,0,1
II,Bali,2023-01-06,57250.0,70000.0,56328.57142857143,0,0,1
1,Kota Denpasar,2023-01-06,65000.0,57250.0,55821.42857142857,0,0,1
I,Semua Provinsi,2023-01-06,67650.0,65000.0,58342.857142857145,0,0,1
a,Pasar Badung,2023-01-06,60000.0,67650.0,59842.857142857145,0,0,1
a,Pasar Anyar,2023-01-09,42000.0,60000.0,58557.142857142855,1,0,0
I,Semua Provinsi,2023-01-09,66750.0,42000.0,61235.71428571428,1,0,0
II,Bali,2023-01-09,52250.0,66750.0,58700.0,1,0,0
1,Kota Denpasar,2023-01-09,60000.0,52250.0,59092.857142857145,1,0,0
a,Pasar Badung,2023-01-09,60000.0,60000.0,58378.57142857143,1,0,0
b,Pasar Kreneng,2023-01-09,60000.0,60000.0,57285.71428571428,1,0,0
2,Kota Singaraja,2023-01-09,44500.0,60000.0,55071.42857142857,1,0,0
b,Pasar Banyuasri,2023-01-09,47000.0,44500.0,55785.71428571428,1,0,0
II,Bali,2023-01-10,51250.0,47000.0,53571.42857142857,1,0,0
a,Pasar Anyar,2023-01-10,40000.0,51250.0,51821.42857142857,1,0,0
b,Pasar Banyuasri,2023-01-10,45000.0,40000.0,49678.57142857143,1,0,0
2,Kota Singaraja,2023-01-10,42500.0,45000.0,47178.57142857143,1,0,0
I,Semua Provinsi,2023-01-10,65400.0,42500.0,47950.0,1,0,0
a,Pasar Badung,2023-01-10,60000.0,65400.0,50164.28571428572,1,0,0
1,Kota Denpasar,2023-01-10,60000.0,60000.0,52021.42857142857,1,0,0
b,Pasar Kreneng,2023-01-10,60000.0,60000.0,53271.42857142857,1,0,0
I,Semua Provinsi,2023-01-11,64050.0,60000.0,56707.142857142855,1,0,0
II,Bali,2023-01-11,50000.0,64050.0,57421.42857142857,1,0,0
1,Kota Denpasar,2023-01-11,57500.0,50000.0,59564.28571428572,1,0,0
a,Pasar Badung,2023-01-11,55000.0,57500.0,58078.57142857143,1,0,0
b,Pasar Kreneng,2023-01-11,60000.0,55000.0,58078.57142857143,1,0,0
2,Kota Singaraja,2023-01-11,42500.0,60000.0,55578.57142857143,1,0,0
a,Pasar Anyar,2023-01-11,40000.0,42500.0,52721.42857142857,1,0,0
b,Pasar Banyuasri,2023-01-11,45000.0,40000.0,50000.0,1,0,0
b,Pasar Banyuasri,2023-01-12,45000.0,45000.0,49285.71428571428,1,0,0
a,Pasar Anyar,2023-01-12,42000.0,45000.0,47071.42857142857,1,0,0
2,Kota Singaraja,2023-01-12,43500.0,42000.0,45428.57142857143,1,0,0
b,Pasar Kreneng,2023-01-12,50000.0,43500.0,44000.0,1,0,0
1,Kota Denpasar,2023-01-12,47500.0,50000.0,44714.28571428572,1,0,0
II,Bali,2023-01-12,45500.0,47500.0,45500.0,1,0,0
I,Semua Provinsi,2023-01-12,62850.0,45500.0,48050.0,1,0,0
a,Pasar Badung,2023-01-12,45000.0,62850.0,48050.0,1,0,0
b,Pasar Banyuasri,2023-01-13,45000.0,45000.0,48478.57142857143,1,0,0
I,Semua Provinsi,2023-01-13,61750.0,45000.0,51085.71428571428,1,0,0
II,Bali,2023-01-13,46250.0,61750.0,50550.0,1,0,0
1,Kota Denpasar,2023-01-13,47500.0,46250.0,50550.0,1,0,0
a,Pasar Badung,2023-01-13,45000.0,47500.0,50478.57142857143,1,0,0
b,Pasar Kreneng,2023-01-13,50000.0,45000.0,48642.857142857145,1,0,0
2,Kota Singaraja,2023-01-13,45000.0,50000.0,48642.857142857145,1,0,0
a,Pasar Anyar,2023-01-13,45000.0,45000.0,48642.857142857145,1,0,0
b,Pasar Banyuasri,2023-01-16,40000.0,45000.0,45535.71428571428,0,0,1
2,Kota Singaraja,2023-01-16,37500.0,40000.0,44285.71428571428,0,0,1
a,Pasar Anyar,2023-01-16,35000.0,37500.0,42500.0,0,0,1
b,Pasar Kreneng,2023-01-16,40000.0,35000.0,41785.71428571428,0,0,1
II,Bali,2023-01-16,38750.0,40000.0,40178.57142857143,0,0,1
1,Kota Denpasar,2023-01-16,40000.0,38750.0,39464.28571428572,0,0,1
I,Semua Provinsi,2023-01-16,58400.0,40000.0,41378.57142857143,0,0,1
a,Pasar Badung,2023-01-16,40000.0,58400.0,41378.57142857143,0,0,1
I,Semua Provinsi,2023-01-17,57550.0,40000.0,44242.857142857145,0,0,1
II,Bali,2023-01-17,45000.0,57550.0,45671.42857142857,0,0,1
1,Kota Denpasar,2023-01-17,50000.0,45000.0,47100.0,0,0,1
a,Pasar Badung,2023-01-17,50000.0,50000.0,48707.142857142855,0,0,1
b,Pasar Kreneng,2023-01-17,50000.0,50000.0,50135.71428571428,0,0,1
2,Kota Singaraja,2023-01-17,40000.0,50000.0,47507.142857142855,0,0,1
a,Pasar Anyar,2023-01-17,40000.0,40000.0,47507.142857142855,0,0,1
b,Pasar Banyuasri,2023-01-17,40000.0,40000.0,45000.0,0,0,1
b,Pasar Banyuasri,2023-01-18,44000.0,40000.0,44857.142857142855,0,0,0
a,Pasar Anyar,2023-01-18,42000.0,44000.0,43714.28571428572,0,0,0
2,Kota Singaraja,2023-01-18,43000.0,42000.0,42714.28571428572,0,0,0
b,Pasar Kreneng,2023-01-18,50000.0,43000.0,42714.28571428572,0,0,0
I,Semua Provinsi,2023-01-18,57400.0,50000.0,45200.0,0,0,0
1,Kota Denpasar,2023-01-18,47500.0,57400.0,46271.42857142857,0,0,0
II,Bali,2023-01-18,45250.0,47500.0,47021.42857142857,0,0,0
a,Pasar Badung,2023-01-18,45000.0,45250.0,47164.28571428572,0,0,0
2,Kota Singaraja,2023-01-19,42000.0,45000.0,47164.28571428572,0,0,0
b,Pasar Banyuasri,2023-01-19,42000.0,42000.0,47021.42857142857,0,0,0
a,Pasar Anyar,2023-01-19,42000.0,42000.0,45878.57142857143,0,0,0
b,Pasar Kreneng,2023-01-19,45000.0,42000.0,44107.142857142855,0,0,0
I,Semua Provinsi,2023-01-19,57100.0,45000.0,45478.57142857143,0,0,0
1,Kota Denpasar,2023-01-19,45000.0,57100.0,45442.857142857145,0,0,0
II,Bali,2023-01-19,43500.0,45000.0,45228.57142857143,0,0,0
a,Pasar Badung,2023-01-19,45000.0,43500.0,45657.142857142855,0,0,0
I,Semua Provinsi,2023-01-20,56300.0,45000.0,47700.0,0,0,0
II,Bali,2023-01-20,41250.0,56300.0,47592.857142857145,0,0,0
1,Kota Denpasar,2023-01-20,40000.0,41250.0,46878.57142857143,0,0,0
a,Pasar Badung,2023-01-20,40000.0,40000.0,44435.71428571428,0,0,0
b,Pasar Kreneng,2023-01-20,40000.0,40000.0,43721.42857142857,0,0,0
2,Kota Singaraja,2023-01-20,42500.0,40000.0,43578.57142857143,0,0,0
a,Pasar Anyar,2023-01-20,43000.0,42500.0,43292.857142857145,0,0,0
b,Pasar Banyuasri,2023-01-20,42000.0,43000.0,41250.0,0,0,0
2,Kota Singaraja,2023-01-23,42500.0,42000.0,41428.57142857143,0,0,0
b,Pasar Banyuasri,2023-01-23,42000.0,42500.0,41714.28571428572,0,0,0
a,Pasar Anyar,2023-01-23,43000.0,42000.0,42142.857142857145,0,0,0
b,Pasar Kreneng,2023-01-23,45000.0,43000.0,42857.142857142855,0,0,0
I,Semua Provinsi,2023-01-23,55400.0,45000.0,44700.0,0,0,0
1,Kota Denpasar,2023-01-23,45000.0,55400.0,44985.71428571428,0,0,0
II,Bali,2023-01-23,43750.0,45000.0,45235.71428571428,0,0,0
a,Pasar Badung,2023-01-23,45000.0,43750.0,45592.857142857145,0,0,0
I,Semua Provinsi,2023-01-24,56150.0,45000.0,47614.28571428572,0,0,0
II,Bali,2023-01-24,49650.0,56150.0,48564.28571428572,0,0,0
1,Kota Denpasar,2023-01-24,50000.0,49650.0,49278.57142857143,0,0,0
a,Pasar Badung,2023-01-24,50000.0,50000.0,48507.142857142855,0,0,0
b,Pasar Kreneng,2023-01-24,50000.0,50000.0,49221.42857142857,0,0,0
2,Kota Singaraja,2023-01-24,49250.0,50000.0,50007.142857142855,0,0,0
a,Pasar Anyar,2023-01-24,49000.0,49250.0,50578.57142857143,0,0,0
b,Pasar Banyuasri,2023-01-24,49500.0,49000.0,49628.57142857143,0,0,0
b,Pasar Banyuasri,2023-01-25,44500.0,49500.0,48892.857142857145,0,0,0
a,Pasar Anyar,2023-01-25,47000.0,44500.0,48464.28571428572,0,0,0
2,Kota Singaraja,2023-01-25,45750.0,47000.0,47857.142857142855,0,0,0
b,Pasar Kreneng,2023-01-25,44000.0,45750.0,47000.0,0,0,0
1,Kota Denpasar,2023-01-25,44500.0,44000.0,46321.42857142857,0,0,0
II,Bali,2023-01-25,45150.0,44500.0,45771.42857142857,0,0,0
I,Semua Provinsi,2023-01-25,55550.0,45150.0,46635.71428571428,0,0,0
a,Pasar Badung,2023-01-25,45000.0,55550.0,46707.142857142855,0,0,0
I,Semua Provinsi,2023-01-26,55350.0,45000.0,47900.0,0,0,0
II,Bali,2023-01-26,45250.0,55350.0,47828.57142857143,0,0,0
1,Kota Denpasar,2023-01-26,45250.0,45250.0,48007.142857142855,0,0,0
a,Pasar Badung,2023-01-26,45000.0,45250.0,48078.57142857143,0,0,0
b,Pasar Kreneng,2023-01-26,45500.0,45000.0,48128.57142857143,0,0,0
2,Kota Singaraja,2023-01-26,45250.0,45500.0,46657.142857142855,0,0,0
a,Pasar Anyar,2023-01-26,46000.0,45250.0,46800.0,0,0,0
b,Pasar Banyuasri,2023-01-26,44500.0,46000.0,45250.0,0,0,0
2,Kota Singaraja,2023-01-27,48000.0,44500.0,45642.857142857145,0,0,0
b,Pasar Banyuasri,2023-01-27,49000.0,48000.0,46178.57142857143,0,0,0
a,Pasar Anyar,2023-01-27,47000.0,49000.0,46464.28571428572,0,0,0
b,Pasar Kreneng,2023-01-27,45500.0,47000.0,46464.28571428572,0,0,0
I,Semua Provinsi,2023-01-27,55400.0,45500.0,47914.28571428572,0,0,0
1,Kota Denpasar,2023-01-27,47750.0,55400.0,48164.28571428572,0,0,0
a,Pasar Badung,2023-01-27,50000.0,47750.0,48950.0,0,0,0
II,Bali,2023-01-27,47900.0,50000.0,48935.71428571428,0,0,0
I,Semua Provinsi,2023-01-30,53800.0,47900.0,49621.42857142857,0,0,0
II,Bali,2023-01-30,48650.0,53800.0,49857.142857142855,0,0,0
1,Kota Denpasar,2023-01-30,49500.0,48650.0,50428.57142857143,0,0,0
a,Pasar Badung,2023-01-30,50000.0,49500.0,49657.142857142855,0,0,0
b,Pasar Kreneng,2023-01-30,49000.0,50000.0,49835.71428571428,0,0,0
2,Kota Singaraja,2023-01-30,47750.0,49000.0,49514.28571428572,0,0,0
a,Pasar Anyar,2023-01-30,47000.0,47750.0,49385.71428571428,0,0,0
b,Pasar Banyuasri,2023-01-30,48500.0,47000.0,48628.57142857143,0,0,0
b,Pasar Kreneng,2023-01-31,49000.0,48500.0,48678.57142857143,0,0,0
b,Pasar Banyuasri,2023-01-31,50000.0,49000.0,48750.0,0,0,0
a,Pasar Anyar,2023-01-31,46000.0,50000.0,48178.57142857143,0,0,0
2,Kota Singaraja,2023-01-31,48000.0,46000.0,48035.71428571428,0,0,0
a,Pasar Badung,2023-01-31,47500.0,48000.0,48000.0,0,0,0
1,Kota Denpasar,2023-01-31,48250.0,47500.0,48178.57142857143,0,0,0
II,Bali,2023-01-31,48150.0,48250.0,48128.57142857143,0,0,0
I,Semua Provinsi,2023-01-31,53700.0,48150.0,48800.0,0,0,0
I,Semua Provinsi,2023-02-01,53400.0,53700.0,49285.71428571428,0,0,0
II,Bali,2023-02-01,46650.0,53400.0,49378.57142857143,0,0,0
1,Kota Denpasar,2023-02-01,46750.0,46650.0,49200.0,0,0,0
a,Pasar Badung,2023-02-01,47500.0,46750.0,49200.0,0,0,0
b,Pasar Kreneng,2023-02-01,46000.0,47500.0,48878.57142857143,0,0,0
2,Kota Singaraja,2023-02-01,46500.0,46000.0,48642.857142857145,0,0,0
a,Pasar Anyar,2023-02-01,45000.0,46500.0,47400.0,0,0,0
b,Pasar Banyuasri,2023-02-01,48000.0,45000.0,46628.57142857143,0,0,0
a,Pasar Anyar,2023-02-02,46000.0,48000.0,46535.71428571428,0,0,0
2,Kota Singaraja,2023-02-02,46500.0,46000.0,46500.0,0,0,0
b,Pasar Banyuasri,2023-02-02,47000.0,46500.0,46428.57142857143,0,0,0
b,Pasar Kreneng,2023-02-02,46000.0,47000.0,46428.57142857143,0,0,0
1,Kota Denpasar,2023-02-02,46750.0,46000.0,46464.28571428572,0,0,0
II,Bali,2023-02-02,46650.0,46750.0,46700.0,0,0,0
I,Semua Provinsi,2023-02-02,53200.0,46650.0,47442.857142857145,0,0,0
a,Pasar Badung,2023-02-02,47500.0,53200.0,47657.142857142855,0,0,0
I,Semua Provinsi,2023-02-03,52900.0,47500.0,48571.42857142857,0,0,0
II,Bali,2023-02-03,49150.0,52900.0,48878.57142857143,0,0,0
1,Kota Denpasar,2023-02-03,50000.0,49150.0,49450.0,0,0,0
a,Pasar Badung,2023-02-03,50000.0,50000.0,49914.28571428572,0,0,0
b,Pasar Kreneng,2023-02-03,50000.0,50000.0,50392.857142857145,0,0,0
2,Kota Singaraja,2023-02-03,48250.0,50000.0,49685.71428571428,0,0,0
a,Pasar Anyar,2023-02-03,46500.0,48250.0,49542.857142857145,0,0,0
b,Pasar Banyuasri,2023-02-03,50000.0,46500.0,49128.57142857143,0,0,0
b,Pasar Banyuasri,2023-02-06,51000.0,50000.0,49392.857142857145,0,0,0
a,Pasar Anyar,2023-02-06,53000.0,51000.0,49821.42857142857,0,0,0
2,Kota Singaraja,2023-02-06,52000.0,53000.0,50107.142857142855,0,0,0
b,Pasar Kreneng,2023-02-06,54000.0,52000.0,50678.57142857143,0,0,0
a,Pasar Badung,2023-02-06,55000.0,54000.0,51642.857142857145,0,0,0
II,Bali,2023-02-06,53250.0,55000.0,52607.142857142855,0,0,0
I,Semua Provinsi,2023-02-06,55800.0,53250.0,53435.71428571428,0,0,0
1,Kota Denpasar,2023-02-06,54500.0,55800.0,53935.71428571428,0,0,0
I,Semua Provinsi,2023-02-07,56450.0,54500.0,54428.57142857143,0,0,0
II,Bali,2023-02-07,55650.0,56450.0,54950.0,0,0,0
1,Kota Denpasar,2023-02-07,57000.0,55650.0,55378.57142857143,0,0,0
a,Pasar Badung,2023-02-07,55000.0,57000.0,55378.57142857143,0,0,0
b,Pasar Kreneng,2023-02-07,59000.0,55000.0,56200.0,0,0,0
2,Kota Singaraja,2023-02-07,54250.0,59000.0,55978.57142857143,0,0,0
a,Pasar Anyar,2023-02-07,55000.0,54250.0,56050.0,0,0,0
b,Pasar Banyuasri,2023-02-07,53500.0,55000.0,55628.57142857143,0,0,0
2,Kota Singaraja,2023-02-08,53250.0,53500.0,55285.71428571428,0,0,0
b,Pasar Banyuasri,2023-02-08,51500.0,53250.0,54500.0,0,0,0
a,Pasar Anyar,2023-02-08,55000.0,51500.0,54500.0,0,0,0
b,Pasar Kreneng,2023-02-08,52500.0,55000.0,53571.42857142857,0,0,0
I,Semua Provinsi,2023-02-08,56500.0,52500.0,53892.857142857145,0,0,0
1,Kota Denpasar,2023-02-08,53750.0,56500.0,53714.28571428572,0,0,0
II,Bali,2023-02-08,53500.0,53750.0,53714.28571428572,0,0,0
a,Pasar Badung,2023-02-08,55000.0,53500.0,53964.28571428572,0,0,0
I,Semua Provinsi,2023-02-09,56850.0,55000.0,54728.57142857143,0,0,0
II,Bali,2023-02-09,53750.0,56850.0,54550.0,0,0,0
1,Kota Denpasar,2023-02-09,55000.0,53750.0,54907.142857142855,0,0,0
a,Pasar Badung,2023-02-09,55000.0,55000.0,54692.857142857145,0,0,0
b,Pasar Kreneng,2023-02-09,55000.0,55000.0,54871.42857142857,0,0,0
2,Kota Singaraja,2023-02-09,52500.0,55000.0,54728.57142857143,0,0,0
a,Pasar Anyar,2023-02-09,55000.0,52500.0,54728.57142857143,0,0,0
b,Pasar Banyuasri,2023-02-09,50000.0,55000.0,53750.0,0,0,0
b,Pasar Banyuasri,2023-02-10,50000.0,50000.0,53214.28571428572,0,0,0
a,Pasar Anyar,2023-02-10,55000.0,50000.0,53214.28571428572,0,0,0
2,Kota Singaraja,2023-02-10,52500.0,55000.0,52857.142857142855,0,0,0
b,Pasar Kreneng,2023-02-10,55000.0,52500.0,52857.142857142855,0,0,0
I,Semua Provinsi,2023-02-10,56450.0,55000.0,53421.42857142857,0,0,0
1,Kota Denpasar,2023-02-10,55000.0,56450.0,53421.42857142857,0,0,0
II,Bali,2023-02-10,53750.0,55000.0,53957.142857142855,0,0,0
a,Pasar Badung,2023-02-10,55000.0,53750.0,54671.42857142857,0,0,0
2,Kota Singaraja,2023-02-13,59000.0,55000.0,55242.857142857145,0,0,0
b,Pasar Banyuasri,2023-02-13,58000.0,59000.0,56028.57142857143,0,0,0
a,Pasar Anyar,2023-02-13,60000.0,58000.0,56742.857142857145,0,0,0
b,Pasar Kreneng,2023-02-13,60000.0,60000.0,57250.0,0,0,0
I,Semua Provinsi,2023-02-13,57600.0,60000.0,57621.42857142857,0,0,0
1,Kota Denpasar,2023-02-13,57500.0,57600.0,58157.142857142855,0,0,0
II,Bali,2023-02-13,58250.0,57500.0,58621.42857142857,0,0,0
a,Pasar Badung,2023-02-13,55000.0,58250.0,58050.0,0,0,0
I,Semua Provinsi,2023-02-14,58550.0,55000.0,58128.57142857143,0,0,0
II,Bali,2023-02-14,58250.0,58550.0,57878.57142857143,0,0,0
1,Kota Denpasar,2023-02-14,57500.0,58250.0,57521.42857142857,0,0,0
a,Pasar Badung,2023-02-14,55000.0,57500.0,57150.0,0,0,0
b,Pasar Kreneng,2023-02-14,60000.0,55000.0,57507.142857142855,0,0,0
2,Kota Singaraja,2023-02-14,59000.0,60000.0,57614.28571428572,0,0,0
a,Pasar Anyar,2023-02-14,60000.0,59000.0,58328.57142857143,0,0,0
b,Pasar Banyuasri,2023-02-14,58000.0,60000.0,58250.0,0,0,0
2,Kota Singaraja,2023-02-15,56000.0,58000.0,57928.57142857143,0,0,0
b,Pasar Banyuasri,2023-02-15,56000.0,56000.0,57714.28571428572,0,0,0
a,Pasar Anyar,2023-02-15,56000.0,56000.0,57857.142857142855,0,0,0
b,Pasar Kreneng,2023-02-15,60000.0,56000.0,57857.142857142855,0,0,0
I,Semua Provinsi,2023-02-15,58050.0,60000.0,57721.42857142857,0,0,0
1,Kota Denpasar,2023-02-15,57500.0,58050.0,57364.28571428572,0,0,0
II,Bali,2023-02-15,56750.0,57500.0,57185.71428571428,0,0,0
a,Pasar Badung,2023-02-15,55000.0,56750.0,57042.857142857145,0,0,0
I,Semua Provinsi,2023-02-16,58650.0,55000.0,57421.42857142857,0,0,0
II,Bali,2023-02-16,60000.0,58650.0,57992.857142857145,0,0,0
1,Kota Denpasar,2023-02-16,57500.0,60000.0,57635.71428571428,0,0,0
a,Pasar Badung,2023-02-16,55000.0,57500.0,57200.0,0,0,0
b,Pasar Kreneng,2023-02-16,60000.0,55000.0,57557.142857142855,0,0,0
2,Kota Singaraja,2023-02-16,62500.0,60000.0,58378.57142857143,0,0,0
a,Pasar Anyar,2023-02-16,65000.0,62500.0,59807.142857142855,0,0,0
b,Pasar Banyuasri,2023-02-16,60000.0,65000.0,60000.0,0,0,0
b,Pasar Banyuasri,2023-02-17,65000.0,60000.0,60714.28571428572,0,0,0
a,Pasar Anyar,2023-02-17,65000.0,65000.0,61785.71428571428,0,0,0
2,Kota Singaraja,2023-02-17,65000.0,65000.0,63214.28571428572,0,0,0
b,Pasar Kreneng,2023-02-17,65000.0,65000.0,63928.57142857143,0,0,0
1,Kota Denpasar,2023-02-17,65000.0,65000.0,64285.71428571428,0,0,0
II,Bali,2023-02-17,65000.0,65000.0,64285.71428571428,0,0,0
I,Semua Provinsi,2023-02-17,59050.0,65000.0,64150.0,0,0,0
a,Pasar Badung,2023-02-17,65000.0,59050.0,64150.0,0,0,0
I,Semua Provinsi,2023-02-20,61250.0,65000.0,63614.28571428572,0,0,0
II,Bali,2023-02-20,64000.0,61250.0,63471.42857142857,0,0,0
1,Kota Denpasar,2023-02-20,65000.0,64000.0,63471.42857142857,0,0,0
a,Pasar Badung,2023-02-20,65000.0,65000.0,63471.42857142857,0,0,0
b,Pasar Kreneng,2023-02-20,65000.0,65000.0,63471.42857142857,0,0,0
2,Kota Singaraja,2023-02-20,63000.0,65000.0,64035.71428571428,0,0,0
a,Pasar Anyar,2023-02-20,63000.0,63000.0,63750.0,0,0,0
b,Pasar Banyuasri,2023-02-20,63000.0,63000.0,64000.0,0,0,0
2,Kota Singaraja,2023-02-21,62250.0,63000.0,63750.0,0,0,0
b,Pasar Banyuasri,2023-02-21,61500.0,62250.0,63250.0,0,0,0
a,Pasar Anyar,2023-02-21,63000.0,61500.0,62964.28571428572,0,0,0
b,Pasar Kreneng,2023-02-21,66500.0,63000.0,63178.57142857143,0,0,0
I,Semua Provinsi,2023-02-21,62100.0,66500.0,63050.0,0,0,0
1,Kota Denpasar,2023-02-21,65750.0,62100.0,63442.857142857145,0,0,0
a,Pasar Badung,2023-02-21,65000.0,65750.0,63728.57142857143,0,0,0
II,Bali,2023-02-21,64000.0,65000.0,63978.57142857143,0,0,0
I,Semua Provinsi,2023-02-22,62300.0,64000.0,64092.857142857145,0,0,0
II,Bali,2023-02-22,61150.0,62300.0,63828.57142857143,0,0,0
1,Kota Denpasar,2023-02-22,60000.0,61150.0,62900.0,0,0,0
a,Pasar Badung,2023-02-22,60000.0,60000.0,62600.0,0,0,0
b,Pasar Kreneng,2023-02-22,60000.0,60000.0,61778.57142857143,0,0,0
2,Kota Singaraja,2023-02-22,62250.0,60000.0,61385.71428571428,0,0,0
a,Pasar Anyar,2023-02-22,63000.0,62250.0,61242.857142857145,0,0,0
b,Pasar Banyuasri,2023-02-22,61500.0,63000.0,61128.57142857143,0,0,0
b,Pasar Kreneng,2023-02-23,60000.0,61500.0,60964.28571428572,0,0,0
b,Pasar Banyuasri,2023-02-23,60000.0,60000.0,60964.28571428572,0,0,0
a,Pasar Anyar,2023-02-23,60000.0,60000.0,60964.28571428572,0,0,0
2,Kota Singaraja,2023-02-23,60000.0,60000.0,60964.28571428572,0,0,0
a,Pasar Badung,2023-02-23,60000.0,60000.0,60642.857142857145,0,0,0
1,Kota Denpasar,2023-02-23,60000.0,60000.0,60214.28571428572,0,0,0
II,Bali,2023-02-23,60000.0,60000.0,60000.0,0,0,0
I,Semua Provinsi,2023-02-23,62750.0,60000.0,60392.857142857145,0,0,0
I,Semua Provinsi,2023-02-24,63500.0,62750.0,60892.857142857145,0,0,0
II,Bali,2023-02-24,59750.0,63500.0,60857.142857142855,0,0,0
1,Kota Denpasar,2023-02-24,60000.0,59750.0,60857.142857142855,0,0,0
a,Pasar Badung,2023-02-24,60000.0,60000.0,60857.142857142855,0,0,0
b,Pasar Kreneng,2023-02-24,60000.0,60000.0,60857.142857142855,0,0,0
2,Kota Singaraja,2023-02-24,59500.0,60000.0,60785.71428571428,0,0,0
a,Pasar Anyar,2023-02-24,60000.0,59500.0,60392.857142857145,0,0,0
b,Pasar Banyuasri,2023-02-24,59000.0,60000.0,59750.0,0,0,0
a,Pasar Anyar,2023-02-27,55000.0,59000.0,59071.42857142857,0,0,0
2,Kota Singaraja,2023-02-27,55000.0,55000.0,58357.142857142855,0,0,0
b,Pasar Banyuasri,2023-02-27,55000.0,55000.0,57642.857142857145,0,0,0
b,Pasar Kreneng,2023-02-27,56500.0,55000.0,57142.857142857145,0,0,0
1,Kota Denpasar,2023-02-27,55750.0,56500.0,56607.142857142855,0,0,0
II,Bali,2023-02-27,55400.0,55750.0,55950.0,0,0,0
I,Semua Provinsi,2023-02-27,63450.0,55400.0,56585.71428571428,0,0,0
a,Pasar Badung,2023-02-27,55000.0,63450.0,56585.71428571428,0,0,0
I,Semua Provinsi,2023-02-28,63250.0,55000.0,57764.28571428572,0,0,0
II,Bali,2023-02-28,58250.0,63250.0,58228.57142857143,0,0,0
1,Kota Denpasar,2023-02-28,60000.0,58250.0,58728.57142857143,0,0,0
a,Pasar Badung,2023-02-28,60000.0,60000.0,59335.71428571428,0,0,0
b,Pasar Kreneng,2023-02-28,60000.0,60000.0,59992.857142857145,0,0,0
2,Kota Singaraja,2023-02-28,56500.0,60000.0,59000.0,0,0,0
a,Pasar Anyar,2023-02-28,55000.0,56500.0,59000.0,0,0,0
b,Pasar Banyuasri,2023-02-28,58000.0,55000.0,58250.0,0,0,0
b,Pasar Banyuasri,2023-03-01,60000.0,58000.0,58500.0,0,0,0
a,Pasar Anyar,2023-03-01,60000.0,60000.0,58500.0,0,0,0
2,Kota Singaraja,2023-03-01,60000.0,60000.0,58500.0,0,0,0
b,Pasar Kreneng,2023-03-01,60000.0,60000.0,58500.0,0,0,0
a,Pasar Badung,2023-03-01,60000.0,60000.0,59000.0,0,0,0
II,Bali,2023-03-01,60000.0,60000.0,59714.28571428572,0,0,0
I,Semua Provinsi,2023-03-01,63400.0,60000.0,60485.71428571428,0,0,0
1,Kota Denpasar,2023-03-01,60000.0,63400.0,60485.71428571428,0,0,0
I,Semua Provinsi,2023-03-02,63850.0,60000.0,61035.71428571428,0,0,0
II,Bali,2023-03-02,64400.0,63850.0,61664.28571428572,0,0,0
1,Kota Denpasar,2023-03-02,63750.0,64400.0,62200.0,0,0,0
a,Pasar Badung,2023-03-02,65000.0,63750.0,62914.28571428572,0,0,0
b,Pasar Kreneng,2023-03-02,62500.0,65000.0,63271.42857142857,0,0,0
2,Kota Singaraja,2023-03-02,65000.0,62500.0,63500.0,0,0,0
a,Pasar Anyar,2023-03-02,65000.0,65000.0,64214.28571428572,0,0,0
b,Pasar Banyuasri,2023-03-02,65000.0,65000.0,64378.57142857143,0,0,0
2,Kota Singaraja,2023-03-03,70000.0,65000.0,65178.57142857143,0,0,0
b,Pasar Banyuasri,2023-03-03,70000.0,70000.0,66071.42857142857,0,0,0
a,Pasar Anyar,2023-03-03,70000.0,70000.0,66785.71428571429,0,0,0
b,Pasar Kreneng,2023-03-03,66500.0,70000.0,67357.14285714286,0,0,0
a,Pasar Badung,2023-03-03,75000.0,66500.0,68785.71428571429,0,0,0
1,Kota Denpasar,2023-03-03,70750.0,75000.0,69607.14285714286,0,0,0
II,Bali,2023-03-03,70400.0,70750.0,70378.57142857143,0,0,0
I,Semua Provinsi,2023-03-03,65100.0,70400.0,69678.57142857143,0,0,0
I,Semua Provinsi,2023-03-06,67700.0,65100.0,69350.0,0,0,0
II,Bali,2023-03-06,71650.0,67700.0,69585.71428571429,0,0,0
1,Kota Denpasar,2023-03-06,68250.0,71650.0,69835.71428571429,0,0,0
a,Pasar Badung,2023-03-06,70000.0,68250.0,69121.42857142857,0,0,0
b,Pasar Kreneng,2023-03-06,66500.0,70000.0,68514.28571428571,0,0,0
2,Kota Singaraja,2023-03-06,75000.0,66500.0,69171.42857142857,0,0,0
a,Pasar Anyar,2023-03-06,75000.0,75000.0,70585.71428571429,0,0,0
b,Pasar Banyuasri,2023-03-06,75000.0,75000.0,71628.57142857143,0,0,0
b,Pasar Banyuasri,2023-03-07,71000.0,75000.0,71535.71428571429,0,0,0
a,Pasar Anyar,2023-03-07,75000.0,71000.0,72500.0,0,0,0
2,Kota Singaraja,2023-03-07,73000.0,75000.0,72928.57142857143,0,0,0
b,Pasar Kreneng,2023-03-07,70000.0,73000.0,73428.57142857143,0,0,0
1,Kota Denpasar,2023-03-07,70000.0,70000.0,72714.28571428571,0,0,0
II,Bali,2023-03-07,71500.0,70000.0,72214.28571428571,0,0,0
I,Semua Provinsi,2023-03-07,67600.0,71500.0,71157.14285714286,0,0,0
a,Pasar Badung,2023-03-07,70000.0,67600.0,71014.28571428571,0,0,0
I,Semua Provinsi,2023-03-08,67750.0,70000.0,69978.57142857143,0,0,0
II,Bali,2023-03-08,71400.0,67750.0,69750.0,0,0,0
1,Kota Denpasar,2023-03-08,71250.0,71400.0,69928.57142857143,0,0,0
a,Pasar Badung,2023-03-08,70000.0,71250.0,69928.57142857143,0,0,0
b,Pasar Kreneng,2023-03-08,72500.0,70000.0,70071.42857142857,0,0,0
2,Kota Singaraja,2023-03-08,71500.0,72500.0,70628.57142857143,0,0,0
a,Pasar Anyar,2023-03-08,73000.0,71500.0,71057.14285714286,0,0,0
b,Pasar Banyuasri,2023-03-08,70000.0,73000.0,71378.57142857143,0,0,0
2,Kota Singaraja,2023-03-09,70000.0,70000.0,71178.57142857143,0,0,0
b,Pasar Banyuasri,2023-03-09,70000.0,70000.0,71000.0,0,0,0
a,Pasar Anyar,2023-03-09,70000.0,70000.0,71000.0,0,0,0
b,Pasar Kreneng,2023-03-09,72500.0,70000.0,71000.0,0,0,0
a,Pasar Badung,2023-03-09,70000.0,72500.0,70785.71428571429,0,0,0
1,Kota Denpasar,2023-03-09,71250.0,70000.0,70535.71428571429,0,0,0
II,Bali,2023-03-09,70650.0,71250.0,70628.57142857143,0,0,0
I,Semua Provinsi,2023-03-09,68400.0,70650.0,70400.0,0,0,0
I,Semua Provinsi,2023-03-10,68650.0,68400.0,70207.14285714286,0,0,0
II,Bali,2023-03-10,71900.0,68650.0,70478.57142857143,0,0,0
1,Kota Denpasar,2023-03-10,71250.0,71900.0,70300.0,0,0,0
a,Pasar Badung,2023-03-10,70000.0,71250.0,70300.0,0,0,0
b,Pasar Kreneng,2023-03-10,72500.0,70000.0,70478.57142857143,0,0,0
2,Kota Singaraja,2023-03-10,72500.0,72500.0,70742.85714285714,0,0,0
a,Pasar Anyar,2023-03-10,73000.0,72500.0,71400.0,0,0,0
b,Pasar Banyuasri,2023-03-10,72000.0,73000.0,71878.57142857143,0,0,0
b,Pasar Banyuasri,2023-03-13,72000.0,72000.0,71892.85714285714,0,0,0
a,Pasar Anyar,2023-03-13,75000.0,72000.0,72428.57142857143,0,0,0
2,Kota Singaraja,2023-03-13,73500.0,75000.0,72928.57142857143,0,0,0
b,Pasar Kreneng,2023-03-13,72500.0,73500.0,72928.57142857143,0,0,0
a,Pasar Badung,2023-03-13,70000.0,72500.0,72571.42857142857,0,0,0
1,Kota Denpasar,2023-03-13,71250.0,70000.0,72321.42857142857,0,0,0
II,Bali,2023-03-13,72400.0,71250.0,72378.57142857143,0,0,0
I,Semua Provinsi,2023-03-13,71800.0,72400.0,72350.0,0,0,0
I,Semua Provinsi,2023-03-14,72750.0,71800.0,72028.57142857143,0,0,0
II,Bali,2023-03-14,72400.0,72750.0,71871.42857142857,0,0,0
1,Kota Denpasar,2023-03-14,71250.0,72400.0,71692.85714285714,0,0,0
a,Pasar Badung,2023-03-14,70000.0,71250.0,71692.85714285714,0,0,0
b,Pasar Kreneng,2023-03-14,72500.0,70000.0,71871.42857142857,0,0,0
2,Kota Singaraja,2023-03-14,73500.0,72500.0,72028.57142857143,0,0,0
a,Pasar Anyar,2023-03-14,75000.0,73500.0,72485.71428571429,0,0,0
b,Pasar Banyuasri,2023-03-14,72000.0,75000.0,72378.57142857143,0,0,0
a,Pasar Anyar,2023-03-15,80000.0,72000.0,73464.28571428571,1,0,0
2,Kota Singaraja,2023-03-15,77000.0,80000.0,74285.71428571429,1,0,0
b,Pasar Kreneng,2023-03-15,72500.0,77000.0,74642.85714285714,1,0,0
b,Pasar Banyuasri,2023-03-15,74000.0,72500.0,74857.14285714286,1,0,0
1,Kota Denpasar,2023-03-15,71250.0,74000.0,74535.71428571429,1,0,0
II,Bali,2023-03-15,74150.0,71250.0,74414.28571428571,1,0,0
I,Semua Provinsi,2023-03-15,72750.0,74150.0,74521.42857142857,1,0,0
a,Pasar Badung,2023-03-15,70000.0,72750.0,73092.85714285714,1,0,0
I,Semua Provinsi,2023-03-16,73300.0,70000.0,72564.28571428571,1,0,0
II,Bali,2023-03-16,73150.0,73300.0,72657.14285714286,1,0,0
1,Kota Denpasar,2023-03-16,71250.0,73150.0,72264.28571428571,1,0,0
a,Pasar Badung,2023-03-16,70000.0,71250.0,72085.71428571429,1,0,0
b,Pasar Kreneng,2023-03-16,72500.0,70000.0,71850.0,1,0,0
2,Kota Singaraja,2023-03-16,75000.0,72500.0,72171.42857142857,1,0,0
a,Pasar Anyar,2023-03-16,78000.0,75000.0,73314.28571428571,1,0,0
b,Pasar Banyuasri,2023-03-16,72000.0,78000.0,73128.57142857143,1,0,0
b,Pasar Banyuasri,2023-03-17,73000.0,72000.0,73107.14285714286,1,0,0
a,Pasar Anyar,2023-03-17,78000.0,73000.0,74071.42857142857,1,0,0
2,Kota Singaraja,2023-03-17,75500.0,78000.0,74857.14285714286,1,0,0
b,Pasar Kreneng,2023-03-17,75000.0,75500.0,75214.28571428571,1,0,0
a,Pasar Badung,2023-03-17,75000.0,75000.0,75214.28571428571,1,0,0
1,Kota Denpasar,2023-03-17,75000.0,75000.0,74785.71428571429,1,0,0
II,Bali,2023-03-17,75250.0,75000.0,75250.0,1,0,0
I,Semua Provinsi,2023-03-17,73850.0,75250.0,75371.42857142857,1,0,0
I,Semua Provinsi,2023-03-20,74200.0,73850.0,74828.57142857143,1,0,0
II,Bali,2023-03-20,76250.0,74200.0,74935.71428571429,1,0,0
1,Kota Denpasar,2023-03-20,75000.0,76250.0,74935.71428571429,1,0,0
a,Pasar Badung,2023-03-20,75000.0,75000.0,74935.71428571429,1,0,0
b,Pasar Kreneng,2023-03-20,75000.0,75000.0,74935.71428571429,1,0,0
2,Kota Singaraja,2023-03-20,77500.0,75000.0,75257.14285714286,1,0,0
a,Pasar Anyar,2023-03-20,80000.0,77500.0,76135.71428571429,1,0,0
b,Pasar Banyuasri,2023-03-20,75000.0,80000.0,76250.0,1,0,0
a,Pasar Anyar,2023-03-21,90000.0,75000.0,78214.28571428571,1,0,0
2,Kota Singaraja,2023-03-21,85000.0,90000.0,79642.85714285714,1,0,0
b,Pasar Kreneng,2023-03-21,75000.0,85000.0,79642.85714285714,1,0,0
b,Pasar Banyuasri,2023-03-21,80000.0,75000.0,80357.14285714286,1,0,0
1,Kota Denpasar,2023-03-21,75000.0,80000.0,80000.0,1,0,0
II,Bali,2023-03-21,80000.0,75000.0,80000.0,1,0,0
I,Semua Provinsi,2023-03-21,73900.0,80000.0,79842.85714285714,1,0,0
a,Pasar Badung,2023-03-21,75000.0,73900.0,77700.0,1,0,0
I,Semua Provinsi,2023-03-22,72700.0,75000.0,75942.85714285714,0,1,0
II,Bali,2023-03-22,80000.0,72700.0,76657.14285714286,0,1,0
1,Kota Denpasar,2023-03-22,75000.0,80000.0,75942.85714285714,0,1,0
a,Pasar Badung,2023-03-22,75000.0,75000.0,75942.85714285714,0,1,0
b,Pasar Kreneng,2023-03-22,75000.0,75000.0,75228.57142857143,0,1,0
2,Kota Singaraja,2023-03-22,85000.0,75000.0,76814.28571428571,0,1,0
a,Pasar Anyar,2023-03-22,90000.0,85000.0,78957.14285714286,0,1,0
b,Pasar Banyuasri,2023-03-22,80000.0,90000.0,80000.0,0,1,0
a,Pasar Anyar,2023-03-23,90000.0,80000.0,81428.57142857143,0,0,1
2,Kota Singaraja,2023-03-23,85000.0,90000.0,82857.14285714286,0,0,1
b,Pasar Kreneng,2023-03-23,75000.0,85000.0,82857.14285714286,0,0,1
b,Pasar Banyuasri,2023-03-23,80000.0,75000.0,83571.42857142857,0,0,1
1,Kota Denpasar,2023-03-23,75000.0,80000.0,82142.85714285714,0,0,1
II,Bali,2023-03-23,80000.0,75000.0,80714.28571428571,0,0,1
I,Semua Provinsi,2023-03-23,75450.0,80000.0,80064.28571428571,0,0,1
a,Pasar Badung,2023-03-23,75000.0,75450.0,77921.42857142857,0,0,1
a,Pasar Anyar,2023-03-24,78000.0,75000.0,76921.42857142857,0,0,1
2,Kota Singaraja,2023-03-24,79000.0,78000.0,77492.85714285714,0,0,1
b,Pasar Kreneng,2023-03-24,80000.0,79000.0,77492.85714285714,0,0,1
b,Pasar Banyuasri,2023-03-24,80000.0,80000.0,78207.14285714286,0,0,1
1,Kota Denpasar,2023-03-24,77500.0,80000.0,77850.0,0,0,1
II,Bali,2023-03-24,78250.0,77500.0,78250.0,0,0,1
I,Semua Provinsi,2023-03-24,75150.0,78250.0,78271.42857142857,0,0,1
a,Pasar Badung,2023-03-24,75000.0,75150.0,77842.85714285714,0,0,1
I,Semua Provinsi,2023-03-27,69450.0,75000.0,76478.57142857143,0,0,0
II,Bali,2023-03-27,59400.0,69450.0,73535.71428571429,0,0,0
1,Kota Denpasar,2023-03-27,56250.0,59400.0,70142.85714285714,0,0,0
a,Pasar Badung,2023-03-27,50000.0,56250.0,66214.28571428571,0,0,0
b,Pasar Kreneng,2023-03-27,62500.0,50000.0,63964.28571428572,0,0,0
2,Kota Singaraja,2023-03-27,62500.0,62500.0,62157.142857142855,0,0,0
a,Pasar Anyar,2023-03-27,60000.0,62500.0,60014.28571428572,0,0,0
b,Pasar Banyuasri,2023-03-27,65000.0,60000.0,59378.57142857143,0,0,0
a,Pasar Anyar,2023-03-28,40000.0,65000.0,56607.142857142855,0,0,0
b,Pasar Banyuasri,2023-03-28,40000.0,40000.0,54285.71428571428,0,0,0
2,Kota Singaraja,2023-03-28,40000.0,40000.0,52857.142857142855,0,0,0
b,Pasar Kreneng,2023-03-28,37500.0,40000.0,49285.71428571428,0,0,0
a,Pasar Badung,2023-03-28,40000.0,37500.0,46071.42857142857,0,0,0
1,Kota Denpasar,2023-03-28,38750.0,40000.0,43035.71428571428,0,0,0
II,Bali,2023-03-28,39400.0,38750.0,39378.57142857143,0,0,0
I,Semua Provinsi,2023-03-28,65750.0,39400.0,43057.142857142855,0,0,0
I,Semua Provinsi,2023-03-29,61550.0,65750.0,46135.71428571428,0,0,0
II,Bali,2023-03-29,46900.0,61550.0,47121.42857142857,0,0,0
1,Kota Denpasar,2023-03-29,48750.0,46900.0,48728.57142857143,0,0,0
a,Pasar Badung,2023-03-29,50000.0,48750.0,50157.142857142855,0,0,0
b,Pasar Kreneng,2023-03-29,47500.0,50000.0,51407.142857142855,0,0,0
2,Kota Singaraja,2023-03-29,45000.0,47500.0,52207.142857142855,0,0,0
a,Pasar Anyar,2023-03-29,45000.0,45000.0,49242.857142857145,0,0,0
b,Pasar Banyuasri,2023-03-29,45000.0,45000.0,46878.57142857143,0,0,0
b,Pasar Banyuasri,2023-03-30,55000.0,45000.0,48035.71428571428,0,0,0
a,Pasar Anyar,2023-03-30,50000.0,55000.0,48214.28571428572,0,0,0
2,Kota Singaraja,2023-03-30,52500.0,50000.0,48571.42857142857,0,0,0
b,Pasar Kreneng,2023-03-30,47500.0,52500.0,48571.42857142857,0,0,0
a,Pasar Badung,2023-03-30,50000.0,47500.0,49285.71428571428,0,0,0
1,Kota Denpasar,2023-03-30,48750.0,50000.0,49821.42857142857,0,0,0
II,Bali,2023-03-30,50650.0,48750.0,50628.57142857143,0,0,0
I,Semua Provinsi,2023-03-30,59000.0,50650.0,51200.0,0,0,0
I,Semua Provinsi,2023-03-31,56550.0,59000.0,52135.71428571428,0,0,0
II,Bali,2023-03-31,47750.0,56550.0,51457.142857142855,0,0,0
1,Kota Denpasar,2023-03-31,47500.0,47750.0,51457.142857142855,0,0,0
a,Pasar Badung,2023-03-31,50000.0,47500.0,51457.142857142855,0,0,0
b,Pasar Kreneng,2023-03-31,45000.0,50000.0,50921.42857142857,0,0,0
2,Kota Singaraja,2023-03-31,48000.0,45000.0,50542.857142857145,0,0,0
a,Pasar Anyar,2023-03-31,48000.0,48000.0,48971.42857142857,0,0,0
b,Pasar Banyuasri,2023-03-31,48000.0,48000.0,47750.0,0,0,0
b,Pasar Banyuasri,2023-04-03,39000.0,48000.0,46500.0,0,0,0
a,Pasar Anyar,2023-04-03,38000.0,39000.0,45142.857142857145,0,0,0
2,Kota Singaraja,2023-04-03,38500.0,38000.0,43500.0,0,0,0
b,Pasar Kreneng,2023-04-03,35000.0,38500.0,42071.42857142857,0,0,0
a,Pasar Badung,2023-04-03,35000.0,35000.0,40214.28571428572,0,0,0
1,Kota Denpasar,2023-04-03,35000.0,35000.0,38357.142857142855,0,0,0
II,Bali,2023-04-03,36750.0,35000.0,36750.0,0,0,0
I,Semua Provinsi,2023-04-03,53000.0,36750.0,38750.0,0,0,0
I,Semua Provinsi,2023-04-04,51850.0,53000.0,40728.57142857143,0,0,0
II,Bali,2023-04-04,33250.0,51850.0,39978.57142857143,0,0,0
1,Kota Denpasar,2023-04-04,30000.0,33250.0,39264.28571428572,0,0,0
a,Pasar Badung,2023-04-04,30000.0,30000.0,38550.0,0,0,0
b,Pasar Kreneng,2023-04-04,30000.0,30000.0,37835.71428571428,0,0,0
2,Kota Singaraja,2023-04-04,36500.0,30000.0,37800.0,0,0,0
a,Pasar Anyar,2023-04-04,38000.0,36500.0,35657.142857142855,0,0,0
b,Pasar Banyuasri,2023-04-04,35000.0,38000.0,33250.0,0,0,0
b,Pasar Banyuasri,2023-04-05,30000.0,35000.0,32785.71428571428,0,0,0
a,Pasar Anyar,2023-04-05,30000.0,30000.0,32785.71428571428,0,0,0
2,Kota Singaraja,2023-04-05,30000.0,30000.0,32785.71428571428,0,0,0
b,Pasar Kreneng,2023-04-05,30000.0,30000.0,32785.71428571428,0,0,0
a,Pasar Badung,2023-04-05,30000.0,30000.0,31857.14285714286,0,0,0
1,Kota Denpasar,2023-04-05,30000.0,30000.0,30714.285714285714,0,0,0
II,Bali,2023-04-05,30000.0,30000.0,30000.0,0,0,0
I,Semua Provinsi,2023-04-05,51000.0,30000.0,33000.0,0,0,0
I,Semua Provinsi,2023-04-06,49850.0,51000.0,35835.71428571428,0,0,0
II,Bali,2023-04-06,27500.0,49850.0,35478.57142857143,0,0,0
1,Kota Denpasar,2023-04-06,25000.0,27500.0,34764.28571428572,0,0,0
a,Pasar Badung,2023-04-06,25000.0,25000.0,34050.0,0,0,0
b,Pasar Kreneng,2023-04-06,25000.0,25000.0,33335.71428571428,0,0,0
2,Kota Singaraja,2023-04-06,30000.0,25000.0,33335.71428571428,0,0,0
a,Pasar Anyar,2023-04-06,30000.0,30000.0,30335.714285714286,0,0,0
b,Pasar Banyuasri,2023-04-06,30000.0,30000.0,27500.0,0,0,0
a,Pasar Anyar,2023-04-07,30000.0,30000.0,27857.14285714286,0,0,0
2,Kota Singaraja,2023-04-07,30000.0,30000.0,28571.428571428572,0,0,0
b,Pasar Kreneng,2023-04-07,25000.0,30000.0,28571.428571428572,0,0,0
b,Pasar Banyuasri,2023-04-07,30000.0,25000.0,29285.714285714286,0,0,0
1,Kota Denpasar,2023-04-07,25000.0,30000.0,28571.428571428572,0,0,0
II,Bali,2023-04-07,27500.0,25000.0,28214.285714285714,0,0,0
I,Semua Provinsi,2023-04-07,49200.0,27500.0,30957.14285714286,0,0,0
a,Pasar Badung,2023-04-07,25000.0,49200.0,30242.85714285714,0,0,0
I,Semua Provinsi,2023-04-10,46550.0,25000.0,32607.14285714286,0,0,0
II,Bali,2023-04-10,27750.0,46550.0,33000.0,0,0,0
1,Kota Denpasar,2023-04-10,26250.0,27750.0,32464.285714285714,0,0,0
a,Pasar Badung,2023-04-10,25000.0,26250.0,32464.285714285714,0,0,0
b,Pasar Kreneng,2023-04-10,27500.0,25000.0,32464.285714285714,0,0,0
2,Kota Singaraja,2023-04-10,29250.0,27500.0,29614.285714285714,0,0,0
a,Pasar Anyar,2023-04-10,30000.0,29250.0,30328.571428571428,0,0,0
b,Pasar Banyuasri,2023-04-10,28500.0,30000.0,27750.0,0,0,0
b,Pasar Banyuasri,2023-04-11,27000.0,28500.0,27642.85714285714,0,0,0
a,Pasar Anyar,2023-04-11,28000.0,27000.0,27892.85714285714,0,0,0
2,Kota Singaraja,2023-04-11,27500.0,28000.0,28250.0,0,0,0
b,Pasar Kreneng,2023-04-11,27500.0,27500.0,28250.0,0,0,0
a,Pasar Badung,2023-04-11,25000.0,27500.0,27642.85714285714,0,0,0
1,Kota Denpasar,2023-04-11,26250.0,25000.0,27107.14285714286,0,0,0
II,Bali,2023-04-11,26900.0,26250.0,26878.571428571428,0,0,0
I,Semua Provinsi,2023-04-11,46100.0,26900.0,29607.14285714286,0,0,0
I,Semua Provinsi,2023-04-12,45350.0,46100.0,32085.714285714286,0,0,0
II,Bali,2023-04-12,25900.0,45350.0,31857.14285714286,0,0,0
1,Kota Denpasar,2023-04-12,26250.0,25900.0,31678.571428571428,0,0,0
a,Pasar Badung,2023-04-12,25000.0,26250.0,31678.571428571428,0,0,0
b,Pasar Kreneng,2023-04-12,27500.0,25000.0,31857.14285714286,0,0,0
2,Kota Singaraja,2023-04-12,25500.0,27500.0,31657.14285714286,0,0,0
a,Pasar Anyar,2023-04-12,26000.0,25500.0,28785.714285714286,0,0,0
b,Pasar Banyuasri,2023-04-12,25000.0,26000.0,25878.571428571428,0,0,0
a,Pasar Anyar,2023-04-13,25500.0,25000.0,25821.428571428572,0,0,0
2,Kota Singaraja,2023-04-13,25500.0,25500.0,25714.285714285714,0,0,0
b,Pasar Kreneng,2023-04-13,27500.0,25500.0,26071.428571428572,0,0,0
b,Pasar Banyuasri,2023-04-13,25500.0,27500.0,25785.714285714286,0,0,0
1,Kota Denpasar,2023-04-13,26250.0,25500.0,25892.85714285714,0,0,0
II,Bali,2023-04-13,25900.0,26250.0,25878.571428571428,0,0,0
I,Semua Provinsi,2023-04-13,44950.0,25900.0,28728.571428571428,0,0,0
a,Pasar Badung,2023-04-13,25000.0,44950.0,28657.14285714286,0,0,0
I,Semua Provinsi,2023-04-14,44550.0,25000.0,31378.571428571428,0,0,0
II,Bali,2023-04-14,27150.0,44550.0,31328.571428571428,0,0,0
1,Kota Denpasar,2023-04-14,28750.0,27150.0,31792.85714285714,0,0,0
a,Pasar Badung,2023-04-14,30000.0,28750.0,32328.571428571428,0,0,0
b,Pasar Kreneng,2023-04-14,27500.0,30000.0,32557.14285714286,0,0,0
2,Kota Singaraja,2023-04-14,25500.0,27500.0,29778.571428571428,0,0,0
a,Pasar Anyar,2023-04-14,25500.0,25500.0,29850.0,0,0,0
b,Pasar Banyuasri,2023-04-14,25500.0,25500.0,27128.571428571428,0,0,0
a,Pasar Anyar,2023-04-17,26500.0,25500.0,27035.714285714286,0,0,0
2,Kota Singaraja,2023-04-17,26250.0,26500.0,26678.571428571428,0,0,0
b,Pasar Kreneng,2023-04-17,26500.0,26250.0,26178.571428571428,0,0,0
b,Pasar Banyuasri,2023-04-17,26000.0,26500.0,25964.285714285714,0,0,0
1,Kota Denpasar,2023-04-17,25750.0,26000.0,26000.0,0,0,0
II,Bali,2023-04-17,26000.0,25750.0,26071.428571428572,0,0,0
I,Semua Provinsi,2023-04-17,45300.0,26000.0,28900.0,0,0,0
a,Pasar Badung,2023-04-17,25000.0,45300.0,28685.714285714286,0,0,0
a,Pasar Anyar,2023-04-18,26500.0,25000.0,28721.428571428572,0,0,0
2,Kota Singaraja,2023-04-18,26000.0,26500.0,28650.0,0,0,0
b,Pasar Kreneng,2023-04-18,31000.0,26000.0,29364.285714285714,0,0,0
b,Pasar Banyuasri,2023-04-18,25500.0,31000.0,29328.571428571428,0,0,0
1,Kota Denpasar,2023-04-18,30500.0,25500.0,29971.428571428572,0,0,0
II,Bali,2023-04-18,28250.0,30500.0,27535.714285714286,0,0,0
I,Semua Provinsi,2023-04-18,46400.0,28250.0,30592.85714285714,0,0,0
a,Pasar Badung,2023-04-18,30000.0,46400.0,31092.85714285714,0,0,0
I,Semua Provinsi,2023-04-19,45300.0,30000.0,33850.0,0,0,0
II,Bali,2023-04-19,29500.0,45300.0,33635.71428571428,0,0,0
1,Kota Denpasar,2023-04-19,30500.0,29500.0,34350.0,0,0,0
a,Pasar Badung,2023-04-19,30000.0,30500.0,34278.57142857143,0,0,0
b,Pasar Kreneng,2023-04-19,31000.0,30000.0,34671.42857142857,0,0,0
2,Kota Singaraja,2023-04-19,28500.0,31000.0,32114.285714285714,0,0,0
a,Pasar Anyar,2023-04-19,28000.0,28500.0,31828.571428571428,0,0,0
b,Pasar Banyuasri,2023-04-19,29000.0,28000.0,29500.0,0,0,0
2,Kota Singaraja,2023-04-20,25750.0,29000.0,28964.285714285714,0,0,0
b,Pasar Banyuasri,2023-04-20,25500.0,25750.0,28250.0,0,0,0
a,Pasar Anyar,2023-04-20,26000.0,25500.0,27678.571428571428,0,0,0
b,Pasar Kreneng,2023-04-20,31000.0,26000.0,27678.571428571428,0,0,0
1,Kota Denpasar,2023-04-20,30500.0,31000.0,27964.285714285714,0,0,0
a,Pasar Badung,2023-04-20,30000.0,30500.0,28250.0,0,0,0
II,Bali,2023-04-20,28150.0,30000.0,28128.571428571428,0,0,0
I,Semua Provinsi,2023-04-20,45250.0,28150.0,30914.285714285714,0,0,0
I,Semua Provinsi,2023-04-21,45950.0,45250.0,33835.71428571428,0,0,0
II,Bali,2023-04-21,27500.0,45950.0,34050.0,0,0,0
1,Kota Denpasar,2023-04-21,30500.0,27500.0,33978.57142857143,0,0,0
a,Pasar Badung,2023-04-21,30000.0,30500.0,33907.142857142855,0,0,0
b,Pasar Kreneng,2023-04-21,31000.0,30000.0,34050.0,0,0,0
2,Kota Singaraja,2023-04-21,24500.0,31000.0,33528.57142857143,0,0,0
a,Pasar Anyar,2023-04-21,25500.0,24500.0,30707.14285714286,0,0,0
b,Pasar Banyuasri,2023-04-21,23500.0,25500.0,27500.0,0,0,0
b,Pasar Banyuasri,2023-04-24,23500.0,23500.0,26928.571428571428,0,0,0
a,Pasar Anyar,2023-04-24,27000.0,23500.0,26428.571428571428,0,0,0
2,Kota Singaraja,2023-04-24,25250.0,27000.0,25750.0,0,0,0
b,Pasar Kreneng,2023-04-24,29000.0,25250.0,25464.285714285714,0,0,0
1,Kota Denpasar,2023-04-24,29500.0,29000.0,26178.571428571428,0,0,0
II,Bali,2023-04-24,27400.0,29500.0,26450.0,0,0,0
I,Semua Provinsi,2023-04-24,45250.0,27400.0,29557.14285714286,0,0,0
a,Pasar Badung,2023-04-24,30000.0,45250.0,30485.714285714286,0,0,0
I,Semua Provinsi,2023-04-25,45100.0,30000.0,33071.42857142857,0,0,0
II,Bali,2023-04-25,26150.0,45100.0,33200.0,0,0,0
1,Kota Denpasar,2023-04-25,27000.0,26150.0,32914.28571428572,0,0,0
a,Pasar Badung,2023-04-25,25000.0,27000.0,32271.428571428572,0,0,0
b,Pasar Kreneng,2023-04-25,29000.0,25000.0,32500.0,0,0,0
2,Kota Singaraja,2023-04-25,25250.0,29000.0,29642.85714285714,0,0,0
a,Pasar Anyar,2023-04-25,24500.0,25250.0,28857.14285714286,0,0,0
b,Pasar Banyuasri,2023-04-25,26000.0,24500.0,26128.571428571428,0,0,0
2,Kota Singaraja,2023-04-26,24000.0,26000.0,25821.428571428572,0,0,0
b,Pasar Banyuasri,2023-04-26,26000.0,24000.0,25678.571428571428,0,0,0
a,Pasar Anyar,2023-04-26,22000.0,26000.0,25250.0,0,0,0
b,Pasar Kreneng,2023-04-26,27500.0,22000.0,25035.714285714286,0,0,0
1,Kota Denpasar,2023-04-26,26250.0,27500.0,25178.571428571428,0,0,0
II,Bali,2023-04-26,25150.0,26250.0,25271.428571428572,0,0,0
I,Semua Provinsi,2023-04-26,46850.0,25150.0,28250.0,0,0,0
a,Pasar Badung,2023-04-26,25000.0,46850.0,28392.85714285714,0,0,0
I,Semua Provinsi,2023-04-27,45150.0,25000.0,31128.571428571428,0,0,0
II,Bali,2023-04-27,22250.0,45150.0,31164.285714285714,0,0,0
1,Kota Denpasar,2023-04-27,23000.0,22250.0,30521.428571428572,0,0,0
a,Pasar Badung,2023-04-27,20000.0,23000.0,29628.571428571428,0,0,0
b,Pasar Kreneng,2023-04-27,26000.0,20000.0,29750.0,0,0,0
2,Kota Singaraja,2023-04-27,21500.0,26000.0,26128.571428571428,0,0,0
a,Pasar Anyar,2023-04-27,23000.0,21500.0,25842.85714285714,0,0,0
b,Pasar Banyuasri,2023-04-27,20000.0,23000.0,22250.0,0,0,0
1,Kota Denpasar,2023-04-28,23000.0,20000.0,22357.14285714286,0,0,0
b,Pasar Banyuasri,2023-04-28,22000.0,23000.0,22214.285714285714,0,0,0
a,Pasar Anyar,2023-04-28,20000.0,22000.0,22214.285714285714,0,0,0
2,Kota Singaraja,2023-04-28,21000.0,20000.0,21500.0,0,0,0
I,Semua Provinsi,2023-04-28,42550.0,21000.0,24507.14285714286,0,0,0
a,Pasar Badung,2023-04-28,20000.0,42550.0,24078.571428571428,0,0,0
II,Bali,2023-04-28,22000.0,20000.0,24364.285714285714,0,0,0
b,Pasar Kreneng,2023-04-28,26000.0,22000.0,24792.85714285714,0,0,0
I,Semua Provinsi,2023-05-01,35500.0,26000.0,26721.428571428572,0,0,0
b,Pasar Kreneng,2023-05-02,20000.0,35500.0,26721.428571428572,0,0,0
2,Kota Singaraja,2023-05-02,22000.0,20000.0,26864.285714285714,0,0,0
a,Pasar Badung,2023-05-02,20000.0,22000.0,23642.85714285714,0,0,0
a,Pasar Anyar,2023-05-02,22000.0,20000.0,23928.571428571428,0,0,0
II,Bali,2023-05-02,21000.0,22000.0,23785.714285714286,0,0,0
I,Semua Provinsi,2023-05-02,41200.0,21000.0,25957.14285714286,0,0,0
1,Kota Denpasar,2023-05-02,20000.0,41200.0,23742.85714285714,0,0,0
b,Pasar Banyuasri,2023-05-02,22000.0,20000.0,24028.571428571428,0,0,0
a,Pasar Anyar,2023-05-03,21000.0,22000.0,23885.714285714286,0,0,0
2,Kota Singaraja,2023-05-03,21000.0,21000.0,24028.571428571428,0,0,0
b,Pasar Banyuasri,2023-05-03,21000.0,21000.0,23885.714285714286,0,0,0
b,Pasar Kreneng,2023-05-03,20000.0,21000.0,23742.85714285714,0,0,0
a,Pasar Badung,2023-05-03,20000.0,20000.0,20714.285714285714,0,0,0
1,Kota Denpasar,2023-05-03,20000.0,20000.0,20714.285714285714,0,0,0
II,Bali,2023-05-03,20500.0,20000.0,20500.0,0,0,0
I,Semua Provinsi,2023-05-03,40800.0,20500.0,23328.571428571428,0,0,0
I,Semua Provinsi,2023-05-04,40050.0,40800.0,26050.0,0,0,0
II,Bali,2023-05-04,20500.0,40050.0,25978.571428571428,0,0,0
1,Kota Denpasar,2023-05-04,20000.0,20500.0,25978.571428571428,0,0,0
a,Pasar Badung,2023-05-04,20000.0,20000.0,25978.571428571428,0,0,0
b,Pasar Kreneng,2023-05-04,20000.0,20000.0,25978.571428571428,0,0,0
2,Kota Singaraja,2023-05-04,21000.0,20000.0,26050.0,0,0,0
a,Pasar Anyar,2023-05-04,21000.0,21000.0,23221.428571428572,0,0,0
b,Pasar Banyuasri,2023-05-04,21000.0,21000.0,20500.0,0,0,0
b,Pasar Banyuasri,2023-05-05,21000.0,21000.0,20571.428571428572,0,0,0
a,Pasar Anyar,2023-05-05,20000.0,21000.0,20571.428571428572,0,0,0
2,Kota Singaraja,2023-05-05,20500.0,20000.0,20642.85714285714,0,0,0
b,Pasar Kreneng,2023-05-05,20000.0,20500.0,20642.85714285714,0,0,0
1,Kota Denpasar,2023-05-05,22500.0,20000.0,20857.14285714286,0,0,0
II,Bali,2023-05-05,21500.0,22500.0,20928.571428571428,0,0,0
I,Semua Provinsi,2023-05-05,40050.0,21500.0,23650.0,0,0,0
a,Pasar Badung,2023-05-05,25000.0,40050.0,24221.428571428572,0,0,0
I,Semua Provinsi,2023-05-08,42650.0,25000.0,27457.14285714286,0,0,0
II,Bali,2023-05-08,23500.0,42650.0,27885.714285714286,0,0,0
1,Kota Denpasar,2023-05-08,23750.0,23500.0,28421.428571428572,0,0,0
a,Pasar Badung,2023-05-08,25000.0,23750.0,28778.571428571428,0,0,0
b,Pasar Kreneng,2023-05-08,22500.0,25000.0,28921.428571428572,0,0,0
2,Kota Singaraja,2023-05-08,23250.0,22500.0,26521.428571428572,0,0,0
a,Pasar Anyar,2023-05-08,23500.0,23250.0,26307.14285714286,0,0,0
b,Pasar Banyuasri,2023-05-08,23000.0,23500.0,23500.0,0,0,0
2,Kota Singaraja,2023-05-09,24000.0,23000.0,23571.428571428572,0,0,0
b,Pasar Banyuasri,2023-05-09,24000.0,24000.0,23607.14285714286,0,0,0
a,Pasar Anyar,2023-05-09,24000.0,24000.0,23464.285714285714,0,0,0
b,Pasar Kreneng,2023-05-09,22500.0,24000.0,23464.285714285714,0,0,0
a,Pasar Badung,2023-05-09,25000.0,22500.0,23714.285714285714,0,0,0
1,Kota Denpasar,2023-05-09,23750.0,25000.0,23750.0,0,0,0
II,Bali,2023-05-09,23900.0,23750.0,23878.571428571428,0,0,0
I,Semua Provinsi,2023-05-09,44150.0,23900.0,26757.14285714286,0,0,0
I,Semua Provinsi,2023-05-10,44350.0,44150.0,29664.285714285714,0,0,0
II,Bali,2023-05-10,24000.0,44350.0,29664.285714285714,0,0,0
1,Kota Denpasar,2023-05-10,23750.0,24000.0,29842.85714285714,0,0,0
a,Pasar Badung,2023-05-10,25000.0,23750.0,29842.85714285714,0,0,0
b,Pasar Kreneng,2023-05-10,22500.0,25000.0,29664.285714285714,0,0,0
2,Kota Singaraja,2023-05-10,24250.0,22500.0,29714.285714285714,0,0,0
a,Pasar Anyar,2023-05-10,25000.0,24250.0,26978.571428571428,0,0,0
b,Pasar Banyuasri,2023-05-10,23500.0,25000.0,24000.0,0,0,0
b,Pasar Banyuasri,2023-05-11,25000.0,23500.0,24142.85714285714,0,0,0
a,Pasar Anyar,2023-05-11,25000.0,25000.0,24321.428571428572,0,0,0
2,Kota Singaraja,2023-05-11,25000.0,25000.0,24321.428571428572,0,0,0
b,Pasar Kreneng,2023-05-11,22500.0,25000.0,24321.428571428572,0,0,0
a,Pasar Badung,2023-05-11,25000.0,22500.0,24428.571428571428,0,0,0
1,Kota Denpasar,2023-05-11,23750.0,25000.0,24250.0,0,0,0
II,Bali,2023-05-11,24400.0,23750.0,24378.571428571428,0,0,0
I,Semua Provinsi,2023-05-11,44700.0,24400.0,27192.85714285714,0,0,0
I,Semua Provinsi,2023-05-12,44300.0,44700.0,29950.0,0,0,0
II,Bali,2023-05-12,23500.0,44300.0,29735.714285714286,0,0,0
1,Kota Denpasar,2023-05-12,25000.0,23500.0,30092.85714285714,0,0,0
a,Pasar Badung,2023-05-12,25000.0,25000.0,30092.85714285714,0,0,0
b,Pasar Kreneng,2023-05-12,25000.0,25000.0,30271.428571428572,0,0,0
2,Kota Singaraja,2023-05-12,22000.0,25000.0,29928.571428571428,0,0,0
a,Pasar Anyar,2023-05-12,22000.0,22000.0,26685.714285714286,0,0,0
b,Pasar Banyuasri,2023-05-12,22000.0,22000.0,23500.0,0,0,0
a,Pasar Anyar,2023-05-15,24000.0,22000.0,23571.428571428572,0,0,0
2,Kota Singaraja,2023-05-15,23750.0,24000.0,23392.85714285714,0,0,0
b,Pasar Kreneng,2023-05-15,28500.0,23750.0,23892.85714285714,0,0,0
b,Pasar Banyuasri,2023-05-15,23500.0,28500.0,23678.571428571428,0,0,0
1,Kota Denpasar,2023-05-15,26750.0,23500.0,24357.14285714286,0,0,0
II,Bali,2023-05-15,25250.0,26750.0,24821.428571428572,0,0,0
I,Semua Provinsi,2023-05-15,44550.0,25250.0,28042.85714285714,0,0,0
a,Pasar Badung,2023-05-15,25000.0,44550.0,28185.714285714286,0,0,0
a,Pasar Anyar,2023-05-16,28000.0,25000.0,28792.85714285714,0,0,0
2,Kota Singaraja,2023-05-16,27000.0,28000.0,28578.571428571428,0,0,0
b,Pasar Banyuasri,2023-05-16,26000.0,27000.0,28935.714285714286,0,0,0
b,Pasar Kreneng,2023-05-16,30000.0,26000.0,29400.0,0,0,0
a,Pasar Badung,2023-05-16,28000.0,30000.0,29792.85714285714,0,0,0
1,Kota Denpasar,2023-05-16,29000.0,28000.0,27571.428571428572,0,0,0
II,Bali,2023-05-16,28000.0,29000.0,28000.0,0,0,0
I,Semua Provinsi,2023-05-16,45150.0,28000.0,30450.0,0,0,0
I,Semua Provinsi,2023-05-17,45050.0,45150.0,33028.57142857143,0,0,0
II,Bali,2023-05-17,30250.0,45050.0,33635.71428571428,0,0,0
1,Kota Denpasar,2023-05-17,31000.0,30250.0,33778.57142857143,0,0,0
a,Pasar Badung,2023-05-17,32000.0,31000.0,34350.0,0,0,0
b,Pasar Kreneng,2023-05-17,30000.0,32000.0,34492.857142857145,0,0,0
2,Kota Singaraja,2023-05-17,29500.0,30000.0,34707.142857142855,0,0,0
a,Pasar Anyar,2023-05-17,29000.0,29500.0,32400.0,0,0,0
b,Pasar Banyuasri,2023-05-17,30000.0,29000.0,30250.0,0,0,0
b,Pasar Banyuasri,2023-05-18,30000.0,30000.0,30214.285714285714,0,0,0
a,Pasar Anyar,2023-05-18,29000.0,30000.0,29928.571428571428,0,0,0
2,Kota Singaraja,2023-05-18,29500.0,29000.0,29571.428571428572,0,0,0
b,Pasar Kreneng,2023-05-18,30000.0,29500.0,29571.428571428572,0,0,0
1,Kota Denpasar,2023-05-18,31000.0,30000.0,29785.714285714286,0,0,0
II,Bali,2023-05-18,30250.0,31000.0,29964.285714285714,0,0,0
I,Semua Provinsi,2023-05-18,43150.0,30250.0,31842.85714285714,0,0,0
a,Pasar Badung,2023-05-18,32000.0,43150.0,32128.571428571428,0,0,0
I,Semua Provinsi,2023-05-19,44700.0,32000.0,34371.42857142857,0,0,0
II,Bali,2023-05-19,30000.0,44700.0,34442.857142857145,0,0,0
1,Kota Denpasar,2023-05-19,31000.0,30000.0,34585.71428571428,0,0,0
a,Pasar Badung,2023-05-19,32000.0,31000.0,34728.57142857143,0,0,0
b,Pasar Kreneng,2023-05-19,30000.0,32000.0,34692.857142857145,0,0,0
2,Kota Singaraja,2023-05-19,29000.0,30000.0,32671.428571428572,0,0,0
a,Pasar Anyar,2023-05-19,30000.0,29000.0,32385.714285714286,0,0,0
b,Pasar Banyuasri,2023-05-19,28000.0,30000.0,30000.0,0,0,0
2,Kota Singaraja,2023-05-22,39000.0,28000.0,31285.714285714286,0,0,0
b,Pasar Banyuasri,2023-05-22,39500.0,39000.0,32500.0,0,0,0
a,Pasar Anyar,2023-05-22,38500.0,39500.0,33428.57142857143,0,0,0
b,Pasar Kreneng,2023-05-22,31500.0,38500.0,33642.857142857145,0,0,0
a,Pasar Badung,2023-05-22,32500.0,31500.0,34142.857142857145,0,0,0
1,Kota Denpasar,2023-05-22,32000.0,32500.0,34428.57142857143,0,0,0
II,Bali,2023-05-22,35500.0,32000.0,35500.0,0,0,0
I,Semua Provinsi,2023-05-22,46350.0,35500.0,36550.0,0,0,0
I,Semua Provinsi,2023-05-23,46150.0,46350.0,37500.0,0,0,0
II,Bali,2023-05-23,35750.0,46150.0,37107.142857142855,0,0,0
1,Kota Denpasar,2023-05-23,32750.0,35750.0,37285.71428571428,0,0,0
a,Pasar Badung,2023-05-23,32500.0,32750.0,37285.71428571428,0,0,0
b,Pasar Kreneng,2023-05-23,33000.0,32500.0,37428.57142857143,0,0,0
2,Kota Singaraja,2023-05-23,38750.0,33000.0,37892.857142857145,0,0,0
a,Pasar Anyar,2023-05-23,38000.0,38750.0,36700.0,0,0,0
b,Pasar Banyuasri,2023-05-23,39500.0,38000.0,35750.0,0,0,0
b,Pasar Banyuasri,2023-05-24,39500.0,39500.0,36285.71428571428,0,0,0
a,Pasar Anyar,2023-05-24,38000.0,39500.0,37035.71428571428,0,0,0
2,Kota Singaraja,2023-05-24,38750.0,38000.0,37928.57142857143,0,0,0
b,Pasar Kreneng,2023-05-24,33000.0,38750.0,37928.57142857143,0,0,0
a,Pasar Badung,2023-05-24,32500.0,33000.0,37035.71428571428,0,0,0
1,Kota Denpasar,2023-05-24,32750.0,32500.0,36285.71428571428,0,0,0
II,Bali,2023-05-24,35750.0,32750.0,35750.0,0,0,0
I,Semua Provinsi,2023-05-24,45750.0,35750.0,36642.857142857145,0,0,0
I,Semua Provinsi,2023-05-25,45650.0,45750.0,37735.71428571428,0,0,0
II,Bali,2023-05-25,33900.0,45650.0,37042.857142857145,0,0,0
1,Kota Denpasar,2023-05-25,32500.0,33900.0,36971.42857142857,0,0,0
a,Pasar Badung,2023-05-25,35000.0,32500.0,37328.57142857143,0,0,0
b,Pasar Kreneng,2023-05-25,30000.0,35000.0,36935.71428571428,0,0,0
2,Kota Singaraja,2023-05-25,35250.0,30000.0,36864.28571428572,0,0,0
a,Pasar Anyar,2023-05-25,35000.0,35250.0,35328.57142857143,0,0,0
b,Pasar Banyuasri,2023-05-25,35500.0,35000.0,33878.57142857143,0,0,0
a,Pasar Anyar,2023-05-26,35000.0,35500.0,34035.71428571428,0,0,0
2,Kota Singaraja,2023-05-26,33750.0,35000.0,34214.28571428572,0,0,0
b,Pasar Kreneng,2023-05-26,30000.0,33750.0,33500.0,0,0,0
b,Pasar Banyuasri,2023-05-26,32500.0,30000.0,33857.142857142855,0,0,0
1,Kota Denpasar,2023-05-26,32500.0,32500.0,33464.28571428572,0,0,0
II,Bali,2023-05-26,33150.0,32500.0,33200.0,0,0,0
I,Semua Provinsi,2023-05-26,45800.0,33150.0,34671.42857142857,0,0,0
a,Pasar Badung,2023-05-26,35000.0,45800.0,34671.42857142857,0,0,0
I,Semua Provinsi,2023-05-29,45450.0,35000.0,36342.857142857145,0,0,0
II,Bali,2023-05-29,34650.0,45450.0,37007.142857142855,0,0,0
1,Kota Denpasar,2023-05-29,38000.0,34650.0,37792.857142857145,0,0,0
a,Pasar Badung,2023-05-29,35000.0,38000.0,38150.0,0,0,0
b,Pasar Kreneng,2023-05-29,41000.0,35000.0,39271.42857142857,0,0,0
2,Kota Singaraja,2023-05-29,31250.0,41000.0,37192.857142857145,0,0,0
a,Pasar Anyar,2023-05-29,31000.0,31250.0,36621.42857142857,0,0,0
b,Pasar Banyuasri,2023-05-29,31500.0,31000.0,34628.57142857143,0,0,0
b,Pasar Banyuasri,2023-05-30,31000.0,31500.0,34107.142857142855,0,0,0
a,Pasar Anyar,2023-05-30,31000.0,31000.0,33107.142857142855,0,0,0
2,Kota Singaraja,2023-05-30,31000.0,31000.0,32535.714285714286,0,0,0
b,Pasar Kreneng,2023-05-30,40000.0,31000.0,32392.85714285714,0,0,0
a,Pasar Badung,2023-05-30,35000.0,40000.0,32928.57142857143,0,0,0
1,Kota Denpasar,2023-05-30,37500.0,35000.0,33857.142857142855,0,0,0
II,Bali,2023-05-30,34250.0,37500.0,34250.0,0,0,0
I,Semua Provinsi,2023-05-30,46050.0,34250.0,36400.0,0,0,0
I,Semua Provinsi,2023-05-31,46150.0,46050.0,38564.28571428572,0,0,0
II,Bali,2023-05-31,36250.0,46150.0,39314.28571428572,0,0,0
1,Kota Denpasar,2023-05-31,37500.0,36250.0,38957.142857142855,0,0,0
a,Pasar Badung,2023-05-31,35000.0,37500.0,38957.142857142855,0,0,0
b,Pasar Kreneng,2023-05-31,40000.0,35000.0,39314.28571428572,0,0,0
2,Kota Singaraja,2023-05-31,35000.0,40000.0,39421.42857142857,0,0,0
a,Pasar Anyar,2023-05-31,35000.0,35000.0,37842.857142857145,0,0,0
b,Pasar Banyuasri,2023-05-31,35000.0,35000.0,36250.0,0,0,0
a,Pasar Anyar,2023-06-01,35000.0,35000.0,36071.42857142857,0,0,0
2,Kota Singaraja,2023-06-01,33000.0,35000.0,35428.57142857143,0,0,0
b,Pasar Kreneng,2023-06-01,40000.0,33000.0,36142.857142857145,0,0,0
b,Pasar Banyuasri,2023-06-01,31000.0,40000.0,34857.142857142855,0,0,0
1,Kota Denpasar,2023-06-01,37500.0,31000.0,35214.28571428572,0,0,0
II,Bali,2023-06-01,35250.0,37500.0,35250.0,0,0,0
I,Semua Provinsi,2023-06-01,46300.0,35250.0,36864.28571428572,0,0,0
a,Pasar Badung,2023-06-01,35000.0,46300.0,36864.28571428572,0,0,0
I,Semua Provinsi,2023-06-02,46450.0,35000.0,38785.71428571428,0,0,0
II,Bali,2023-06-02,35250.0,46450.0,38107.142857142855,0,0,0
1,Kota Denpasar,2023-06-02,37500.0,35250.0,39035.71428571428,0,0,0
a,Pasar Badung,2023-06-02,35000.0,37500.0,38678.57142857143,0,0,0
b,Pasar Kreneng,2023-06-02,40000.0,35000.0,39357.142857142855,0,0,0
2,Kota Singaraja,2023-06-02,33000.0,40000.0,37457.142857142855,0,0,0
a,Pasar Anyar,2023-06-02,35000.0,33000.0,37457.142857142855,0,0,0
b,Pasar Banyuasri,2023-06-02,31000.0,35000.0,35250.0,0,0,0
a,Pasar Anyar,2023-06-05,34500.0,31000.0,35142.857142857145,0,0,0
2,Kota Singaraja,2023-06-05,34250.0,34500.0,34678.57142857143,0,0,0
b,Pasar Kreneng,2023-06-05,40000.0,34250.0,35392.857142857145,0,0,0
b,Pasar Banyuasri,2023-06-05,34000.0,40000.0,34535.71428571428,0,0,0
1,Kota Denpasar,2023-06-05,33250.0,34000.0,34571.42857142857,0,0,0
II,Bali,2023-06-05,33750.0,33250.0,34392.857142857145,0,0,0
I,Semua Provinsi,2023-06-05,47100.0,33750.0,36692.857142857145,0,0,0
a,Pasar Badung,2023-06-05,26500.0,47100.0,35550.0,0,0,0
a,Pasar Anyar,2023-06-06,35000.0,26500.0,35657.142857142855,0,0,0
2,Kota Singaraja,2023-06-06,34000.0,35000.0,34800.0,0,0,0
b,Pasar Kreneng,2023-06-06,37500.0,34000.0,35300.0,0,0,0
b,Pasar Banyuasri,2023-06-06,33000.0,37500.0,35264.28571428572,0,0,0
1,Kota Denpasar,2023-06-06,32000.0,33000.0,35014.28571428572,0,0,0
II,Bali,2023-06-06,33000.0,32000.0,33000.0,0,0,0
I,Semua Provinsi,2023-06-06,47250.0,33000.0,35964.28571428572,0,0,0
a,Pasar Badung,2023-06-06,26500.0,47250.0,34750.0,0,0,0
I,Semua Provinsi,2023-06-07,47600.0,26500.0,36692.857142857145,0,0,0
II,Bali,2023-06-07,33000.0,47600.0,36050.0,0,0,0
1,Kota Denpasar,2023-06-07,32000.0,33000.0,35907.142857142855,0,0,0
a,Pasar Badung,2023-06-07,26500.0,32000.0,35121.42857142857,0,0,0
b,Pasar Kreneng,2023-06-07,37500.0,26500.0,35764.28571428572,0,0,0
2,Kota Singaraja,2023-06-07,34000.0,37500.0,33871.42857142857,0,0,0
a,Pasar Anyar,2023-06-07,33500.0,34000.0,34871.42857142857,0,0,0
b,Pasar Banyuasri,2023-06-07,34500.0,33500.0,33000.0,0,0,0
a,Pasar Anyar,2023-06-08,34500.0,34500.0,33214.28571428572,0,0,0
b,Pasar Banyuasri,2023-06-08,35000.0,34500.0,33642.857142857145,0,0,0
2,Kota Singaraja,2023-06-08,34750.0,35000.0,34821.42857142857,0,0,0
b,Pasar Kreneng,2023-06-08,37500.0,34750.0,34821.42857142857,0,0,0
a,Pasar Badung,2023-06-08,26500.0,37500.0,33750.0,0,0,0
1,Kota Denpasar,2023-06-08,32000.0,26500.0,33535.71428571428,0,0,0
II,Bali,2023-06-08,33400.0,32000.0,33378.57142857143,0,0,0
I,Semua Provinsi,2023-06-08,47200.0,33400.0,35192.857142857145,0,0,0
I,Semua Provinsi,2023-06-09,46700.0,47200.0,36864.28571428572,0,0,0
II,Bali,2023-06-09,33150.0,46700.0,36635.71428571428,0,0,0
1,Kota Denpasar,2023-06-09,32000.0,33150.0,35850.0,0,0,0
a,Pasar Badung,2023-06-09,26500.0,32000.0,35850.0,0,0,0
b,Pasar Kreneng,2023-06-09,37500.0,26500.0,36635.71428571428,0,0,0
2,Kota Singaraja,2023-06-09,34250.0,37500.0,36757.142857142855,0,0,0
a,Pasar Anyar,2023-06-09,34000.0,34250.0,34871.42857142857,0,0,0
b,Pasar Banyuasri,2023-06-09,34500.0,34000.0,33128.57142857143,0,0,0
b,Pasar Banyuasri,2023-06-12,33000.0,34500.0,33107.142857142855,0,0,0
a,Pasar Anyar,2023-06-12,31500.0,33000.0,33035.71428571428,0,0,0
2,Kota Singaraja,2023-06-12,32250.0,31500.0,33857.142857142855,0,0,0
b,Pasar Kreneng,2023-06-12,36500.0,32250.0,33714.28571428572,0,0,0
a,Pasar Badung,2023-06-12,30000.0,36500.0,33107.142857142855,0,0,0
1,Kota Denpasar,2023-06-12,33250.0,30000.0,33000.0,0,0,0
II,Bali,2023-06-12,32750.0,33250.0,32750.0,0,0,0
I,Semua Provinsi,2023-06-12,46800.0,32750.0,34721.42857142857,0,0,0
I,Semua Provinsi,2023-06-13,46600.0,46800.0,36878.57142857143,0,0,0
II,Bali,2023-06-13,31900.0,46600.0,36828.57142857143,0,0,0
1,Kota Denpasar,2023-06-13,32500.0,31900.0,36257.142857142855,0,0,0
a,Pasar Badung,2023-06-13,30000.0,32500.0,36257.142857142855,0,0,0
b,Pasar Kreneng,2023-06-13,35000.0,30000.0,36507.142857142855,0,0,0
2,Kota Singaraja,2023-06-13,31250.0,35000.0,36292.857142857145,0,0,0
a,Pasar Anyar,2023-06-13,31500.0,31250.0,34107.142857142855,0,0,0
b,Pasar Banyuasri,2023-06-13,31000.0,31500.0,31878.571428571428,0,0,0
b,Pasar Banyuasri,2023-06-14,29500.0,31000.0,31535.714285714286,0,0,0
a,Pasar Anyar,2023-06-14,30000.0,29500.0,31178.571428571428,0,0,0
2,Kota Singaraja,2023-06-14,29750.0,30000.0,31142.85714285714,0,0,0
a,Pasar Badung,2023-06-14,30000.0,29750.0,30428.571428571428,0,0,0
II,Bali,2023-06-14,31150.0,30000.0,30414.285714285714,0,0,0
1,Kota Denpasar,2023-06-14,32500.0,31150.0,30557.14285714286,0,0,0
I,Semua Provinsi,2023-06-14,46550.0,32500.0,32778.57142857143,0,0,0
b,Pasar Kreneng,2023-06-14,35000.0,46550.0,33564.28571428572,0,0,0
I,Semua Provinsi,2023-06-15,46450.0,35000.0,35914.28571428572,0,0,0
II,Bali,2023-06-15,30500.0,46450.0,36021.42857142857,0,0,0
1,Kota Denpasar,2023-06-15,32500.0,30500.0,36378.57142857143,0,0,0
a,Pasar Badung,2023-06-15,30000.0,32500.0,36214.28571428572,0,0,0
b,Pasar Kreneng,2023-06-15,35000.0,30000.0,36571.42857142857,0,0,0
2,Kota Singaraja,2023-06-15,28500.0,35000.0,33992.857142857145,0,0,0
a,Pasar Anyar,2023-06-15,29000.0,28500.0,33135.71428571428,0,0,0
b,Pasar Banyuasri,2023-06-15,28000.0,29000.0,30500.0,0,0,0
b,Pasar Banyuasri,2023-06-16,30000.0,28000.0,30428.571428571428,0,0,0
a,Pasar Anyar,2023-06-16,29500.0,30000.0,30000.0,0,0,0
2,Kota Singaraja,2023-06-16,29750.0,29500.0,29964.285714285714,0,0,0
b,Pasar Kreneng,2023-06-16,35000.0,29750.0,29964.285714285714,0,0,0
1,Kota Denpasar,2023-06-16,32500.0,35000.0,30535.714285714286,0,0,0
II,Bali,2023-06-16,31150.0,32500.0,30842.85714285714,0,0,0
I,Semua Provinsi,2023-06-16,45900.0,31150.0,33400.0,0,0,0
a,Pasar Badung,2023-06-16,30000.0,45900.0,33400.0,0,0,0
a,Pasar Anyar,2023-06-19,29000.0,30000.0,33328.57142857143,0,0,0
I,Semua Provinsi,2023-06-19,46250.0,29000.0,35685.71428571428,0,0,0
II,Bali,2023-06-19,28400.0,46250.0,34742.857142857145,0,0,0
1,Kota Denpasar,2023-06-19,28250.0,28400.0,34135.71428571428,0,0,0
a,Pasar Badung,2023-06-19,30000.0,28250.0,33971.42857142857,0,0,0
b,Pasar Kreneng,2023-06-19,26500.0,30000.0,31200.0,0,0,0
2,Kota Singaraja,2023-06-19,28500.0,26500.0,30985.714285714286,0,0,0
b,Pasar Banyuasri,2023-06-19,28000.0,28500.0,30842.85714285714,0,0,0
b,Pasar Banyuasri,2023-06-20,29000.0,28000.0,28378.571428571428,0,0,0
2,Kota Singaraja,2023-06-20,29500.0,29000.0,28535.714285714286,0,0,0
b,Pasar Kreneng,2023-06-20,30000.0,29500.0,28785.714285714286,0,0,0
a,Pasar Anyar,2023-06-20,30000.0,30000.0,28785.714285714286,0,0,0
1,Kota Denpasar,2023-06-20,32500.0,30000.0,29642.85714285714,0,0,0
II,Bali,2023-06-20,31000.0,32500.0,30000.0,0,0,0
a,Pasar Badung,2023-06-20,35000.0,31000.0,31000.0,0,0,0
I,Semua Provinsi,2023-06-20,46350.0,35000.0,33478.57142857143,0,0,0
I,Semua Provinsi,2023-06-21,47000.0,46350.0,35978.57142857143,0,0,0
II,Bali,2023-06-21,31250.0,47000.0,36157.142857142855,0,0,0
1,Kota Denpasar,2023-06-21,32500.0,31250.0,36514.28571428572,0,0,0
a,Pasar Badung,2023-06-21,35000.0,32500.0,36871.42857142857,0,0,0
b,Pasar Kreneng,2023-06-21,30000.0,35000.0,36728.57142857143,0,0,0
2,Kota Singaraja,2023-06-21,30000.0,30000.0,36014.28571428572,0,0,0
a,Pasar Anyar,2023-06-21,30000.0,30000.0,33678.57142857143,0,0,0
b,Pasar Banyuasri,2023-06-21,30000.0,30000.0,31250.0,0,0,0
b,Pasar Banyuasri,2023-06-22,30000.0,30000.0,31071.428571428572,0,0,0
a,Pasar Anyar,2023-06-22,29000.0,30000.0,30571.428571428572,0,0,0
2,Kota Singaraja,2023-06-22,29500.0,29000.0,29785.714285714286,0,0,0
b,Pasar Kreneng,2023-06-22,30000.0,29500.0,29785.714285714286,0,0,0
a,Pasar Badung,2023-06-22,35000.0,30000.0,30500.0,0,0,0
1,Kota Denpasar,2023-06-22,32500.0,35000.0,30857.14285714286,0,0,0
II,Bali,2023-06-22,31000.0,32500.0,31000.0,0,0,0
I,Semua Provinsi,2023-06-22,46800.0,31000.0,33400.0,0,0,0
I,Semua Provinsi,2023-06-23,47400.0,46800.0,36028.57142857143,0,0,0
II,Bali,2023-06-23,30000.0,47400.0,36100.0,0,0,0
1,Kota Denpasar,2023-06-23,30000.0,30000.0,36100.0,0,0,0
a,Pasar Badung,2023-06-23,30000.0,30000.0,35385.71428571428,0,0,0
b,Pasar Kreneng,2023-06-23,30000.0,30000.0,35028.57142857143,0,0,0
2,Kota Singaraja,2023-06-23,30000.0,30000.0,34885.71428571428,0,0,0
a,Pasar Anyar,2023-06-23,29500.0,30000.0,32414.285714285714,0,0,0
b,Pasar Banyuasri,2023-06-23,30500.0,29500.0,30000.0,0,0,0
b,Pasar Banyuasri,2023-06-26,28000.0,30500.0,29714.285714285714,0,0,0
2,Kota Singaraja,2023-06-26,29000.0,28000.0,29571.428571428572,0,0,0
b,Pasar Kreneng,2023-06-26,28000.0,29000.0,29285.714285714286,0,0,0
a,Pasar Anyar,2023-06-26,30000.0,28000.0,29285.714285714286,0,0,0
1,Kota Denpasar,2023-06-26,29000.0,30000.0,29142.85714285714,0,0,0
II,Bali,2023-06-26,29000.0,29000.0,29071.428571428572,0,0,0
I,Semua Provinsi,2023-06-26,49900.0,29000.0,31842.85714285714,0,0,0
a,Pasar Badung,2023-06-26,30000.0,49900.0,32128.571428571428,0,0,0
I,Semua Provinsi,2023-06-27,51050.0,30000.0,35278.57142857143,0,0,0
II,Bali,2023-06-27,29000.0,51050.0,35421.42857142857,0,0,0
1,Kota Denpasar,2023-06-27,29000.0,29000.0,35278.57142857143,0,0,0
a,Pasar Badung,2023-06-27,30000.0,29000.0,35421.42857142857,0,0,0
b,Pasar Kreneng,2023-06-27,28000.0,30000.0,35278.57142857143,0,0,0
2,Kota Singaraja,2023-06-27,29000.0,28000.0,32292.85714285714,0,0,0
a,Pasar Anyar,2023-06-27,30000.0,29000.0,32292.85714285714,0,0,0
b,Pasar Banyuasri,2023-06-27,28000.0,30000.0,29000.0,0,0,0
b,Pasar Banyuasri,2023-06-28,28000.0,28000.0,28857.14285714286,0,0,0
2,Kota Singaraja,2023-06-28,29000.0,28000.0,28857.14285714286,0,0,0
b,Pasar Kreneng,2023-06-28,28000.0,29000.0,28571.428571428572,0,0,0
a,Pasar Anyar,2023-06-28,30000.0,28000.0,28857.14285714286,0,0,0
1,Kota Denpasar,2023-06-28,29000.0,30000.0,28857.14285714286,0,0,0
II,Bali,2023-06-28,29000.0,29000.0,28714.285714285714,0,0,0
I,Semua Provinsi,2023-06-28,51400.0,29000.0,32057.14285714286,0,0,0
a,Pasar Badung,2023-06-28,30000.0,51400.0,32342.85714285714,0,0,0
b,Pasar Banyuasri,2023-06-29,28000.0,30000.0,32200.0,0,0,0
2,Kota Singaraja,2023-06-29,29000.0,28000.0,32342.85714285714,0,0,0
b,Pasar Kreneng,2023-06-29,28000.0,29000.0,32057.14285714286,0,0,0
a,Pasar Anyar,2023-06-29,30000.0,28000.0,32200.0,0,0,0
1,Kota Denpasar,2023-06-29,29000.0,30000.0,32200.0,0,0,0
II,Bali,2023-06-29,29000.0,29000.0,29000.0,0,0,0
I,Semua Provinsi,2023-06-29,51650.0,29000.0,32092.85714285714,0,0,0
a,Pasar Badung,2023-06-29,30000.0,51650.0,32378.571428571428,0,0,0
b,Pasar Banyuasri,2023-06-30,28000.0,30000.0,32235.714285714286,0,0,0
I,Semua Provinsi,2023-06-30,51500.0,28000.0,35592.857142857145,0,0,0
II,Bali,2023-06-30,29000.0,51500.0,35450.0,0,0,0
1,Kota Denpasar,2023-06-30,29000.0,29000.0,35450.0,0,0,0
a,Pasar Badung,2023-06-30,30000.0,29000.0,35592.857142857145,0,0,0
b,Pasar Kreneng,2023-06-30,28000.0,30000.0,32214.285714285714,0,0,0
2,Kota Singaraja,2023-06-30,29000.0,28000.0,32071.428571428572,0,0,0
a,Pasar Anyar,2023-06-30,30000.0,29000.0,32357.14285714286,0,0,0
a,Pasar Anyar,2023-07-03,29000.0,30000.0,29142.85714285714,0,0,0
2,Kota Singaraja,2023-07-03,27500.0,29000.0,28928.571428571428,0,0,0
b,Pasar Banyuasri,2023-07-03,26000.0,27500.0,28500.0,0,0,0
b,Pasar Kreneng,2023-07-03,28000.0,26000.0,28214.285714285714,0,0,0
a,Pasar Badung,2023-07-03,25000.0,28000.0,27785.714285714286,0,0,0
1,Kota Denpasar,2023-07-03,26500.0,25000.0,27428.571428571428,0,0,0
II,Bali,2023-07-03,27000.0,26500.0,27000.0,0,0,0
I,Semua Provinsi,2023-07-03,50100.0,27000.0,30014.285714285714,0,0,0
I,Semua Provinsi,2023-07-04,50250.0,50100.0,33264.28571428572,0,0,0
II,Bali,2023-07-04,25650.0,50250.0,33214.28571428572,0,0,0
1,Kota Denpasar,2023-07-04,26500.0,25650.0,33000.0,0,0,0
a,Pasar Badung,2023-07-04,25000.0,26500.0,33000.0,0,0,0
b,Pasar Kreneng,2023-07-04,28000.0,25000.0,33214.28571428572,0,0,0
2,Kota Singaraja,2023-07-04,24750.0,28000.0,32892.857142857145,0,0,0
a,Pasar Anyar,2023-07-04,25000.0,24750.0,29307.14285714286,0,0,0
b,Pasar Banyuasri,2023-07-04,24500.0,25000.0,25628.571428571428,0,0,0
b,Pasar Banyuasri,2023-07-05,23500.0,24500.0,25321.428571428572,0,0,0
a,Pasar Anyar,2023-07-05,26500.0,23500.0,25321.428571428572,0,0,0
2,Kota Singaraja,2023-07-05,25000.0,26500.0,25321.428571428572,0,0,0
b,Pasar Kreneng,2023-07-05,20000.0,25000.0,24178.571428571428,0,0,0
I,Semua Provinsi,2023-07-05,48900.0,20000.0,27628.571428571428,0,0,0
1,Kota Denpasar,2023-07-05,22500.0,48900.0,27271.428571428572,0,0,0
II,Bali,2023-07-05,23750.0,22500.0,27164.285714285714,0,0,0
a,Pasar Badung,2023-07-05,25000.0,23750.0,27378.571428571428,0,0,0
2,Kota Singaraja,2023-07-06,24250.0,25000.0,27057.14285714286,0,0,0
b,Pasar Banyuasri,2023-07-06,23500.0,24250.0,26842.85714285714,0,0,0
a,Pasar Anyar,2023-07-06,25000.0,23500.0,27557.14285714286,0,0,0
b,Pasar Kreneng,2023-07-06,22500.0,25000.0,23785.714285714286,0,0,0
I,Semua Provinsi,2023-07-06,47650.0,22500.0,27378.571428571428,0,0,0
1,Kota Denpasar,2023-07-06,23750.0,47650.0,27378.571428571428,0,0,0
II,Bali,2023-07-06,24000.0,23750.0,27235.714285714286,0,0,0
a,Pasar Badung,2023-07-06,25000.0,24000.0,27342.85714285714,0,0,0
I,Semua Provinsi,2023-07-07,47050.0,25000.0,30707.14285714286,0,0,0
II,Bali,2023-07-07,23900.0,47050.0,30550.0,0,0,0
1,Kota Denpasar,2023-07-07,23750.0,23900.0,30728.571428571428,0,0,0
a,Pasar Badung,2023-07-07,25000.0,23750.0,27492.85714285714,0,0,0
b,Pasar Kreneng,2023-07-07,22500.0,25000.0,27314.285714285714,0,0,0
2,Kota Singaraja,2023-07-07,24000.0,22500.0,27314.285714285714,0,0,0
a,Pasar Anyar,2023-07-07,25000.0,24000.0,27314.285714285714,0,0,0
b,Pasar Banyuasri,2023-07-07,23000.0,25000.0,23878.571428571428,0,0,0
2,Kota Singaraja,2023-07-10,25750.0,23000.0,24142.85714285714,0,0,0
b,Pasar Banyuasri,2023-07-10,25000.0,25750.0,24321.428571428572,0,0,0
a,Pasar Anyar,2023-07-10,26500.0,25000.0,24535.714285714286,0,0,0
b,Pasar Kreneng,2023-07-10,25000.0,26500.0,24892.85714285714,0,0,0
I,Semua Provinsi,2023-07-10,46050.0,25000.0,28042.85714285714,0,0,0
1,Kota Denpasar,2023-07-10,25000.0,46050.0,28042.85714285714,0,0,0
II,Bali,2023-07-10,25400.0,25000.0,28385.714285714286,0,0,0
a,Pasar Badung,2023-07-10,25000.0,25400.0,28278.571428571428,0,0,0
I,Semua Provinsi,2023-07-11,45800.0,25000.0,31250.0,0,0,0
II,Bali,2023-07-11,25400.0,45800.0,31092.85714285714,0,0,0
1,Kota Denpasar,2023-07-11,25000.0,25400.0,31092.85714285714,0,0,0
a,Pasar Badung,2023-07-11,25000.0,25000.0,28085.714285714286,0,0,0
b,Pasar Kreneng,2023-07-11,25000.0,25000.0,28085.714285714286,0,0,0
2,Kota Singaraja,2023-07-11,25750.0,25000.0,28135.714285714286,0,0,0
a,Pasar Anyar,2023-07-11,26500.0,25750.0,28350.0,0,0,0
b,Pasar Banyuasri,2023-07-11,25000.0,26500.0,25378.571428571428,0,0,0
b,Pasar Banyuasri,2023-07-12,21000.0,25000.0,24750.0,0,0,0
a,Pasar Anyar,2023-07-12,26500.0,21000.0,24964.285714285714,0,0,0
2,Kota Singaraja,2023-07-12,23750.0,26500.0,24785.714285714286,0,0,0
b,Pasar Kreneng,2023-07-12,20000.0,23750.0,24071.428571428572,0,0,0
1,Kota Denpasar,2023-07-12,20000.0,20000.0,23250.0,0,0,0
II,Bali,2023-07-12,21900.0,20000.0,22592.85714285714,0,0,0
I,Semua Provinsi,2023-07-12,45050.0,21900.0,25457.14285714286,0,0,0
a,Pasar Badung,2023-07-12,20000.0,45050.0,25314.285714285714,0,0,0
I,Semua Provinsi,2023-07-13,44750.0,20000.0,27921.428571428572,0,0,0
II,Bali,2023-07-13,24500.0,44750.0,28028.571428571428,0,0,0
1,Kota Denpasar,2023-07-13,25000.0,24500.0,28742.85714285714,0,0,0
a,Pasar Badung,2023-07-13,25000.0,25000.0,29457.14285714286,0,0,0
b,Pasar Kreneng,2023-07-13,25000.0,25000.0,29900.0,0,0,0
2,Kota Singaraja,2023-07-13,24000.0,25000.0,26892.85714285714,0,0,0
a,Pasar Anyar,2023-07-13,24500.0,24000.0,27535.714285714286,0,0,0
b,Pasar Banyuasri,2023-07-13,23500.0,24500.0,24500.0,0,0,0
2,Kota Singaraja,2023-07-14,25000.0,23500.0,24571.428571428572,0,0,0
b,Pasar Banyuasri,2023-07-14,25000.0,25000.0,24571.428571428572,0,0,0
a,Pasar Anyar,2023-07-14,25000.0,25000.0,24571.428571428572,0,0,0
b,Pasar Kreneng,2023-07-14,25000.0,25000.0,24571.428571428572,0,0,0
I,Semua Provinsi,2023-07-14,44250.0,25000.0,27464.285714285714,0,0,0
1,Kota Denpasar,2023-07-14,25000.0,44250.0,27535.714285714286,0,0,0
a,Pasar Badung,2023-07-14,25000.0,25000.0,27750.0,0,0,0
II,Bali,2023-07-14,25000.0,25000.0,27750.0,0,0,0
I,Semua Provinsi,2023-07-17,44100.0,25000.0,30478.571428571428,0,0,0
II,Bali,2023-07-17,24500.0,44100.0,30407.14285714286,0,0,0
1,Kota Denpasar,2023-07-17,24500.0,24500.0,30335.714285714286,0,0,0
a,Pasar Badung,2023-07-17,25000.0,24500.0,27585.714285714286,0,0,0
b,Pasar Kreneng,2023-07-17,24000.0,25000.0,27442.85714285714,0,0,0
2,Kota Singaraja,2023-07-17,24500.0,24000.0,27371.428571428572,0,0,0
a,Pasar Anyar,2023-07-17,26500.0,24500.0,27585.714285714286,0,0,0
b,Pasar Banyuasri,2023-07-17,22500.0,26500.0,24500.0,0,0,0
b,Pasar Kreneng,2023-07-18,22500.0,22500.0,24214.285714285714,0,0,0
b,Pasar Banyuasri,2023-07-18,22500.0,22500.0,23928.571428571428,0,0,0
a,Pasar Anyar,2023-07-18,24500.0,22500.0,23857.14285714286,0,0,0
2,Kota Singaraja,2023-07-18,23500.0,24500.0,23785.714285714286,0,0,0
a,Pasar Badung,2023-07-18,25000.0,23500.0,23857.14285714286,0,0,0
1,Kota Denpasar,2023-07-18,23750.0,25000.0,23464.285714285714,0,0,0
II,Bali,2023-07-18,23650.0,23750.0,23628.571428571428,0,0,0
I,Semua Provinsi,2023-07-18,44550.0,23650.0,26778.571428571428,0,0,0
I,Semua Provinsi,2023-07-19,44650.0,44550.0,29942.85714285714,0,0,0
II,Bali,2023-07-19,23650.0,44650.0,29821.428571428572,0,0,0
1,Kota Denpasar,2023-07-19,23750.0,23650.0,29857.14285714286,0,0,0
a,Pasar Badung,2023-07-19,25000.0,23750.0,29857.14285714286,0,0,0
b,Pasar Kreneng,2023-07-19,22500.0,25000.0,29678.571428571428,0,0,0
2,Kota Singaraja,2023-07-19,23500.0,22500.0,29657.14285714286,0,0,0
a,Pasar Anyar,2023-07-19,24500.0,23500.0,26792.85714285714,0,0,0
b,Pasar Banyuasri,2023-07-19,22500.0,24500.0,23628.571428571428,0,0,0
a,Pasar Anyar,2023-07-20,29000.0,22500.0,24392.85714285714,0,0,0
2,Kota Singaraja,2023-07-20,27750.0,29000.0,24964.285714285714,0,0,0
b,Pasar Banyuasri,2023-07-20,26500.0,27750.0,25178.571428571428,0,0,0
b,Pasar Kreneng,2023-07-20,22500.0,26500.0,25178.571428571428,0,0,0
1,Kota Denpasar,2023-07-20,23750.0,22500.0,25214.285714285714,0,0,0
II,Bali,2023-07-20,25750.0,23750.0,25392.85714285714,0,0,0
I,Semua Provinsi,2023-07-20,44550.0,25750.0,28542.85714285714,0,0,0
a,Pasar Badung,2023-07-20,25000.0,44550.0,27971.428571428572,0,0,0
I,Semua Provinsi,2023-07-21,44400.0,25000.0,30350.0,0,0,0
II,Bali,2023-07-21,28900.0,44400.0,30692.85714285714,0,0,0
1,Kota Denpasar,2023-07-21,28250.0,28900.0,31514.285714285714,0,0,0
a,Pasar Badung,2023-07-21,25000.0,28250.0,31692.85714285714,0,0,0
b,Pasar Kreneng,2023-07-21,31500.0,25000.0,32514.285714285714,0,0,0
2,Kota Singaraja,2023-07-21,29500.0,31500.0,30364.285714285714,0,0,0
a,Pasar Anyar,2023-07-21,29000.0,29500.0,30935.714285714286,0,0,0
b,Pasar Banyuasri,2023-07-21,30000.0,29000.0,28878.571428571428,0,0,0
b,Pasar Banyuasri,2023-07-24,32500.0,30000.0,29392.85714285714,0,0,0
a,Pasar Anyar,2023-07-24,31000.0,32500.0,29785.714285714286,0,0,0
2,Kota Singaraja,2023-07-24,31750.0,31000.0,30750.0,0,0,0
b,Pasar Kreneng,2023-07-24,34500.0,31750.0,31178.571428571428,0,0,0
a,Pasar Badung,2023-07-24,35000.0,34500.0,31964.285714285714,0,0,0
II,Bali,2023-07-24,33250.0,35000.0,32571.428571428572,0,0,0
I,Semua Provinsi,2023-07-24,45200.0,33250.0,34742.857142857145,0,0,0
1,Kota Denpasar,2023-07-24,34750.0,45200.0,35064.28571428572,0,0,0
I,Semua Provinsi,2023-07-25,45800.0,34750.0,37178.57142857143,0,0,0
II,Bali,2023-07-25,36650.0,45800.0,37878.57142857143,0,0,0
1,Kota Denpasar,2023-07-25,37250.0,36650.0,38271.42857142857,0,0,0
a,Pasar Badung,2023-07-25,40000.0,37250.0,38985.71428571428,0,0,0
b,Pasar Kreneng,2023-07-25,34500.0,40000.0,39164.28571428572,0,0,0
2,Kota Singaraja,2023-07-25,36000.0,34500.0,37850.0,0,0,0
a,Pasar Anyar,2023-07-25,37000.0,36000.0,38171.42857142857,0,0,0
b,Pasar Banyuasri,2023-07-25,35000.0,37000.0,36628.57142857143,0,0,0
2,Kota Singaraja,2023-07-26,36500.0,35000.0,36607.142857142855,1,0,0
b,Pasar Banyuasri,2023-07-26,35000.0,36500.0,36285.71428571428,1,0,0
a,Pasar Anyar,2023-07-26,38000.0,35000.0,36000.0,1,0,0
b,Pasar Kreneng,2023-07-26,34500.0,38000.0,36000.0,1,0,0
a,Pasar Badung,2023-07-26,40000.0,34500.0,36571.42857142857,1,0,0
1,Kota Denpasar,2023-07-26,37250.0,40000.0,36607.142857142855,1,0,0
II,Bali,2023-07-26,36900.0,37250.0,36878.57142857143,1,0,0
I,Semua Provinsi,2023-07-26,45500.0,36900.0,38164.28571428572,1,0,0
I,Semua Provinsi,2023-07-27,45500.0,45500.0,39664.28571428572,1,0,0
II,Bali,2023-07-27,34000.0,45500.0,39092.857142857145,1,0,0
1,Kota Denpasar,2023-07-27,34750.0,34000.0,39128.57142857143,1,0,0
a,Pasar Badung,2023-07-27,35000.0,34750.0,38414.28571428572,1,0,0
b,Pasar Kreneng,2023-07-27,34500.0,35000.0,38021.42857142857,1,0,0
2,Kota Singaraja,2023-07-27,33250.0,34500.0,37500.0,1,0,0
a,Pasar Anyar,2023-07-27,33500.0,33250.0,35785.71428571428,1,0,0
b,Pasar Banyuasri,2023-07-27,33000.0,33500.0,34000.0,1,0,0
b,Pasar Banyuasri,2023-07-28,31000.0,33000.0,33571.42857142857,1,0,0
a,Pasar Anyar,2023-07-28,31000.0,31000.0,33035.71428571428,1,0,0
2,Kota Singaraja,2023-07-28,31000.0,31000.0,32464.285714285714,1,0,0
b,Pasar Kreneng,2023-07-28,34500.0,31000.0,32464.285714285714,1,0,0
1,Kota Denpasar,2023-07-28,34750.0,34500.0,32678.571428571428,1,0,0
II,Bali,2023-07-28,32900.0,34750.0,32592.85714285714,1,0,0
I,Semua Provinsi,2023-07-28,45650.0,32900.0,34400.0,1,0,0
a,Pasar Badung,2023-07-28,35000.0,45650.0,34971.42857142857,1,0,0
I,Semua Provinsi,2023-07-31,47800.0,35000.0,37371.42857142857,1,0,0
II,Bali,2023-07-31,38500.0,47800.0,38442.857142857145,1,0,0
1,Kota Denpasar,2023-07-31,37250.0,38500.0,38835.71428571428,1,0,0
a,Pasar Badung,2023-07-31,40000.0,37250.0,39585.71428571428,1,0,0
b,Pasar Kreneng,2023-07-31,34500.0,40000.0,39814.28571428572,1,0,0
2,Kota Singaraja,2023-07-31,39750.0,34500.0,38971.42857142857,1,0,0
a,Pasar Anyar,2023-07-31,41500.0,39750.0,39900.0,1,0,0
b,Pasar Banyuasri,2023-07-31,38000.0,41500.0,38500.0,1,0,0
2,Kota Singaraja,2023-08-01,39750.0,38000.0,38678.57142857143,1,0,0
b,Pasar Banyuasri,2023-08-01,38000.0,39750.0,38785.71428571428,1,0,0
a,Pasar Anyar,2023-08-01,41500.0,38000.0,39000.0,1,0,0
b,Pasar Kreneng,2023-08-01,34500.0,41500.0,39000.0,1,0,0
a,Pasar Badung,2023-08-01,40000.0,34500.0,39035.71428571428,1,0,0
1,Kota Denpasar,2023-08-01,37250.0,40000.0,38428.57142857143,1,0,0
II,Bali,2023-08-01,38500.0,37250.0,38500.0,1,0,0
I,Semua Provinsi,2023-08-01,48550.0,38500.0,39757.142857142855,1,0,0
I,Semua Provinsi,2023-08-02,49100.0,48550.0,41342.857142857145,0,1,0
II,Bali,2023-08-02,38500.0,49100.0,40914.28571428572,0,1,0
1,Kota Denpasar,2023-08-02,37250.0,38500.0,41307.142857142855,0,1,0
a,Pasar Badung,2023-08-02,40000.0,37250.0,41307.142857142855,0,1,0
b,Pasar Kreneng,2023-08-02,34500.0,40000.0,40914.28571428572,0,1,0
2,Kota Singaraja,2023-08-02,39750.0,34500.0,41092.857142857145,0,1,0
a,Pasar Anyar,2023-08-02,41500.0,39750.0,40085.71428571428,0,1,0
b,Pasar Banyuasri,2023-08-02,38000.0,41500.0,38500.0,0,1,0
b,Pasar Banyuasri,2023-08-03,38000.0,38000.0,38428.57142857143,0,0,1
a,Pasar Anyar,2023-08-03,41500.0,38000.0,39035.71428571428,0,0,1
2,Kota Singaraja,2023-08-03,39750.0,41500.0,39000.0,0,0,1
b,Pasar Kreneng,2023-08-03,34500.0,39750.0,39000.0,0,0,1
a,Pasar Badung,2023-08-03,40000.0,34500.0,39035.71428571428,0,0,1
1,Kota Denpasar,2023-08-03,37250.0,40000.0,38428.57142857143,0,0,1
II,Bali,2023-08-03,38500.0,37250.0,38500.0,0,0,1
I,Semua Provinsi,2023-08-03,50000.0,38500.0,40214.28571428572,0,0,1
I,Semua Provinsi,2023-08-04,50850.0,50000.0,41550.0,0,0,1
II,Bali,2023-08-04,37650.0,50850.0,41250.0,0,0,1
1,Kota Denpasar,2023-08-04,37250.0,37650.0,41642.857142857145,0,0,1
a,Pasar Badung,2023-08-04,40000.0,37250.0,41642.857142857145,0,0,1
b,Pasar Kreneng,2023-08-04,34500.0,40000.0,41250.0,0,0,1
2,Kota Singaraja,2023-08-04,38000.0,34500.0,41178.57142857143,0,0,1
a,Pasar Anyar,2023-08-04,37000.0,38000.0,39321.42857142857,0,0,1
b,Pasar Banyuasri,2023-08-04,39000.0,37000.0,37628.57142857143,0,0,1
a,Pasar Anyar,2023-08-07,37000.0,39000.0,37535.71428571428,1,0,0
2,Kota Singaraja,2023-08-07,36000.0,37000.0,37357.142857142855,1,0,0
b,Pasar Kreneng,2023-08-07,40000.0,36000.0,37357.142857142855,1,0,0
b,Pasar Banyuasri,2023-08-07,35000.0,40000.0,37428.57142857143,1,0,0
1,Kota Denpasar,2023-08-07,40000.0,35000.0,37714.28571428572,1,0,0
II,Bali,2023-08-07,38000.0,40000.0,37857.142857142855,1,0,0
I,Semua Provinsi,2023-08-07,52250.0,38000.0,39750.0,1,0,0
a,Pasar Badung,2023-08-07,40000.0,52250.0,40178.57142857143,1,0,0
I,Semua Provinsi,2023-08-08,52050.0,40000.0,42471.42857142857,1,0,0
II,Bali,2023-08-08,38750.0,52050.0,42292.857142857145,1,0,0
1,Kota Denpasar,2023-08-08,40000.0,38750.0,43007.142857142855,1,0,0
a,Pasar Badung,2023-08-08,40000.0,40000.0,43007.142857142855,1,0,0
b,Pasar Kreneng,2023-08-08,40000.0,40000.0,43292.857142857145,1,0,0
2,Kota Singaraja,2023-08-08,37500.0,40000.0,41185.71428571428,1,0,0
a,Pasar Anyar,2023-08-08,39000.0,37500.0,41042.857142857145,1,0,0
b,Pasar Banyuasri,2023-08-08,36000.0,39000.0,38750.0,1,0,0
b,Pasar Banyuasri,2023-08-09,37000.0,36000.0,38500.0,1,0,0
a,Pasar Anyar,2023-08-09,38500.0,37000.0,38285.71428571428,1,0,0
2,Kota Singaraja,2023-08-09,37750.0,38500.0,37964.28571428572,1,0,0
b,Pasar Kreneng,2023-08-09,40000.0,37750.0,37964.28571428572,1,0,0
a,Pasar Badung,2023-08-09,40000.0,40000.0,38321.42857142857,1,0,0
1,Kota Denpasar,2023-08-09,40000.0,40000.0,38464.28571428572,1,0,0
II,Bali,2023-08-09,38900.0,40000.0,38878.57142857143,1,0,0
I,Semua Provinsi,2023-08-09,52150.0,38900.0,41042.857142857145,1,0,0
I,Semua Provinsi,2023-08-10,52450.0,52150.0,43035.71428571428,1,0,0
II,Bali,2023-08-10,40400.0,52450.0,43414.28571428572,1,0,0
1,Kota Denpasar,2023-08-10,40750.0,40400.0,43521.42857142857,1,0,0
a,Pasar Badung,2023-08-10,40000.0,40750.0,43521.42857142857,1,0,0
b,Pasar Kreneng,2023-08-10,41500.0,40000.0,43735.71428571428,1,0,0
2,Kota Singaraja,2023-08-10,40000.0,41500.0,43892.857142857145,1,0,0
a,Pasar Anyar,2023-08-10,40000.0,40000.0,42157.142857142855,1,0,0
b,Pasar Banyuasri,2023-08-10,40000.0,40000.0,40378.57142857143,1,0,0
a,Pasar Anyar,2023-08-11,40000.0,40000.0,40321.42857142857,1,0,0
2,Kota Singaraja,2023-08-11,40000.0,40000.0,40214.28571428572,1,0,0
b,Pasar Kreneng,2023-08-11,41500.0,40000.0,40428.57142857143,1,0,0
b,Pasar Banyuasri,2023-08-11,40000.0,41500.0,40214.28571428572,1,0,0
1,Kota Denpasar,2023-08-11,40750.0,40000.0,40321.42857142857,1,0,0
II,Bali,2023-08-11,40400.0,40750.0,40378.57142857143,1,0,0
I,Semua Provinsi,2023-08-11,53200.0,40400.0,42264.28571428572,1,0,0
a,Pasar Badung,2023-08-11,40000.0,53200.0,42264.28571428572,1,0,0
I,Semua Provinsi,2023-08-14,53050.0,40000.0,44128.57142857143,0,0,1
II,Bali,2023-08-14,43250.0,53050.0,44378.57142857143,0,0,1
1,Kota Denpasar,2023-08-14,45750.0,43250.0,45200.0,0,0,1
a,Pasar Badung,2023-08-14,50000.0,45750.0,46521.42857142857,0,0,1
b,Pasar Kreneng,2023-08-14,41500.0,50000.0,46678.57142857143,0,0,1
2,Kota Singaraja,2023-08-14,40750.0,41500.0,44900.0,0,0,1
a,Pasar Anyar,2023-08-14,41000.0,40750.0,45042.857142857145,0,0,1
b,Pasar Banyuasri,2023-08-14,40500.0,41000.0,43250.0,0,0,1
a,Pasar Anyar,2023-08-15,45000.0,40500.0,43500.0,0,0,1
2,Kota Singaraja,2023-08-15,45000.0,45000.0,43392.857142857145,0,0,1
b,Pasar Kreneng,2023-08-15,55000.0,45000.0,44107.142857142855,0,0,1
b,Pasar Banyuasri,2023-08-15,45000.0,55000.0,44607.142857142855,0,0,1
1,Kota Denpasar,2023-08-15,55000.0,45000.0,46642.857142857145,0,0,1
II,Bali,2023-08-15,50000.0,55000.0,47928.57142857143,0,0,1
I,Semua Provinsi,2023-08-15,53700.0,50000.0,49814.28571428572,0,0,1
a,Pasar Badung,2023-08-15,55000.0,53700.0,51242.857142857145,0,0,1
a,Pasar Anyar,2023-08-16,42500.0,55000.0,50885.71428571428,0,0,0
2,Kota Singaraja,2023-08-16,41250.0,42500.0,48921.42857142857,0,0,0
b,Pasar Kreneng,2023-08-16,51500.0,41250.0,49850.0,0,0,0
b,Pasar Banyuasri,2023-08-16,40000.0,51500.0,47707.142857142855,0,0,0
1,Kota Denpasar,2023-08-16,48250.0,40000.0,47457.142857142855,0,0,0
II,Bali,2023-08-16,44750.0,48250.0,46178.57142857143,0,0,0
I,Semua Provinsi,2023-08-16,53700.0,44750.0,45992.857142857145,0,0,0
a,Pasar Badung,2023-08-16,45000.0,53700.0,46350.0,0,0,0
I,Semua Provinsi,2023-08-17,52300.0,45000.0,47928.57142857143,0,0,0
II,Bali,2023-08-17,44750.0,52300.0,46964.28571428572,0,0,0
1,Kota Denpasar,2023-08-17,48250.0,44750.0,48142.857142857145,0,0,0
a,Pasar Badung,2023-08-17,45000.0,48250.0,47678.57142857143,0,0,0
b,Pasar Kreneng,2023-08-17,51500.0,45000.0,48642.857142857145,0,0,0
2,Kota Singaraja,2023-08-17,41250.0,51500.0,46864.28571428572,0,0,0
a,Pasar Anyar,2023-08-17,42500.0,41250.0,46507.142857142855,0,0,0
b,Pasar Banyuasri,2023-08-17,40000.0,42500.0,44750.0,0,0,0
2,Kota Singaraja,2023-08-18,36000.0,40000.0,43500.0,0,0,0
b,Pasar Banyuasri,2023-08-18,36000.0,36000.0,41750.0,0,0,0
b,Pasar Kreneng,2023-08-18,40000.0,36000.0,41035.71428571428,0,0,0
a,Pasar Anyar,2023-08-18,36000.0,40000.0,38821.42857142857,0,0,0
1,Kota Denpasar,2023-08-18,40000.0,36000.0,38642.857142857145,0,0,0
II,Bali,2023-08-18,38000.0,40000.0,38000.0,0,0,0
I,Semua Provinsi,2023-08-18,53600.0,38000.0,39942.857142857145,0,0,0
a,Pasar Badung,2023-08-18,40000.0,53600.0,40514.28571428572,0,0,0
I,Semua Provinsi,2023-08-21,52950.0,40000.0,42935.71428571428,0,0,0
II,Bali,2023-08-21,40900.0,52950.0,43064.28571428572,0,0,0
1,Kota Denpasar,2023-08-21,40000.0,40900.0,43635.71428571428,0,0,0
a,Pasar Badung,2023-08-21,40000.0,40000.0,43635.71428571428,0,0,0
b,Pasar Kreneng,2023-08-21,40000.0,40000.0,43921.42857142857,0,0,0
2,Kota Singaraja,2023-08-21,41750.0,40000.0,42228.57142857143,0,0,0
a,Pasar Anyar,2023-08-21,43000.0,41750.0,42657.142857142855,0,0,0
b,Pasar Banyuasri,2023-08-21,40500.0,43000.0,40878.57142857143,0,0,0
b,Pasar Banyuasri,2023-08-22,38000.0,40500.0,40464.28571428572,0,0,0
a,Pasar Anyar,2023-08-22,39000.0,38000.0,40321.42857142857,0,0,0
2,Kota Singaraja,2023-08-22,38500.0,39000.0,40107.142857142855,0,0,0
b,Pasar Kreneng,2023-08-22,40000.0,38500.0,40107.142857142855,0,0,0
a,Pasar Badung,2023-08-22,38000.0,40000.0,39571.42857142857,0,0,0
1,Kota Denpasar,2023-08-22,39000.0,38000.0,39000.0,0,0,0
II,Bali,2023-08-22,38750.0,39000.0,38750.0,0,0,0
I,Semua Provinsi,2023-08-22,52800.0,38750.0,40864.28571428572,0,0,0
I,Semua Provinsi,2023-08-23,51700.0,52800.0,42678.57142857143,0,0,0
II,Bali,2023-08-23,34150.0,51700.0,42057.142857142855,0,0,0
1,Kota Denpasar,2023-08-23,33500.0,34150.0,41128.57142857143,0,0,0
a,Pasar Badung,2023-08-23,35000.0,33500.0,40700.0,0,0,0
b,Pasar Kreneng,2023-08-23,32000.0,35000.0,39700.0,0,0,0
2,Kota Singaraja,2023-08-23,34750.0,32000.0,39128.57142857143,0,0,0
a,Pasar Anyar,2023-08-23,33000.0,34750.0,36300.0,0,0,0
b,Pasar Banyuasri,2023-08-23,36500.0,33000.0,34128.57142857143,0,0,0
b,Pasar Banyuasri,2023-08-24,28500.0,36500.0,33321.42857142857,0,0,0
a,Pasar Anyar,2023-08-24,30000.0,28500.0,32821.42857142857,0,0,0
2,Kota Singaraja,2023-08-24,29250.0,30000.0,32000.0,0,0,0
b,Pasar Kreneng,2023-08-24,32000.0,29250.0,32000.0,0,0,0
a,Pasar Badung,2023-08-24,30000.0,32000.0,31321.428571428572,0,0,0
1,Kota Denpasar,2023-08-24,31000.0,30000.0,31035.714285714286,0,0,0
II,Bali,2023-08-24,30150.0,31000.0,30128.571428571428,0,0,0
I,Semua Provinsi,2023-08-24,50600.0,30150.0,33285.71428571428,0,0,0
I,Semua Provinsi,2023-08-25,50150.0,50600.0,36164.28571428572,0,0,0
II,Bali,2023-08-25,29250.0,50150.0,36164.28571428572,0,0,0
1,Kota Denpasar,2023-08-25,31000.0,29250.0,36021.42857142857,0,0,0
a,Pasar Badung,2023-08-25,30000.0,31000.0,36021.42857142857,0,0,0
b,Pasar Kreneng,2023-08-25,32000.0,30000.0,36164.28571428572,0,0,0
2,Kota Singaraja,2023-08-25,27500.0,32000.0,35785.71428571428,0,0,0
a,Pasar Anyar,2023-08-25,27000.0,27500.0,32414.285714285714,0,0,0
b,Pasar Banyuasri,2023-08-25,28000.0,27000.0,29250.0,0,0,0
b,Pasar Banyuasri,2023-08-28,26000.0,28000.0,28785.714285714286,0,0,0
a,Pasar Anyar,2023-08-28,25000.0,26000.0,27928.571428571428,0,0,0
2,Kota Singaraja,2023-08-28,25500.0,25000.0,27285.714285714286,0,0,0
b,Pasar Kreneng,2023-08-28,26500.0,25500.0,26500.0,0,0,0
a,Pasar Badung,2023-08-28,25000.0,26500.0,26142.85714285714,0,0,0
1,Kota Denpasar,2023-08-28,25750.0,25000.0,25964.285714285714,0,0,0
II,Bali,2023-08-28,25650.0,25750.0,25628.571428571428,0,0,0
I,Semua Provinsi,2023-08-28,46250.0,25650.0,28521.428571428572,0,0,0
I,Semua Provinsi,2023-08-29,45850.0,46250.0,31500.0,0,0,0
II,Bali,2023-08-29,25000.0,45850.0,31428.571428571428,0,0,0
1,Kota Denpasar,2023-08-29,25000.0,25000.0,31214.285714285714,0,0,0
a,Pasar Badung,2023-08-29,25000.0,25000.0,31214.285714285714,0,0,0
b,Pasar Kreneng,2023-08-29,25000.0,25000.0,31107.14285714286,0,0,0
2,Kota Singaraja,2023-08-29,25000.0,25000.0,31014.285714285714,0,0,0
a,Pasar Anyar,2023-08-29,25000.0,25000.0,27978.571428571428,0,0,0
b,Pasar Banyuasri,2023-08-29,25000.0,25000.0,25000.0,0,0,0
a,Pasar Anyar,2023-08-30,25000.0,25000.0,25000.0,0,0,0
2,Kota Singaraja,2023-08-30,25000.0,25000.0,25000.0,0,0,0
b,Pasar Kreneng,2023-08-30,25000.0,25000.0,25000.0,0,0,0
b,Pasar Banyuasri,2023-08-30,25000.0,25000.0,25000.0,0,0,0
1,Kota Denpasar,2023-08-30,25000.0,25000.0,25000.0,0,0,0
II,Bali,2023-08-30,25000.0,25000.0,25000.0,0,0,0
I,Semua Provinsi,2023-08-30,45100.0,25000.0,27871.428571428572,0,0,0
a,Pasar Badung,2023-08-30,25000.0,45100.0,27871.428571428572,0,0,0
I,Semua Provinsi,2023-08-31,44450.0,25000.0,30650.0,0,0,0
II,Bali,2023-08-31,24900.0,44450.0,30635.714285714286,0,0,0
1,Kota Denpasar,2023-08-31,25000.0,24900.0,30635.714285714286,0,0,0
a,Pasar Badung,2023-08-31,25000.0,25000.0,30635.714285714286,0,0,0
b,Pasar Kreneng,2023-08-31,25000.0,25000.0,30635.714285714286,0,0,0
2,Kota Singaraja,2023-08-31,24750.0,25000.0,27728.571428571428,0,0,0
a,Pasar Anyar,2023-08-31,25000.0,24750.0,27728.571428571428,0,0,0
b,Pasar Banyuasri,2023-08-31,24500.0,25000.0,24878.571428571428,0,0,0
b,Pasar Banyuasri,2023-09-01,24500.0,24500.0,24821.428571428572,0,0,0
a,Pasar Anyar,2023-09-01,25000.0,24500.0,24821.428571428572,0,0,0
2,Kota Singaraja,2023-09-01,24750.0,25000.0,24785.714285714286,0,0,0
b,Pasar Kreneng,2023-09-01,25000.0,24750.0,24785.714285714286,0,0,0
a,Pasar Badung,2023-09-01,25000.0,25000.0,24821.428571428572,0,0,0
1,Kota Denpasar,2023-09-01,25000.0,25000.0,24821.428571428572,0,0,0
II,Bali,2023-09-01,24900.0,25000.0,24878.571428571428,0,0,0
I,Semua Provinsi,2023-09-01,43650.0,24900.0,27614.285714285714,0,0,0
I,Semua Provinsi,2023-09-04,41700.0,43650.0,30000.0,0,0,0
II,Bali,2023-09-04,25250.0,41700.0,30071.428571428572,0,0,0
1,Kota Denpasar,2023-09-04,25500.0,25250.0,30142.85714285714,0,0,0
a,Pasar Badung,2023-09-04,25000.0,25500.0,30142.85714285714,0,0,0
b,Pasar Kreneng,2023-09-04,26000.0,25000.0,30285.714285714286,0,0,0
2,Kota Singaraja,2023-09-04,25000.0,26000.0,30300.0,0,0,0
a,Pasar Anyar,2023-09-04,25000.0,25000.0,27635.714285714286,0,0,0
b,Pasar Banyuasri,2023-09-04,25000.0,25000.0,25250.0,0,0,0
a,Pasar Anyar,2023-09-05,25000.0,25000.0,25214.285714285714,0,0,0
2,Kota Singaraja,2023-09-05,25000.0,25000.0,25142.85714285714,0,0,0
b,Pasar Kreneng,2023-09-05,27000.0,25000.0,25428.571428571428,0,0,0
b,Pasar Banyuasri,2023-09-05,25000.0,27000.0,25285.714285714286,0,0,0
1,Kota Denpasar,2023-09-05,26000.0,25000.0,25428.571428571428,0,0,0
II,Bali,2023-09-05,25500.0,26000.0,25500.0,0,0,0
I,Semua Provinsi,2023-09-05,41450.0,25500.0,27850.0,0,0,0
a,Pasar Badung,2023-09-05,25000.0,41450.0,27850.0,0,0,0
I,Semua Provinsi,2023-09-06,41100.0,25000.0,30150.0,0,0,0
II,Bali,2023-09-06,24750.0,41100.0,29828.571428571428,0,0,0
1,Kota Denpasar,2023-09-06,26000.0,24750.0,29971.428571428572,0,0,0
a,Pasar Badung,2023-09-06,25000.0,26000.0,29828.571428571428,0,0,0
b,Pasar Kreneng,2023-09-06,27000.0,25000.0,30042.85714285714,0,0,0
2,Kota Singaraja,2023-09-06,23500.0,27000.0,27478.571428571428,0,0,0
a,Pasar Anyar,2023-09-06,24000.0,23500.0,27335.714285714286,0,0,0
b,Pasar Banyuasri,2023-09-06,23000.0,24000.0,24750.0,0,0,0
a,Pasar Anyar,2023-09-07,25000.0,23000.0,24785.714285714286,0,0,0
2,Kota Singaraja,2023-09-07,24000.0,25000.0,24500.0,0,0,0
b,Pasar Kreneng,2023-09-07,27000.0,24000.0,24785.714285714286,0,0,0
b,Pasar Banyuasri,2023-09-07,23000.0,27000.0,24214.285714285714,0,0,0
1,Kota Denpasar,2023-09-07,26000.0,23000.0,24571.428571428572,0,0,0
II,Bali,2023-09-07,25000.0,26000.0,24714.285714285714,0,0,0
I,Semua Provinsi,2023-09-07,40950.0,25000.0,27278.571428571428,0,0,0
a,Pasar Badung,2023-09-07,25000.0,40950.0,27278.571428571428,0,0,0
a,Pasar Anyar,2023-09-08,25000.0,25000.0,27421.428571428572,0,0,0
2,Kota Singaraja,2023-09-08,24750.0,25000.0,27100.0,0,0,0
b,Pasar Kreneng,2023-09-08,30000.0,24750.0,28100.0,0,0,0
b,Pasar Banyuasri,2023-09-08,24500.0,30000.0,27885.714285714286,0,0,0
1,Kota Denpasar,2023-09-08,27500.0,24500.0,28242.85714285714,0,0,0
II,Bali,2023-09-08,26150.0,27500.0,26128.571428571428,0,0,0
I,Semua Provinsi,2023-09-08,40400.0,26150.0,28328.571428571428,0,0,0
a,Pasar Badung,2023-09-08,25000.0,40400.0,28328.571428571428,0,0,0
I,Semua Provinsi,2023-09-11,40650.0,25000.0,30600.0,0,0,0
II,Bali,2023-09-11,25250.0,40650.0,29921.428571428572,0,0,0
1,Kota Denpasar,2023-09-11,25750.0,25250.0,30100.0,0,0,0
a,Pasar Badung,2023-09-11,25000.0,25750.0,29742.85714285714,0,0,0
b,Pasar Kreneng,2023-09-11,26500.0,25000.0,29792.85714285714,0,0,0
2,Kota Singaraja,2023-09-11,24750.0,26500.0,27557.14285714286,0,0,0
a,Pasar Anyar,2023-09-11,25000.0,24750.0,27557.14285714286,0,0,0
b,Pasar Banyuasri,2023-09-11,24500.0,25000.0,25250.0,0,0,0
2,Kota Singaraja,2023-09-12,25000.0,24500.0,25214.285714285714,0,0,0
b,Pasar Banyuasri,2023-09-12,25000.0,25000.0,25107.14285714286,0,0,0
a,Pasar Anyar,2023-09-12,25000.0,25000.0,25107.14285714286,0,0,0
b,Pasar Kreneng,2023-09-12,26000.0,25000.0,25035.714285714286,0,0,0
a,Pasar Badung,2023-09-12,25000.0,26000.0,25071.428571428572,0,0,0
1,Kota Denpasar,2023-09-12,25500.0,25000.0,25142.85714285714,0,0,0
II,Bali,2023-09-12,25250.0,25500.0,25250.0,0,0,0
I,Semua Provinsi,2023-09-12,40400.0,25250.0,27450.0,0,0,0
I,Semua Provinsi,2023-09-13,40350.0,40400.0,29642.85714285714,0,0,0
II,Bali,2023-09-13,25150.0,40350.0,29664.285714285714,0,0,0
1,Kota Denpasar,2023-09-13,25500.0,25150.0,29592.85714285714,0,0,0
a,Pasar Badung,2023-09-13,25000.0,25500.0,29592.85714285714,0,0,0
b,Pasar Kreneng,2023-09-13,26000.0,25000.0,29664.285714285714,0,0,0
2,Kota Singaraja,2023-09-13,24750.0,26000.0,29592.85714285714,0,0,0
a,Pasar Anyar,2023-09-13,25000.0,24750.0,27392.85714285714,0,0,0
b,Pasar Banyuasri,2023-09-13,24500.0,25000.0,25128.571428571428,0,0,0
b,Pasar Banyuasri,2023-09-14,24000.0,24500.0,24964.285714285714,0,0,0
a,Pasar Anyar,2023-09-14,25000.0,24000.0,24892.85714285714,0,0,0
2,Kota Singaraja,2023-09-14,24500.0,25000.0,24821.428571428572,0,0,0
b,Pasar Kreneng,2023-09-14,26000.0,24500.0,24821.428571428572,0,0,0
I,Semua Provinsi,2023-09-14,40100.0,26000.0,27014.285714285714,0,0,0
1,Kota Denpasar,2023-09-14,25500.0,40100.0,27085.714285714286,0,0,0
II,Bali,2023-09-14,25000.0,25500.0,27157.14285714286,0,0,0
a,Pasar Badung,2023-09-14,25000.0,25000.0,27300.0,0,0,0
2,Kota Singaraja,2023-09-15,23500.0,25000.0,27085.714285714286,0,0,0
b,Pasar Banyuasri,2023-09-15,22000.0,23500.0,26728.571428571428,0,0,0
a,Pasar Anyar,2023-09-15,25000.0,22000.0,26585.714285714286,0,0,0
b,Pasar Kreneng,2023-09-15,26000.0,25000.0,24571.428571428572,0,0,0
I,Semua Provinsi,2023-09-15,40550.0,26000.0,26721.428571428572,0,0,0
1,Kota Denpasar,2023-09-15,25500.0,40550.0,26792.85714285714,0,0,0
II,Bali,2023-09-15,24500.0,25500.0,26721.428571428572,0,0,0
a,Pasar Badung,2023-09-15,25000.0,24500.0,26935.714285714286,0,0,0
I,Semua Provinsi,2023-09-18,41500.0,25000.0,29721.428571428572,0,0,0
II,Bali,2023-09-18,25750.0,41500.0,29828.571428571428,0,0,0
1,Kota Denpasar,2023-09-18,26500.0,25750.0,29900.0,0,0,0
a,Pasar Badung,2023-09-18,25000.0,26500.0,27678.571428571428,0,0,0
b,Pasar Kreneng,2023-09-18,28000.0,25000.0,28035.714285714286,0,0,0
2,Kota Singaraja,2023-09-18,25000.0,28000.0,28107.14285714286,0,0,0
a,Pasar Anyar,2023-09-18,25000.0,25000.0,28107.14285714286,0,0,0
b,Pasar Banyuasri,2023-09-18,25000.0,25000.0,25750.0,0,0,0
2,Kota Singaraja,2023-09-19,25000.0,25000.0,25642.85714285714,0,0,0
b,Pasar Banyuasri,2023-09-19,25000.0,25000.0,25428.571428571428,0,0,0
a,Pasar Anyar,2023-09-19,25000.0,25000.0,25428.571428571428,0,0,0
b,Pasar Kreneng,2023-09-19,27500.0,25000.0,25357.14285714286,0,0,0
I,Semua Provinsi,2023-09-19,41450.0,27500.0,27707.14285714286,0,0,0
1,Kota Denpasar,2023-09-19,26250.0,41450.0,27885.714285714286,0,0,0
II,Bali,2023-09-19,25650.0,26250.0,27978.571428571428,0,0,0
a,Pasar Badung,2023-09-19,25000.0,25650.0,27978.571428571428,0,0,0
I,Semua Provinsi,2023-09-20,41150.0,25000.0,30285.714285714286,0,0,0
II,Bali,2023-09-20,25000.0,41150.0,30285.714285714286,0,0,0
1,Kota Denpasar,2023-09-20,25000.0,25000.0,29928.571428571428,0,0,0
a,Pasar Badung,2023-09-20,25000.0,25000.0,27578.571428571428,0,0,0
b,Pasar Kreneng,2023-09-20,25000.0,25000.0,27400.0,0,0,0
2,Kota Singaraja,2023-09-20,25000.0,25000.0,27307.14285714286,0,0,0
a,Pasar Anyar,2023-09-20,25000.0,25000.0,27307.14285714286,0,0,0
b,Pasar Banyuasri,2023-09-20,25000.0,25000.0,25000.0,0,0,0
b,Pasar Banyuasri,2023-09-21,25000.0,25000.0,25000.0,0,0,0
a,Pasar Anyar,2023-09-21,26500.0,25000.0,25214.285714285714,0,0,0
2,Kota Singaraja,2023-09-21,25750.0,26500.0,25321.428571428572,0,0,0
b,Pasar Kreneng,2023-09-21,25000.0,25750.0,25321.428571428572,0,0,0
1,Kota Denpasar,2023-09-21,25000.0,25000.0,25321.428571428572,0,0,0
II,Bali,2023-09-21,25400.0,25000.0,25378.571428571428,0,0,0
I,Semua Provinsi,2023-09-21,41150.0,25400.0,27685.714285714286,0,0,0
a,Pasar Badung,2023-09-21,25000.0,41150.0,27685.714285714286,0,0,0
I,Semua Provinsi,2023-09-22,40600.0,25000.0,29700.0,0,0,0
II,Bali,2023-09-22,25500.0,40600.0,29664.285714285714,0,0,0
1,Kota Denpasar,2023-09-22,25000.0,25500.0,29664.285714285714,0,0,0
a,Pasar Badung,2023-09-22,25000.0,25000.0,29664.285714285714,0,0,0
b,Pasar Kreneng,2023-09-22,25000.0,25000.0,29607.14285714286,0,0,0
2,Kota Singaraja,2023-09-22,26000.0,25000.0,27442.85714285714,0,0,0
a,Pasar Anyar,2023-09-22,27000.0,26000.0,27728.571428571428,0,0,0
b,Pasar Banyuasri,2023-09-22,25000.0,27000.0,25500.0,0,0,0
2,Kota Singaraja,2023-09-25,26000.0,25000.0,25571.428571428572,0,0,0
b,Pasar Banyuasri,2023-09-25,25000.0,26000.0,25571.428571428572,0,0,0
a,Pasar Anyar,2023-09-25,27000.0,25000.0,25857.14285714286,0,0,0
b,Pasar Kreneng,2023-09-25,26000.0,27000.0,26000.0,0,0,0
I,Semua Provinsi,2023-09-25,42450.0,26000.0,28350.0,0,0,0
1,Kota Denpasar,2023-09-25,25500.0,42450.0,28135.714285714286,0,0,0
a,Pasar Badung,2023-09-25,25000.0,25500.0,28135.714285714286,0,0,0
II,Bali,2023-09-25,25750.0,25000.0,28100.0,0,0,0
I,Semua Provinsi,2023-09-26,42650.0,25750.0,30621.428571428572,0,0,0
II,Bali,2023-09-26,25750.0,42650.0,30442.85714285714,0,0,0
1,Kota Denpasar,2023-09-26,25500.0,25750.0,30371.428571428572,0,0,0
a,Pasar Badung,2023-09-26,25000.0,25500.0,27878.571428571428,0,0,0
b,Pasar Kreneng,2023-09-26,26000.0,25000.0,27950.0,0,0,0
2,Kota Singaraja,2023-09-26,26000.0,26000.0,28092.85714285714,0,0,0
a,Pasar Anyar,2023-09-26,27000.0,26000.0,28271.428571428572,0,0,0
b,Pasar Banyuasri,2023-09-26,25000.0,27000.0,25750.0,0,0,0
b,Pasar Kreneng,2023-09-27,27000.0,25000.0,25928.571428571428,0,0,0
b,Pasar Banyuasri,2023-09-27,25000.0,27000.0,25857.14285714286,0,0,0
a,Pasar Anyar,2023-09-27,28000.0,25000.0,26285.714285714286,0,0,0
2,Kota Singaraja,2023-09-27,26500.0,28000.0,26357.14285714286,0,0,0
a,Pasar Badung,2023-09-27,25000.0,26500.0,26214.285714285714,0,0,0
1,Kota Denpasar,2023-09-27,26000.0,25000.0,26071.428571428572,0,0,0
II,Bali,2023-09-27,26250.0,26000.0,26250.0,0,0,0
I,Semua Provinsi,2023-09-27,42600.0,26250.0,28478.571428571428,0,0,0
I,Semua Provinsi,2023-09-28,40950.0,42600.0,30757.14285714286,0,0,0
II,Bali,2023-09-28,26250.0,40950.0,30507.14285714286,0,0,0
1,Kota Denpasar,2023-09-28,26000.0,26250.0,30435.714285714286,0,0,0
a,Pasar Badung,2023-09-28,25000.0,26000.0,30435.714285714286,0,0,0
b,Pasar Kreneng,2023-09-28,27000.0,25000.0,30578.571428571428,0,0,0
2,Kota Singaraja,2023-09-28,26500.0,27000.0,30614.285714285714,0,0,0
a,Pasar Anyar,2023-09-28,28000.0,26500.0,28528.571428571428,0,0,0
b,Pasar Banyuasri,2023-09-28,25000.0,28000.0,26250.0,0,0,0
a,Pasar Anyar,2023-09-29,29000.0,25000.0,26642.85714285714,0,0,0
2,Kota Singaraja,2023-09-29,27500.0,29000.0,26857.14285714286,0,0,0
b,Pasar Banyuasri,2023-09-29,26000.0,27500.0,27000.0,0,0,0
b,Pasar Kreneng,2023-09-29,33500.0,26000.0,27928.571428571428,0,0,0
1,Kota Denpasar,2023-09-29,31750.0,33500.0,28678.571428571428,0,0,0
II,Bali,2023-09-29,29650.0,31750.0,28914.285714285714,0,0,0
I,Semua Provinsi,2023-09-29,42800.0,29650.0,31457.14285714286,0,0,0
a,Pasar Badung,2023-09-29,30000.0,42800.0,31600.0,0,0,0
I,Semua Provinsi,2023-10-02,46450.0,30000.0,34307.142857142855,0,0,0
II,Bali,2023-10-02,28900.0,46450.0,34721.42857142857,0,0,0
1,Kota Denpasar,2023-10-02,28750.0,28900.0,34042.857142857145,0,0,0
a,Pasar Badung,2023-10-02,30000.0,28750.0,33792.857142857145,0,0,0
b,Pasar Kreneng,2023-10-02,27500.0,30000.0,33485.71428571428,0,0,0
2,Kota Singaraja,2023-10-02,29000.0,27500.0,31514.285714285714,0,0,0
a,Pasar Anyar,2023-10-02,29000.0,29000.0,31371.428571428572,0,0,0
b,Pasar Banyuasri,2023-10-02,29000.0,29000.0,28878.571428571428,0,0,0
b,Pasar Banyuasri,2023-10-03,32000.0,29000.0,29321.428571428572,0,0,0
a,Pasar Anyar,2023-10-03,30000.0,32000.0,29500.0,0,0,0
2,Kota Singaraja,2023-10-03,31000.0,30000.0,29642.85714285714,0,0,0
b,Pasar Kreneng,2023-10-03,29000.0,31000.0,29857.14285714286,0,0,0
a,Pasar Badung,2023-10-03,35000.0,29000.0,30714.285714285714,0,0,0
II,Bali,2023-10-03,31500.0,35000.0,31071.428571428572,0,0,0
I,Semua Provinsi,2023-10-03,47300.0,31500.0,33685.71428571428,0,0,0
1,Kota Denpasar,2023-10-03,32000.0,47300.0,33685.71428571428,0,0,0
I,Semua Provinsi,2023-10-04,48450.0,32000.0,36321.42857142857,0,0,0
II,Bali,2023-10-04,33750.0,48450.0,36714.28571428572,0,0,0
1,Kota Denpasar,2023-10-04,32000.0,33750.0,37142.857142857145,0,0,0
a,Pasar Badung,2023-10-04,35000.0,32000.0,37142.857142857145,0,0,0
b,Pasar Kreneng,2023-10-04,29000.0,35000.0,36785.71428571428,0,0,0
2,Kota Singaraja,2023-10-04,35500.0,29000.0,35100.0,0,0,0
a,Pasar Anyar,2023-10-04,36000.0,35500.0,35671.42857142857,0,0,0
b,Pasar Banyuasri,2023-10-04,35000.0,36000.0,33750.0,0,0,0
2,Kota Singaraja,2023-10-05,38500.0,35000.0,34428.57142857143,0,0,0
b,Pasar Banyuasri,2023-10-05,37000.0,38500.0,35142.857142857145,0,0,0
a,Pasar Anyar,2023-10-05,40000.0,37000.0,35857.142857142855,0,0,0
b,Pasar Kreneng,2023-10-05,29000.0,40000.0,35857.142857142855,0,0,0
a,Pasar Badung,2023-10-05,40000.0,29000.0,36500.0,0,0,0
1,Kota Denpasar,2023-10-05,34500.0,40000.0,36285.71428571428,0,0,0
II,Bali,2023-10-05,36500.0,34500.0,36500.0,0,0,0
I,Semua Provinsi,2023-10-05,49700.0,36500.0,38100.0,0,0,0
I,Semua Provinsi,2023-10-06,50400.0,49700.0,40014.28571428572,0,0,0
II,Bali,2023-10-06,35150.0,50400.0,39321.42857142857,0,0,0
1,Kota Denpasar,2023-10-06,32000.0,35150.0,39750.0,0,0,0
a,Pasar Badung,2023-10-06,35000.0,32000.0,39035.71428571428,0,0,0
b,Pasar Kreneng,2023-10-06,29000.0,35000.0,38250.0,0,0,0
2,Kota Singaraja,2023-10-06,38250.0,29000.0,38500.0,0,0,0
a,Pasar Anyar,2023-10-06,38000.0,38250.0,36828.57142857143,0,0,0
b,Pasar Banyuasri,2023-10-06,38500.0,38000.0,35128.57142857143,0,0,0
b,Pasar Banyuasri,2023-10-09,39000.0,38500.0,35678.57142857143,0,0,0
a,Pasar Anyar,2023-10-09,40000.0,39000.0,36821.42857142857,0,0,0
2,Kota Singaraja,2023-10-09,39500.0,40000.0,37464.28571428572,0,0,0
b,Pasar Kreneng,2023-10-09,38500.0,39500.0,38821.42857142857,0,0,0
I,Semua Provinsi,2023-10-09,54550.0,38500.0,41150.0,0,0,0
1,Kota Denpasar,2023-10-09,40750.0,54550.0,41542.857142857145,0,0,0
II,Bali,2023-10-09,40150.0,40750.0,41778.57142857143,0,0,0
a,Pasar Badung,2023-10-09,43000.0,40150.0,42350.0,0,0,0
2,Kota Singaraja,2023-10-10,40500.0,43000.0,42421.42857142857,0,0,0
b,Pasar Banyuasri,2023-10-10,40000.0,40500.0,42492.857142857145,0,0,0
a,Pasar Anyar,2023-10-10,41000.0,40000.0,42850.0,0,0,0
b,Pasar Kreneng,2023-10-10,38500.0,41000.0,40557.142857142855,0,0,0
I,Semua Provinsi,2023-10-10,55600.0,38500.0,42678.57142857143,0,0,0
1,Kota Denpasar,2023-10-10,39250.0,55600.0,42550.0,0,0,0
II,Bali,2023-10-10,39900.0,39250.0,42107.142857142855,0,0,0
a,Pasar Badung,2023-10-10,40000.0,39900.0,42035.71428571428,0,0,0
I,Semua Provinsi,2023-10-11,56100.0,40000.0,44335.71428571428,0,0,0
II,Bali,2023-10-11,40250.0,56100.0,44228.57142857143,0,0,0
1,Kota Denpasar,2023-10-11,39250.0,40250.0,44335.71428571428,0,0,0
a,Pasar Badung,2023-10-11,40000.0,39250.0,42107.142857142855,0,0,0
b,Pasar Kreneng,2023-10-11,38500.0,40000.0,42000.0,0,0,0
2,Kota Singaraja,2023-10-11,41250.0,38500.0,42192.857142857145,0,0,0
a,Pasar Anyar,2023-10-11,42500.0,41250.0,42550.0,0,0,0
b,Pasar Banyuasri,2023-10-11,40000.0,42500.0,40250.0,0,0,0
2,Kota Singaraja,2023-10-12,40000.0,40000.0,40214.28571428572,0,0,0
b,Pasar Banyuasri,2023-10-12,40000.0,40000.0,40321.42857142857,0,0,0
a,Pasar Anyar,2023-10-12,40000.0,40000.0,40321.42857142857,0,0,0
b,Pasar Kreneng,2023-10-12,38500.0,40000.0,40321.42857142857,0,0,0
I,Semua Provinsi,2023-10-12,56200.0,38500.0,42457.142857142855,0,0,0
1,Kota Denpasar,2023-10-12,39250.0,56200.0,41992.857142857145,0,0,0
II,Bali,2023-10-12,39650.0,39250.0,41942.857142857145,0,0,0
a,Pasar Badung,2023-10-12,40000.0,39650.0,41942.857142857145,0,0,0
I,Semua Provinsi,2023-10-13,56600.0,40000.0,44314.28571428572,0,0,0
II,Bali,2023-10-13,38650.0,56600.0,44121.42857142857,0,0,0
1,Kota Denpasar,2023-10-13,39250.0,38650.0,44228.57142857143,0,0,0
a,Pasar Badung,2023-10-13,40000.0,39250.0,41914.28571428572,0,0,0
b,Pasar Kreneng,2023-10-13,38500.0,40000.0,41807.142857142855,0,0,0
2,Kota Singaraja,2023-10-13,38000.0,38500.0,41571.42857142857,0,0,0
a,Pasar Anyar,2023-10-13,38000.0,38000.0,41285.71428571428,0,0,0
b,Pasar Banyuasri,2023-10-13,38000.0,38000.0,38628.57142857143,0,0,0
b,Pasar Banyuasri,2023-10-16,45000.0,38000.0,39535.71428571428,0,0,0
a,Pasar Anyar,2023-10-16,41500.0,45000.0,39857.142857142855,0,0,0
2,Kota Singaraja,2023-10-16,43250.0,41500.0,40321.42857142857,0,0,0
b,Pasar Kreneng,2023-10-16,38500.0,43250.0,40321.42857142857,0,0,0
1,Kota Denpasar,2023-10-16,41750.0,38500.0,40857.142857142855,0,0,0
II,Bali,2023-10-16,42500.0,41750.0,41500.0,0,0,0
I,Semua Provinsi,2023-10-16,58900.0,42500.0,44485.71428571428,0,0,0
a,Pasar Badung,2023-10-16,45000.0,58900.0,44485.71428571428,0,0,0
I,Semua Provinsi,2023-10-17,60050.0,45000.0,47135.71428571428,0,0,0
II,Bali,2023-10-17,48900.0,60050.0,47942.857142857145,0,0,0
1,Kota Denpasar,2023-10-17,48750.0,48900.0,49407.142857142855,0,0,0
a,Pasar Badung,2023-10-17,50000.0,48750.0,50585.71428571428,0,0,0
b,Pasar Kreneng,2023-10-17,47500.0,50000.0,51300.0,0,0,0
2,Kota Singaraja,2023-10-17,49000.0,47500.0,49885.71428571428,0,0,0
a,Pasar Anyar,2023-10-17,50000.0,49000.0,50600.0,0,0,0
b,Pasar Banyuasri,2023-10-17,48000.0,50000.0,48878.57142857143,0,0,0
2,Kota Singaraja,2023-10-18,49000.0,48000.0,48892.857142857145,0,0,0
b,Pasar Banyuasri,2023-10-18,48000.0,49000.0,48785.71428571428,0,0,0
a,Pasar Anyar,2023-10-18,50000.0,48000.0,48785.71428571428,0,0,0
b,Pasar Kreneng,2023-10-18,47500.0,50000.0,48785.71428571428,0,0,0
I,Semua Provinsi,2023-10-18,60050.0,47500.0,50364.28571428572,0,0,0
1,Kota Denpasar,2023-10-18,48750.0,60050.0,50185.71428571428,0,0,0
a,Pasar Badung,2023-10-18,50000.0,48750.0,50471.42857142857,0,0,0
II,Bali,2023-10-18,48900.0,50000.0,50457.142857142855,0,0,0
I,Semua Provinsi,2023-10-19,60150.0,48900.0,52192.857142857145,0,0,0
II,Bali,2023-10-19,48900.0,60150.0,52035.71428571428,0,0,0
1,Kota Denpasar,2023-10-19,48750.0,48900.0,52214.28571428572,0,0,0
a,Pasar Badung,2023-10-19,50000.0,48750.0,50778.57142857143,0,0,0
b,Pasar Kreneng,2023-10-19,47500.0,50000.0,50600.0,0,0,0
2,Kota Singaraja,2023-10-19,49000.0,47500.0,50457.142857142855,0,0,0
a,Pasar Anyar,2023-10-19,50000.0,49000.0,50614.28571428572,0,0,0
b,Pasar Banyuasri,2023-10-19,48000.0,50000.0,48878.57142857143,0,0,0
b,Pasar Kreneng,2023-10-20,47500.0,48000.0,48678.57142857143,0,0,0
b,Pasar Banyuasri,2023-10-20,47000.0,47500.0,48428.57142857143,0,0,0
a,Pasar Anyar,2023-10-20,50000.0,47000.0,48428.57142857143,0,0,0
2,Kota Singaraja,2023-10-20,48500.0,50000.0,48571.42857142857,0,0,0
a,Pasar Badung,2023-10-20,50000.0,48500.0,48714.28571428572,0,0,0
1,Kota Denpasar,2023-10-20,48750.0,50000.0,48535.71428571428,0,0,0
II,Bali,2023-10-20,48650.0,48750.0,48628.57142857143,0,0,0
I,Semua Provinsi,2023-10-20,60350.0,48650.0,50464.28571428572,0,0,0
I,Semua Provinsi,2023-10-23,64850.0,60350.0,53014.28571428572,0,0,0
II,Bali,2023-10-23,65000.0,64850.0,55157.142857142855,0,0,0
1,Kota Denpasar,2023-10-23,64250.0,65000.0,57407.142857142855,0,0,0
a,Pasar Badung,2023-10-23,65000.0,64250.0,59550.0,0,0,0
b,Pasar Kreneng,2023-10-23,63500.0,65000.0,61657.142857142855,0,0,0
2,Kota Singaraja,2023-10-23,65750.0,63500.0,64100.0,0,0,0
a,Pasar Anyar,2023-10-23,66500.0,65750.0,64978.57142857143,0,0,0
b,Pasar Banyuasri,2023-10-23,65000.0,66500.0,65000.0,0,0,0
a,Pasar Anyar,2023-10-24,64500.0,65000.0,64928.57142857143,0,0,0
2,Kota Singaraja,2023-10-24,63500.0,64500.0,64821.42857142857,0,0,0
b,Pasar Banyuasri,2023-10-24,62500.0,63500.0,64464.28571428572,0,0,0
b,Pasar Kreneng,2023-10-24,63500.0,62500.0,64464.28571428572,0,0,0
1,Kota Denpasar,2023-10-24,61750.0,63500.0,63892.857142857145,0,0,0
II,Bali,2023-10-24,62650.0,61750.0,63342.857142857145,0,0,0
I,Semua Provinsi,2023-10-24,65900.0,62650.0,63471.42857142857,0,0,0
a,Pasar Badung,2023-10-24,60000.0,65900.0,62828.57142857143,0,0,0
I,Semua Provinsi,2023-10-25,66300.0,60000.0,63228.57142857143,0,0,0
II,Bali,2023-10-25,61150.0,66300.0,63035.71428571428,0,0,0
1,Kota Denpasar,2023-10-25,61750.0,61150.0,62785.71428571428,0,0,0
a,Pasar Badung,2023-10-25,60000.0,61750.0,62535.71428571428,0,0,0
b,Pasar Kreneng,2023-10-25,63500.0,60000.0,62657.142857142855,0,0,0
2,Kota Singaraja,2023-10-25,60500.0,63500.0,61885.71428571428,0,0,0
a,Pasar Anyar,2023-10-25,61000.0,60500.0,62028.57142857143,0,0,0
b,Pasar Banyuasri,2023-10-25,60000.0,61000.0,61128.57142857143,0,0,0
b,Pasar Banyuasri,2023-10-26,57000.0,60000.0,60535.71428571428,0,0,0
a,Pasar Anyar,2023-10-26,60000.0,57000.0,60285.71428571428,0,0,0
2,Kota Singaraja,2023-10-26,58500.0,60000.0,60071.42857142857,0,0,0
b,Pasar Kreneng,2023-10-26,63500.0,58500.0,60071.42857142857,0,0,0
a,Pasar Badung,2023-10-26,60000.0,63500.0,60000.0,0,0,0
II,Bali,2023-10-26,60150.0,60000.0,59878.57142857143,0,0,0
I,Semua Provinsi,2023-10-26,67050.0,60150.0,60885.71428571428,0,0,0
1,Kota Denpasar,2023-10-26,61750.0,67050.0,61564.28571428572,0,0,0
I,Semua Provinsi,2023-10-27,68600.0,61750.0,62792.857142857145,0,0,0
II,Bali,2023-10-27,62650.0,68600.0,63385.71428571428,0,0,0
1,Kota Denpasar,2023-10-27,64250.0,62650.0,63492.857142857145,0,0,0
a,Pasar Badung,2023-10-27,65000.0,64250.0,64207.142857142855,0,0,0
b,Pasar Kreneng,2023-10-27,63500.0,65000.0,64685.71428571428,0,0,0
2,Kota Singaraja,2023-10-27,61000.0,63500.0,63821.42857142857,0,0,0
a,Pasar Anyar,2023-10-27,62000.0,61000.0,63857.142857142855,0,0,0
b,Pasar Banyuasri,2023-10-27,60000.0,62000.0,62628.57142857143,0,0,0
2,Kota Singaraja,2023-10-30,72250.0,60000.0,64000.0,0,0,0
b,Pasar Banyuasri,2023-10-30,70000.0,72250.0,64821.42857142857,0,0,0
a,Pasar Anyar,2023-10-30,74500.0,70000.0,66178.57142857143,0,0,0
b,Pasar Kreneng,2023-10-30,70000.0,74500.0,67107.14285714286,0,0,0
a,Pasar Badung,2023-10-30,70000.0,70000.0,68392.85714285714,0,0,0
1,Kota Denpasar,2023-10-30,70000.0,70000.0,69535.71428571429,0,0,0
II,Bali,2023-10-30,71150.0,70000.0,71128.57142857143,0,0,0
I,Semua Provinsi,2023-10-30,73700.0,71150.0,71335.71428571429,0,0,0
I,Semua Provinsi,2023-10-31,75100.0,73700.0,72064.28571428571,0,0,0
II,Bali,2023-10-31,68750.0,75100.0,71242.85714285714,0,0,0
1,Kota Denpasar,2023-10-31,70000.0,68750.0,71242.85714285714,0,0,0
a,Pasar Badung,2023-10-31,70000.0,70000.0,71242.85714285714,0,0,0
b,Pasar Kreneng,2023-10-31,70000.0,70000.0,71242.85714285714,0,0,0
2,Kota Singaraja,2023-10-31,67500.0,70000.0,70721.42857142857,0,0,0
a,Pasar Anyar,2023-10-31,70000.0,67500.0,70192.85714285714,0,0,0
b,Pasar Banyuasri,2023-10-31,65000.0,70000.0,68750.0,0,0,0
b,Pasar Banyuasri,2023-11-01,60000.0,65000.0,67500.0,0,0,0
a,Pasar Anyar,2023-11-01,58000.0,60000.0,65785.71428571429,0,0,0
2,Kota Singaraja,2023-11-01,59000.0,58000.0,64214.28571428572,0,0,0
b,Pasar Kreneng,2023-11-01,70000.0,59000.0,64214.28571428572,0,0,0
1,Kota Denpasar,2023-11-01,70000.0,70000.0,64571.42857142857,0,0,0
II,Bali,2023-11-01,64500.0,70000.0,63785.71428571428,0,0,0
I,Semua Provinsi,2023-11-01,74950.0,64500.0,65207.142857142855,0,0,0
a,Pasar Badung,2023-11-01,70000.0,74950.0,66635.71428571429,0,0,0
I,Semua Provinsi,2023-11-02,74900.0,70000.0,69050.0,0,0,0
II,Bali,2023-11-02,63750.0,74900.0,69728.57142857143,0,0,0
1,Kota Denpasar,2023-11-02,65000.0,63750.0,69014.28571428571,0,0,0
a,Pasar Badung,2023-11-02,60000.0,65000.0,67585.71428571429,0,0,0
b,Pasar Kreneng,2023-11-02,70000.0,60000.0,68371.42857142857,0,0,0
2,Kota Singaraja,2023-11-02,62500.0,70000.0,66592.85714285714,0,0,0
a,Pasar Anyar,2023-11-02,65000.0,62500.0,65878.57142857143,0,0,0
b,Pasar Banyuasri,2023-11-02,60000.0,65000.0,63750.0,0,0,0
2,Kota Singaraja,2023-11-03,72000.0,60000.0,64928.57142857143,0,0,0
b,Pasar Banyuasri,2023-11-03,70000.0,72000.0,65642.85714285714,0,0,0
a,Pasar Anyar,2023-11-03,74000.0,70000.0,67642.85714285714,0,0,0
b,Pasar Kreneng,2023-11-03,70000.0,74000.0,67642.85714285714,0,0,0
a,Pasar Badung,2023-11-03,70000.0,70000.0,68714.28571428571,0,0,0
1,Kota Denpasar,2023-11-03,70000.0,70000.0,69428.57142857143,0,0,0
II,Bali,2023-11-03,71000.0,70000.0,71000.0,0,0,0
I,Semua Provinsi,2023-11-03,76150.0,71000.0,71592.85714285714,0,0,0
I,Semua Provinsi,2023-11-06,77650.0,76150.0,72685.71428571429,0,0,0
II,Bali,2023-11-06,61250.0,77650.0,70864.28571428571,0,0,0
1,Kota Denpasar,2023-11-06,60000.0,61250.0,69435.71428571429,0,0,0
a,Pasar Badung,2023-11-06,60000.0,60000.0,68007.14285714286,0,0,0
b,Pasar Kreneng,2023-11-06,60000.0,60000.0,66578.57142857143,0,0,0
2,Kota Singaraja,2023-11-06,62500.0,60000.0,65364.28571428572,0,0,0
a,Pasar Anyar,2023-11-06,62500.0,62500.0,63414.28571428572,0,0,0
b,Pasar Banyuasri,2023-11-06,62500.0,62500.0,61250.0,0,0,0
b,Pasar Banyuasri,2023-11-07,60000.0,62500.0,61071.42857142857,0,0,0
a,Pasar Anyar,2023-11-07,62500.0,60000.0,61428.57142857143,0,0,0
2,Kota Singaraja,2023-11-07,61250.0,62500.0,61607.142857142855,0,0,0
b,Pasar Kreneng,2023-11-07,60000.0,61250.0,61607.142857142855,0,0,0
a,Pasar Badung,2023-11-07,60000.0,60000.0,61250.0,0,0,0
1,Kota Denpasar,2023-11-07,60000.0,60000.0,60892.857142857145,0,0,0
II,Bali,2023-11-07,60650.0,60000.0,60628.57142857143,0,0,0
I,Semua Provinsi,2023-11-07,77600.0,60650.0,63142.857142857145,0,0,0
I,Semua Provinsi,2023-11-08,78250.0,77600.0,65392.857142857145,0,0,0
II,Bali,2023-11-08,70000.0,78250.0,66642.85714285714,0,0,0
1,Kota Denpasar,2023-11-08,67500.0,70000.0,67714.28571428571,0,0,0
a,Pasar Badung,2023-11-08,70000.0,67500.0,69142.85714285714,0,0,0
b,Pasar Kreneng,2023-11-08,65000.0,70000.0,69857.14285714286,0,0,0
2,Kota Singaraja,2023-11-08,72500.0,65000.0,71550.0,0,0,0
a,Pasar Anyar,2023-11-08,75000.0,72500.0,71178.57142857143,0,0,0
b,Pasar Banyuasri,2023-11-08,70000.0,75000.0,70000.0,0,0,0
a,Pasar Anyar,2023-11-09,84000.0,70000.0,72000.0,0,0,0
2,Kota Singaraja,2023-11-09,78000.0,84000.0,73500.0,0,0,0
b,Pasar Kreneng,2023-11-09,65000.0,78000.0,72785.71428571429,0,0,0
b,Pasar Banyuasri,2023-11-09,72000.0,65000.0,73785.71428571429,0,0,0
1,Kota Denpasar,2023-11-09,67500.0,72000.0,73071.42857142857,0,0,0
II,Bali,2023-11-09,72750.0,67500.0,72750.0,0,0,0
I,Semua Provinsi,2023-11-09,78550.0,72750.0,73971.42857142857,0,0,0
a,Pasar Badung,2023-11-09,70000.0,78550.0,71971.42857142857,0,0,0
I,Semua Provinsi,2023-11-10,78100.0,70000.0,71985.71428571429,0,0,0
II,Bali,2023-11-10,68750.0,78100.0,72521.42857142857,0,0,0
1,Kota Denpasar,2023-11-10,67500.0,68750.0,71878.57142857143,0,0,0
a,Pasar Badung,2023-11-10,70000.0,67500.0,72235.71428571429,0,0,0
b,Pasar Kreneng,2023-11-10,65000.0,70000.0,71128.57142857143,0,0,0
2,Kota Singaraja,2023-11-10,70000.0,65000.0,69907.14285714286,0,0,0
a,Pasar Anyar,2023-11-10,70000.0,70000.0,69907.14285714286,0,0,0
b,Pasar Banyuasri,2023-11-10,70000.0,70000.0,68750.0,0,0,0
b,Pasar Banyuasri,2023-11-13,65000.0,70000.0,68214.28571428571,0,0,0
a,Pasar Anyar,2023-11-13,65000.0,65000.0,67857.14285714286,0,0,0
2,Kota Singaraja,2023-11-13,65000.0,65000.0,67142.85714285714,0,0,0
b,Pasar Kreneng,2023-11-13,65000.0,65000.0,67142.85714285714,0,0,0
a,Pasar Badung,2023-11-13,70000.0,65000.0,67142.85714285714,0,0,0
1,Kota Denpasar,2023-11-13,67500.0,70000.0,66785.71428571429,0,0,0
II,Bali,2023-11-13,66250.0,67500.0,66250.0,0,0,0
I,Semua Provinsi,2023-11-13,77900.0,66250.0,68092.85714285714,0,0,0
I,Semua Provinsi,2023-11-14,78400.0,77900.0,70007.14285714286,0,0,0
II,Bali,2023-11-14,70500.0,78400.0,70792.85714285714,0,0,0
1,Kota Denpasar,2023-11-14,71250.0,70500.0,71685.71428571429,0,0,0
a,Pasar Badung,2023-11-14,75000.0,71250.0,72400.0,0,0,0
b,Pasar Kreneng,2023-11-14,67500.0,75000.0,72400.0,0,0,0
2,Kota Singaraja,2023-11-14,69750.0,67500.0,72900.0,0,0,0
a,Pasar Anyar,2023-11-14,69500.0,69750.0,71700.0,0,0,0
b,Pasar Banyuasri,2023-11-14,70000.0,69500.0,70500.0,0,0,0
a,Pasar Anyar,2023-11-15,72000.0,70000.0,70714.28571428571,0,0,0
2,Kota Singaraja,2023-11-15,71000.0,72000.0,70678.57142857143,0,0,0
b,Pasar Kreneng,2023-11-15,67500.0,71000.0,69607.14285714286,0,0,0
b,Pasar Banyuasri,2023-11-15,70000.0,67500.0,69964.28571428571,0,0,0
1,Kota Denpasar,2023-11-15,71250.0,70000.0,70178.57142857143,0,0,0
II,Bali,2023-11-15,71150.0,71250.0,70414.28571428571,0,0,0
I,Semua Provinsi,2023-11-15,79200.0,71150.0,71728.57142857143,0,0,0
a,Pasar Badung,2023-11-15,75000.0,79200.0,72157.14285714286,0,0,0
I,Semua Provinsi,2023-11-16,79150.0,75000.0,73321.42857142857,0,0,0
II,Bali,2023-11-16,69650.0,79150.0,73628.57142857143,0,0,0
1,Kota Denpasar,2023-11-16,68750.0,69650.0,73450.0,0,0,0
a,Pasar Badung,2023-11-16,70000.0,68750.0,73271.42857142857,0,0,0
b,Pasar Kreneng,2023-11-16,67500.0,70000.0,72750.0,0,0,0
2,Kota Singaraja,2023-11-16,70500.0,67500.0,71507.14285714286,0,0,0
a,Pasar Anyar,2023-11-16,71000.0,70500.0,70935.71428571429,0,0,0
b,Pasar Banyuasri,2023-11-16,70000.0,71000.0,69628.57142857143,0,0,0
a,Pasar Anyar,2023-11-17,71000.0,70000.0,69821.42857142857,0,0,0
2,Kota Singaraja,2023-11-17,70000.0,71000.0,70000.0,0,0,0
b,Pasar Kreneng,2023-11-17,67500.0,70000.0,69642.85714285714,0,0,0
b,Pasar Banyuasri,2023-11-17,69000.0,67500.0,69857.14285714286,0,0,0
1,Kota Denpasar,2023-11-17,66250.0,69000.0,69250.0,0,0,0
II,Bali,2023-11-17,68150.0,66250.0,68842.85714285714,0,0,0
I,Semua Provinsi,2023-11-17,79650.0,68150.0,70221.42857142857,0,0,0
a,Pasar Badung,2023-11-17,65000.0,79650.0,69364.28571428571,0,0,0
a,Pasar Anyar,2023-11-20,80000.0,65000.0,70792.85714285714,0,0,0
2,Kota Singaraja,2023-11-20,80000.0,80000.0,72578.57142857143,0,0,0
b,Pasar Kreneng,2023-11-20,77500.0,80000.0,73792.85714285714,0,0,0
b,Pasar Banyuasri,2023-11-20,80000.0,77500.0,75757.14285714286,0,0,0
1,Kota Denpasar,2023-11-20,78750.0,80000.0,77271.42857142857,0,0,0
II,Bali,2023-11-20,79400.0,78750.0,77235.71428571429,0,0,0
I,Semua Provinsi,2023-11-20,82450.0,79400.0,79728.57142857143,0,0,0
a,Pasar Badung,2023-11-20,80000.0,82450.0,79728.57142857143,0,0,0
I,Semua Provinsi,2023-11-21,85950.0,80000.0,80578.57142857143,0,0,0
II,Bali,2023-11-21,83500.0,85950.0,81435.71428571429,0,0,0
1,Kota Denpasar,2023-11-21,81250.0,83500.0,81614.28571428571,0,0,0
a,Pasar Badung,2023-11-21,80000.0,81250.0,81792.85714285714,0,0,0
b,Pasar Kreneng,2023-11-21,82500.0,80000.0,82235.71428571429,0,0,0
2,Kota Singaraja,2023-11-21,85750.0,82500.0,82707.14285714286,0,0,0
a,Pasar Anyar,2023-11-21,86500.0,85750.0,83635.71428571429,0,0,0
b,Pasar Banyuasri,2023-11-21,85000.0,86500.0,83500.0,0,0,0
2,Kota Singaraja,2023-11-22,85750.0,85000.0,83821.42857142857,0,0,0
b,Pasar Banyuasri,2023-11-22,85000.0,85750.0,84357.14285714286,0,0,0
b,Pasar Kreneng,2023-11-22,82500.0,85000.0,84714.28571428571,0,0,0
a,Pasar Anyar,2023-11-22,86500.0,82500.0,85285.71428571429,0,0,0
1,Kota Denpasar,2023-11-22,81250.0,86500.0,84642.85714285714,0,0,0
II,Bali,2023-11-22,83500.0,81250.0,84214.28571428571,0,0,0
I,Semua Provinsi,2023-11-22,87150.0,83500.0,84521.42857142857,0,0,0
a,Pasar Badung,2023-11-22,80000.0,87150.0,83700.0,0,0,0
I,Semua Provinsi,2023-11-23,88650.0,80000.0,84221.42857142857,0,0,0
II,Bali,2023-11-23,80900.0,88650.0,83992.85714285714,0,0,0
1,Kota Denpasar,2023-11-23,81250.0,80900.0,83242.85714285714,0,0,0
a,Pasar Badung,2023-11-23,80000.0,81250.0,83064.28571428571,0,0,0
b,Pasar Kreneng,2023-11-23,82500.0,80000.0,82921.42857142857,0,0,0
2,Kota Singaraja,2023-11-23,80500.0,82500.0,81971.42857142857,0,0,0
a,Pasar Anyar,2023-11-23,81000.0,80500.0,82114.28571428571,0,0,0
b,Pasar Banyuasri,2023-11-23,80000.0,81000.0,80878.57142857143,0,0,0
b,Pasar Banyuasri,2023-11-24,79000.0,80000.0,80607.14285714286,0,0,0
a,Pasar Anyar,2023-11-24,79000.0,79000.0,80285.71428571429,0,0,0
2,Kota Singaraja,2023-11-24,79000.0,79000.0,80142.85714285714,0,0,0
b,Pasar Kreneng,2023-11-24,82500.0,79000.0,80142.85714285714,0,0,0
a,Pasar Badung,2023-11-24,85000.0,82500.0,80785.71428571429,0,0,0
1,Kota Denpasar,2023-11-24,83750.0,85000.0,81178.57142857143,0,0,0
II,Bali,2023-11-24,81400.0,83750.0,81378.57142857143,0,0,0
I,Semua Provinsi,2023-11-24,89350.0,81400.0,82857.14285714286,0,0,0
I,Semua Provinsi,2023-11-27,90600.0,89350.0,84514.28571428571,0,0,0
II,Bali,2023-11-27,77500.0,90600.0,84300.0,0,0,0
1,Kota Denpasar,2023-11-27,77000.0,77500.0,83514.28571428571,0,0,0
a,Pasar Badung,2023-11-27,75000.0,77000.0,82085.71428571429,0,0,0
b,Pasar Kreneng,2023-11-27,79000.0,75000.0,81407.14285714286,0,0,0
2,Kota Singaraja,2023-11-27,78000.0,79000.0,80921.42857142857,0,0,0
a,Pasar Anyar,2023-11-27,80000.0,78000.0,79585.71428571429,0,0,0
b,Pasar Banyuasri,2023-11-27,76000.0,80000.0,77500.0,0,0,0
b,Pasar Banyuasri,2023-11-28,75500.0,76000.0,77214.28571428571,0,0,0
a,Pasar Anyar,2023-11-28,75000.0,75500.0,76928.57142857143,0,0,0
2,Kota Singaraja,2023-11-28,75250.0,75000.0,76964.28571428571,0,0,0
b,Pasar Kreneng,2023-11-28,79000.0,75250.0,76964.28571428571,0,0,0
a,Pasar Badung,2023-11-28,75000.0,79000.0,76535.71428571429,0,0,0
1,Kota Denpasar,2023-11-28,77000.0,75000.0,76107.14285714286,0,0,0
II,Bali,2023-11-28,76150.0,77000.0,76128.57142857143,0,0,0
I,Semua Provinsi,2023-11-28,91100.0,76150.0,78357.14285714286,0,0,0
I,Semua Provinsi,2023-11-29,92400.0,91100.0,80842.85714285714,0,0,0
II,Bali,2023-11-29,76650.0,92400.0,81042.85714285714,0,0,0
1,Kota Denpasar,2023-11-29,77000.0,76650.0,80757.14285714286,0,0,0
a,Pasar Badung,2023-11-29,75000.0,77000.0,80757.14285714286,0,0,0
b,Pasar Kreneng,2023-11-29,79000.0,75000.0,81042.85714285714,0,0,0
2,Kota Singaraja,2023-11-29,76250.0,79000.0,81057.14285714286,0,0,0
a,Pasar Anyar,2023-11-29,77000.0,76250.0,79042.85714285714,0,0,0
b,Pasar Banyuasri,2023-11-29,75500.0,77000.0,76628.57142857143,0,0,0
b,Pasar Banyuasri,2023-11-30,75500.0,75500.0,76464.28571428571,0,0,0
a,Pasar Anyar,2023-11-30,76500.0,75500.0,76392.85714285714,0,0,0
2,Kota Singaraja,2023-11-30,76000.0,76500.0,76535.71428571429,0,0,0
b,Pasar Kreneng,2023-11-30,79000.0,76000.0,76535.71428571429,0,0,0
a,Pasar Badung,2023-11-30,75000.0,79000.0,76357.14285714286,0,0,0
1,Kota Denpasar,2023-11-30,77000.0,75000.0,76357.14285714286,0,0,0
II,Bali,2023-11-30,76500.0,77000.0,76500.0,0,0,0
I,Semua Provinsi,2023-11-30,92900.0,76500.0,78985.71428571429,0,0,0
I,Semua Provinsi,2023-12-01,92550.0,92900.0,81278.57142857143,0,0,0
II,Bali,2023-12-01,75750.0,92550.0,81242.85714285714,0,0,0
1,Kota Denpasar,2023-12-01,77000.0,75750.0,80957.14285714286,0,0,0
a,Pasar Badung,2023-12-01,75000.0,77000.0,80957.14285714286,0,0,0
b,Pasar Kreneng,2023-12-01,79000.0,75000.0,81242.85714285714,0,0,0
2,Kota Singaraja,2023-12-01,74500.0,79000.0,80957.14285714286,0,0,0
a,Pasar Anyar,2023-12-01,73500.0,74500.0,78185.71428571429,0,0,0
b,Pasar Banyuasri,2023-12-01,75500.0,73500.0,75750.0,0,0,0
a,Pasar Anyar,2023-12-04,75000.0,75500.0,75642.85714285714,0,0,0
2,Kota Singaraja,2023-12-04,76250.0,75000.0,75535.71428571429,0,0,0
b,Pasar Kreneng,2023-12-04,79000.0,76250.0,76107.14285714286,0,0,0
b,Pasar Banyuasri,2023-12-04,77500.0,79000.0,75892.85714285714,0,0,0
1,Kota Denpasar,2023-12-04,77000.0,77500.0,76250.0,0,0,0
II,Bali,2023-12-04,76650.0,77000.0,76700.0,0,0,0
I,Semua Provinsi,2023-12-04,94300.0,76650.0,79385.71428571429,0,0,0
a,Pasar Badung,2023-12-04,75000.0,94300.0,79385.71428571429,0,0,0
I,Semua Provinsi,2023-12-05,95900.0,75000.0,82192.85714285714,0,0,0
II,Bali,2023-12-05,77650.0,95900.0,82000.0,0,0,0
1,Kota Denpasar,2023-12-05,78750.0,77650.0,82178.57142857143,0,0,0
a,Pasar Badung,2023-12-05,75000.0,78750.0,81892.85714285714,0,0,0
b,Pasar Kreneng,2023-12-05,82500.0,75000.0,82728.57142857143,0,0,0
2,Kota Singaraja,2023-12-05,76500.0,82500.0,80185.71428571429,0,0,0
a,Pasar Anyar,2023-12-05,75500.0,76500.0,80257.14285714286,0,0,0
b,Pasar Banyuasri,2023-12-05,77500.0,75500.0,77628.57142857143,0,0,0
b,Pasar Banyuasri,2023-12-06,80000.0,77500.0,77964.28571428571,0,0,0
a,Pasar Anyar,2023-12-06,76500.0,80000.0,77642.85714285714,0,0,0
2,Kota Singaraja,2023-12-06,78250.0,76500.0,78107.14285714286,0,0,0
b,Pasar Kreneng,2023-12-06,82500.0,78250.0,78107.14285714286,0,0,0
a,Pasar Badung,2023-12-06,75000.0,82500.0,77892.85714285714,0,0,0
1,Kota Denpasar,2023-12-06,78750.0,75000.0,78357.14285714286,0,0,0
II,Bali,2023-12-06,78500.0,78750.0,78500.0,0,0,0
I,Semua Provinsi,2023-12-06,96250.0,78500.0,80821.42857142857,0,0,0
I,Semua Provinsi,2023-12-07,96600.0,96250.0,83692.85714285714,0,0,0
II,Bali,2023-12-07,79000.0,96600.0,83800.0,0,0,0
1,Kota Denpasar,2023-12-07,80000.0,79000.0,83442.85714285714,0,0,0
a,Pasar Badung,2023-12-07,80000.0,80000.0,84157.14285714286,0,0,0
b,Pasar Kreneng,2023-12-07,80000.0,80000.0,84335.71428571429,0,0,0
2,Kota Singaraja,2023-12-07,78000.0,80000.0,84264.28571428571,0,0,0
a,Pasar Anyar,2023-12-07,76000.0,78000.0,81371.42857142857,0,0,0
b,Pasar Banyuasri,2023-12-07,80000.0,76000.0,79000.0,0,0,0
a,Pasar Anyar,2023-12-08,78500.0,80000.0,78928.57142857143,0,0,0
2,Kota Singaraja,2023-12-08,79250.0,78500.0,78821.42857142857,0,0,0
b,Pasar Kreneng,2023-12-08,80000.0,79250.0,78821.42857142857,0,0,0
b,Pasar Banyuasri,2023-12-08,80000.0,80000.0,78821.42857142857,0,0,0
1,Kota Denpasar,2023-12-08,80000.0,80000.0,79107.14285714286,0,0,0
II,Bali,2023-12-08,79650.0,80000.0,79628.57142857143,0,0,0
I,Semua Provinsi,2023-12-08,97950.0,79650.0,82192.85714285714,0,0,0
a,Pasar Badung,2023-12-08,80000.0,97950.0,82407.14285714286,0,0,0
I,Semua Provinsi,2023-12-11,99500.0,80000.0,85300.0,0,0,0
II,Bali,2023-12-11,75250.0,99500.0,84621.42857142857,0,0,0
1,Kota Denpasar,2023-12-11,80000.0,75250.0,84621.42857142857,0,0,0
a,Pasar Badung,2023-12-11,80000.0,80000.0,84621.42857142857,0,0,0
b,Pasar Kreneng,2023-12-11,80000.0,80000.0,84671.42857142857,0,0,0
2,Kota Singaraja,2023-12-11,70500.0,80000.0,80750.0,0,0,0
a,Pasar Anyar,2023-12-11,61000.0,70500.0,78035.71428571429,0,0,0
b,Pasar Banyuasri,2023-12-11,80000.0,61000.0,75250.0,0,0,0
a,Pasar Anyar,2023-12-12,61000.0,80000.0,73214.28571428571,0,0,0
2,Kota Singaraja,2023-12-12,61500.0,61000.0,70571.42857142857,0,0,0
b,Pasar Kreneng,2023-12-12,80000.0,61500.0,70571.42857142857,0,0,0
b,Pasar Banyuasri,2023-12-12,62000.0,80000.0,68000.0,0,0,0
1,Kota Denpasar,2023-12-12,80000.0,62000.0,69357.14285714286,0,0,0
II,Bali,2023-12-12,70750.0,80000.0,70750.0,0,0,0
I,Semua Provinsi,2023-12-12,99800.0,70750.0,73578.57142857143,0,0,0
a,Pasar Badung,2023-12-12,80000.0,99800.0,76292.85714285714,0,0,0
a,Pasar Anyar,2023-12-13,75000.0,80000.0,78221.42857142857,0,0,0
2,Kota Singaraja,2023-12-13,68500.0,75000.0,76578.57142857143,0,0,0
b,Pasar Kreneng,2023-12-13,80000.0,68500.0,79150.0,0,0,0
b,Pasar Banyuasri,2023-12-13,62000.0,80000.0,76578.57142857143,0,0,0
1,Kota Denpasar,2023-12-13,80000.0,62000.0,77900.0,0,0,0
II,Bali,2023-12-13,74250.0,80000.0,74250.0,0,0,0
I,Semua Provinsi,2023-12-13,99850.0,74250.0,77085.71428571429,0,0,0
a,Pasar Badung,2023-12-13,80000.0,99850.0,77800.0,0,0,0
I,Semua Provinsi,2023-12-14,100250.0,80000.0,82335.71428571429,0,0,0
II,Bali,2023-12-14,70750.0,100250.0,81014.28571428571,0,0,0
1,Kota Denpasar,2023-12-14,80000.0,70750.0,83585.71428571429,0,0,0
a,Pasar Badung,2023-12-14,80000.0,80000.0,83585.71428571429,0,0,0
b,Pasar Kreneng,2023-12-14,80000.0,80000.0,84407.14285714286,0,0,0
2,Kota Singaraja,2023-12-14,61500.0,80000.0,78928.57142857143,0,0,0
a,Pasar Anyar,2023-12-14,61000.0,61500.0,76214.28571428571,0,0,0
b,Pasar Banyuasri,2023-12-14,62000.0,61000.0,70750.0,0,0,0
2,Kota Singaraja,2023-12-15,72000.0,62000.0,70928.57142857143,0,0,0
b,Pasar Banyuasri,2023-12-15,72000.0,72000.0,69785.71428571429,0,0,0
a,Pasar Anyar,2023-12-15,72000.0,72000.0,68642.85714285714,0,0,0
b,Pasar Kreneng,2023-12-15,80000.0,72000.0,68642.85714285714,0,0,0
1,Kota Denpasar,2023-12-15,80000.0,80000.0,71285.71428571429,0,0,0
II,Bali,2023-12-15,76000.0,80000.0,73428.57142857143,0,0,0
I,Semua Provinsi,2023-12-15,100000.0,76000.0,78857.14285714286,0,0,0
a,Pasar Badung,2023-12-15,80000.0,100000.0,80000.0,0,0,0
I,Semua Provinsi,2023-12-18,96350.0,80000.0,83478.57142857143,0,0,0
II,Bali,2023-12-18,68000.0,96350.0,82907.14285714286,0,0,0
1,Kota Denpasar,2023-12-18,75000.0,68000.0,82192.85714285714,0,0,0
a,Pasar Badung,2023-12-18,70000.0,75000.0,80764.28571428571,0,0,0
b,Pasar Kreneng,2023-12-18,80000.0,70000.0,81335.71428571429,0,0,0
2,Kota Singaraja,2023-12-18,61000.0,80000.0,75764.28571428571,0,0,0
a,Pasar Anyar,2023-12-18,61000.0,61000.0,73050.0,0,0,0
b,Pasar Banyuasri,2023-12-18,61000.0,61000.0,68000.0,0,0,0
b,Pasar Kreneng,2023-12-19,80000.0,61000.0,69714.28571428571,0,0,0
b,Pasar Banyuasri,2023-12-19,61000.0,80000.0,67714.28571428571,0,0,0
a,Pasar Anyar,2023-12-19,61000.0,61000.0,66428.57142857143,0,0,0
2,Kota Singaraja,2023-12-19,61000.0,61000.0,63714.28571428572,0,0,0
1,Kota Denpasar,2023-12-19,75000.0,61000.0,65714.28571428571,0,0,0
II,Bali,2023-12-19,68000.0,75000.0,66714.28571428571,0,0,0
I,Semua Provinsi,2023-12-19,95500.0,68000.0,71642.85714285714,0,0,0
a,Pasar Badung,2023-12-19,70000.0,95500.0,70214.28571428571,0,0,0
b,Pasar Banyuasri,2023-12-20,61000.0,70000.0,70214.28571428571,0,0,0
I,Semua Provinsi,2023-12-20,95600.0,61000.0,75157.14285714286,0,0,0
II,Bali,2023-12-20,68000.0,95600.0,76157.14285714286,0,0,0
1,Kota Denpasar,2023-12-20,75000.0,68000.0,76157.14285714286,0,0,0
a,Pasar Badung,2023-12-20,70000.0,75000.0,76442.85714285714,0,0,0
b,Pasar Kreneng,2023-12-20,80000.0,70000.0,74228.57142857143,0,0,0
2,Kota Singaraja,2023-12-20,61000.0,80000.0,72942.85714285714,0,0,0
a,Pasar Anyar,2023-12-20,61000.0,61000.0,72942.85714285714,0,0,0
a,Pasar Anyar,2023-12-21,61000.0,61000.0,68000.0,0,0,0
2,Kota Singaraja,2023-12-21,61000.0,61000.0,67000.0,0,0,0
b,Pasar Banyuasri,2023-12-21,61000.0,61000.0,65000.0,0,0,0
b,Pasar Kreneng,2023-12-21,80000.0,61000.0,66428.57142857143,0,0,0
a,Pasar Badung,2023-12-21,70000.0,80000.0,65000.0,0,0,0
1,Kota Denpasar,2023-12-21,75000.0,70000.0,67000.0,0,0,0
II,Bali,2023-12-21,68000.0,75000.0,68000.0,0,0,0
I,Semua Provinsi,2023-12-21,94150.0,68000.0,72735.71428571429,0,0,0
b,Pasar Banyuasri,2023-12-22,61000.0,94150.0,72735.71428571429,0,0,0
a,Pasar Anyar,2023-12-22,61000.0,61000.0,72735.71428571429,0,0,0
b,Pasar Kreneng,2023-12-22,80000.0,61000.0,72735.71428571429,0,0,0
2,Kota Singaraja,2023-12-22,61000.0,80000.0,71450.0,0,0,0
1,Kota Denpasar,2023-12-22,75000.0,61000.0,71450.0,0,0,0
II,Bali,2023-12-22,68000.0,75000.0,71450.0,0,0,0
I,Semua Provinsi,2023-12-22,93900.0,68000.0,71414.28571428571,0,0,0
a,Pasar Badung,2023-12-22,70000.0,93900.0,72700.0,0,0,0
I,Semua Provinsi,2023-12-25,82400.0,70000.0,75757.14285714286,0,0,0
I,Semua Provinsi,2023-12-26,82400.0,82400.0,76100.0,0,0,0
2,Kota Singaraja,2023-12-27,71250.0,82400.0,77564.28571428571,0,0,0
b,Pasar Banyuasri,2023-12-27,70000.0,71250.0,76850.0,0,0,0
a,Pasar Anyar,2023-12-27,72500.0,70000.0,77492.85714285714,0,0,0
b,Pasar Kreneng,2023-12-27,70000.0,72500.0,74078.57142857143,0,0,0
II,Bali,2023-12-27,70650.0,70000.0,74171.42857142857,0,0,0
1,Kota Denpasar,2023-12-27,70000.0,70650.0,72400.0,0,0,0
I,Semua Provinsi,2023-12-27,96700.0,70000.0,74442.85714285714,0,0,0
a,Pasar Badung,2023-12-27,70000.0,96700.0,74264.28571428571,0,0,0
b,Pasar Banyuasri,2023-12-28,56000.0,70000.0,72264.28571428571,0,0,0
I,Semua Provinsi,2023-12-28,94350.0,56000.0,75385.71428571429,0,0,0
II,Bali,2023-12-28,64250.0,94350.0,74564.28571428571,0,0,0
1,Kota Denpasar,2023-12-28,72500.0,64250.0,74828.57142857143,0,0,0
a,Pasar Badung,2023-12-28,75000.0,72500.0,75542.85714285714,0,0,0
b,Pasar Kreneng,2023-12-28,70000.0,75000.0,71728.57142857143,0,0,0
2,Kota Singaraja,2023-12-28,56000.0,70000.0,69728.57142857143,0,0,0
a,Pasar Anyar,2023-12-28,56000.0,56000.0,69728.57142857143,0,0,0
a,Pasar Anyar,2023-12-29,74500.0,56000.0,66892.85714285714,0,0,0
2,Kota Singaraja,2023-12-29,72250.0,74500.0,68035.71428571429,0,0,0
b,Pasar Banyuasri,2023-12-29,70000.0,72250.0,67678.57142857143,0,0,0
b,Pasar Kreneng,2023-12-29,75000.0,70000.0,67678.57142857143,0,0,0
a,Pasar Badung,2023-12-29,70000.0,75000.0,67678.57142857143,0,0,0
1,Kota Denpasar,2023-12-29,72500.0,70000.0,70035.71428571429,0,0,0
II,Bali,2023-12-29,72400.0,72500.0,72378.57142857143,0,0,0
I,Semua Provinsi,2023-12-29,92350.0,72400.0,74928.57142857143,0,0,0
I,Semua Provinsi,2024-01-01,88600.0,92350.0,77264.28571428571,0,0,0
II,Bali,2024-01-01,72500.0,88600.0,77621.42857142857,0,0,0
1,Kota Denpasar,2024-01-01,72500.0,72500.0,77264.28571428571,0,0,0
a,Pasar Badung,2024-01-01,70000.0,72500.0,77264.28571428571,0,0,0
b,Pasar Kreneng,2024-01-01,75000.0,70000.0,77621.42857142857,0,0,0
b,Pasar Banyuasri,2024-01-02,66000.0,75000.0,76707.14285714286,0,0,0
a,Pasar Anyar,2024-01-02,70000.0,66000.0,73514.28571428571,0,0,0
b,Pasar Kreneng,2024-01-02,75000.0,70000.0,71571.42857142857,0,0,0
2,Kota Singaraja,2024-01-02,68000.0,75000.0,70928.57142857143,0,0,0
1,Kota Denpasar,2024-01-02,77500.0,68000.0,71642.85714285714,0,0,0
II,Bali,2024-01-02,72750.0,77500.0,72035.71428571429,0,0,0
I,Semua Provinsi,2024-01-02,91550.0,72750.0,74400.0,0,0,0
a,Pasar Badung,2024-01-02,80000.0,91550.0,76400.0,0,0,0
I,Semua Provinsi,2024-01-03,89250.0,80000.0,79150.0,0,0,0
II,Bali,2024-01-03,69000.0,89250.0,78292.85714285714,0,0,0
1,Kota Denpasar,2024-01-03,72500.0,69000.0,78935.71428571429,0,0,0
a,Pasar Badung,2024-01-03,70000.0,72500.0,77864.28571428571,0,0,0
b,Pasar Kreneng,2024-01-03,75000.0,70000.0,78185.71428571429,0,0,0
2,Kota Singaraja,2024-01-03,65500.0,75000.0,74464.28571428571,0,0,0
a,Pasar Anyar,2024-01-03,65000.0,65500.0,72321.42857142857,0,0,0
b,Pasar Banyuasri,2024-01-03,66000.0,65000.0,69000.0,0,0,0
2,Kota Singaraja,2024-01-04,62000.0,66000.0,68000.0,0,0,0
a,Pasar Anyar,2024-01-04,64000.0,62000.0,66785.71428571429,0,0,0
b,Pasar Kreneng,2024-01-04,52500.0,64000.0,64285.71428571428,0,0,0
b,Pasar Banyuasri,2024-01-04,60000.0,52500.0,62142.857142857145,0,0,0
1,Kota Denpasar,2024-01-04,56250.0,60000.0,60821.42857142857,0,0,0
II,Bali,2024-01-04,59150.0,56250.0,59985.71428571428,0,0,0
I,Semua Provinsi,2024-01-04,86100.0,59150.0,62857.142857142855,0,0,0
a,Pasar Badung,2024-01-04,60000.0,86100.0,62571.42857142857,0,0,0
I,Semua Provinsi,2024-01-05,83350.0,60000.0,65335.71428571428,0,0,0
II,Bali,2024-01-05,52900.0,83350.0,65392.857142857145,0,0,0
1,Kota Denpasar,2024-01-05,51250.0,52900.0,64142.857142857145,0,0,0
a,Pasar Badung,2024-01-05,50000.0,51250.0,63250.0,0,0,0
b,Pasar Kreneng,2024-01-05,52500.0,50000.0,62300.0,0,0,0
2,Kota Singaraja,2024-01-05,54500.0,52500.0,57785.71428571428,0,0,0
a,Pasar Anyar,2024-01-05,55000.0,54500.0,57071.42857142857,0,0,0
b,Pasar Banyuasri,2024-01-05,54000.0,55000.0,52878.57142857143,0,0,0
b,Pasar Banyuasri,2024-01-08,42000.0,54000.0,51321.42857142857,0,0,0
a,Pasar Anyar,2024-01-08,45000.0,42000.0,50428.57142857143,0,0,0
b,Pasar Kreneng,2024-01-08,52500.0,45000.0,50785.71428571428,0,0,0
2,Kota Singaraja,2024-01-08,43500.0,52500.0,49500.0,0,0,0
1,Kota Denpasar,2024-01-08,51250.0,43500.0,49035.71428571428,0,0,0
II,Bali,2024-01-08,47400.0,51250.0,47950.0,0,0,0
I,Semua Provinsi,2024-01-08,75550.0,47400.0,51028.57142857143,0,0,0
a,Pasar Badung,2024-01-08,50000.0,75550.0,52171.42857142857,0,0,0
b,Pasar Banyuasri,2024-01-09,42000.0,50000.0,51742.857142857145,0,0,0
a,Pasar Anyar,2024-01-09,45000.0,42000.0,50671.42857142857,0,0,0
b,Pasar Kreneng,2024-01-09,52500.0,45000.0,51957.142857142855,0,0,0
2,Kota Singaraja,2024-01-09,43500.0,52500.0,50850.0,0,0,0
1,Kota Denpasar,2024-01-09,51250.0,43500.0,51400.0,0,0,0
II,Bali,2024-01-09,47400.0,51250.0,47378.57142857143,0,0,0
I,Semua Provinsi,2024-01-09,72950.0,47400.0,50657.142857142855,0,0,0
a,Pasar Badung,2024-01-09,50000.0,72950.0,51800.0,0,0,0
a,Pasar Anyar,2024-01-10,45000.0,50000.0,51800.0,0,0,0
I,Semua Provinsi,2024-01-10,69950.0,45000.0,54292.857142857145,0,0,0
II,Bali,2024-01-10,42400.0,69950.0,54135.71428571428,0,0,0
1,Kota Denpasar,2024-01-10,41250.0,42400.0,52707.142857142855,0,0,0
a,Pasar Badung,2024-01-10,50000.0,41250.0,53078.57142857143,0,0,0
b,Pasar Kreneng,2024-01-10,32500.0,50000.0,47300.0,0,0,0
2,Kota Singaraja,2024-01-10,43500.0,32500.0,46371.42857142857,0,0,0
b,Pasar Banyuasri,2024-01-10,42000.0,43500.0,45942.857142857145,0,0,0
2,Kota Singaraja,2024-01-11,43500.0,42000.0,42164.28571428572,0,0,0
a,Pasar Anyar,2024-01-11,45000.0,43500.0,42535.71428571428,0,0,0
b,Pasar Kreneng,2024-01-11,32500.0,45000.0,41285.71428571428,0,0,0
b,Pasar Banyuasri,2024-01-11,42000.0,32500.0,40142.857142857145,0,0,0
1,Kota Denpasar,2024-01-11,41250.0,42000.0,41392.857142857145,0,0,0
II,Bali,2024-01-11,42400.0,41250.0,41235.71428571428,0,0,0
I,Semua Provinsi,2024-01-11,68150.0,42400.0,44971.42857142857,0,0,0
a,Pasar Badung,2024-01-11,50000.0,68150.0,45900.0,0,0,0
I,Semua Provinsi,2024-01-12,63800.0,50000.0,48585.71428571428,0,0,0
II,Bali,2024-01-12,36900.0,63800.0,49214.28571428572,0,0,0
1,Kota Denpasar,2024-01-12,36250.0,36900.0,48392.857142857145,0,0,0
a,Pasar Badung,2024-01-12,40000.0,36250.0,48214.28571428572,0,0,0
b,Pasar Kreneng,2024-01-12,32500.0,40000.0,46800.0,0,0,0
2,Kota Singaraja,2024-01-12,37500.0,32500.0,42421.42857142857,0,0,0
a,Pasar Anyar,2024-01-12,40000.0,37500.0,40992.857142857145,0,0,0
b,Pasar Banyuasri,2024-01-12,35000.0,40000.0,36878.57142857143,0,0,0
b,Pasar Banyuasri,2024-01-15,39000.0,35000.0,37178.57142857143,0,0,0
a,Pasar Anyar,2024-01-15,41000.0,39000.0,37857.142857142855,0,0,0
2,Kota Singaraja,2024-01-15,40000.0,41000.0,37857.142857142855,0,0,0
b,Pasar Kreneng,2024-01-15,32500.0,40000.0,37857.142857142855,0,0,0
a,Pasar Badung,2024-01-15,45000.0,32500.0,38928.57142857143,0,0,0
1,Kota Denpasar,2024-01-15,38750.0,45000.0,38750.0,0,0,0
II,Bali,2024-01-15,39400.0,38750.0,39378.57142857143,0,0,0
I,Semua Provinsi,2024-01-15,61600.0,39400.0,42607.142857142855,0,0,0
I,Semua Provinsi,2024-01-16,60000.0,61600.0,45321.42857142857,0,0,0
II,Bali,2024-01-16,41000.0,60000.0,45464.28571428572,0,0,0
1,Kota Denpasar,2024-01-16,42500.0,41000.0,46892.857142857145,0,0,0
a,Pasar Badung,2024-01-16,45000.0,42500.0,46892.857142857145,0,0,0
b,Pasar Kreneng,2024-01-16,40000.0,45000.0,47071.42857142857,0,0,0
2,Kota Singaraja,2024-01-16,39500.0,40000.0,47085.71428571428,0,0,0
a,Pasar Anyar,2024-01-16,40000.0,39500.0,44000.0,0,0,0
b,Pasar Banyuasri,2024-01-16,39000.0,40000.0,41000.0,0,0,0
b,Pasar Banyuasri,2024-01-17,34500.0,39000.0,40071.42857142857,0,0,0
a,Pasar Anyar,2024-01-17,41000.0,34500.0,39857.142857142855,0,0,0
2,Kota Singaraja,2024-01-17,37750.0,41000.0,38821.42857142857,0,0,0
b,Pasar Kreneng,2024-01-17,40000.0,37750.0,38821.42857142857,0,0,0
a,Pasar Badung,2024-01-17,45000.0,40000.0,39607.142857142855,0,0,0
1,Kota Denpasar,2024-01-17,42500.0,45000.0,39964.28571428572,0,0,0
II,Bali,2024-01-17,40150.0,42500.0,40128.57142857143,0,0,0
I,Semua Provinsi,2024-01-17,59450.0,40150.0,43692.857142857145,0,0,0
I,Semua Provinsi,2024-01-18,58150.0,59450.0,46142.857142857145,0,0,0
II,Bali,2024-01-18,38650.0,58150.0,46271.42857142857,0,0,0
1,Kota Denpasar,2024-01-18,40000.0,38650.0,46271.42857142857,0,0,0
a,Pasar Badung,2024-01-18,40000.0,40000.0,45557.142857142855,0,0,0
b,Pasar Kreneng,2024-01-18,40000.0,40000.0,45200.0,0,0,0
2,Kota Singaraja,2024-01-18,37250.0,40000.0,44785.71428571428,0,0,0
a,Pasar Anyar,2024-01-18,40000.0,37250.0,42007.142857142855,0,0,0
b,Pasar Banyuasri,2024-01-18,34500.0,40000.0,38628.57142857143,0,0,0
b,Pasar Banyuasri,2024-01-19,36500.0,34500.0,38321.42857142857,0,0,0
a,Pasar Anyar,2024-01-19,35000.0,36500.0,37607.142857142855,0,0,0
2,Kota Singaraja,2024-01-19,35750.0,35000.0,37000.0,0,0,0
b,Pasar Kreneng,2024-01-19,40000.0,35750.0,37000.0,0,0,0
a,Pasar Badung,2024-01-19,40000.0,40000.0,37392.857142857145,0,0,0
1,Kota Denpasar,2024-01-19,40000.0,40000.0,37392.857142857145,0,0,0
II,Bali,2024-01-19,37900.0,40000.0,37878.57142857143,0,0,0
I,Semua Provinsi,2024-01-19,56850.0,37900.0,40785.71428571428,0,0,0
I,Semua Provinsi,2024-01-22,55200.0,56850.0,43671.42857142857,0,0,0
II,Bali,2024-01-22,33650.0,55200.0,43371.42857142857,0,0,0
1,Kota Denpasar,2024-01-22,32500.0,33650.0,42300.0,0,0,0
a,Pasar Badung,2024-01-22,35000.0,32500.0,41585.71428571428,0,0,0
b,Pasar Kreneng,2024-01-22,30000.0,35000.0,40157.142857142855,0,0,0
2,Kota Singaraja,2024-01-22,34750.0,30000.0,39707.142857142855,0,0,0
a,Pasar Anyar,2024-01-22,35000.0,34750.0,36585.71428571428,0,0,0
b,Pasar Banyuasri,2024-01-22,34500.0,35000.0,33628.57142857143,0,0,0
a,Pasar Anyar,2024-01-23,30000.0,34500.0,33107.142857142855,0,0,0
2,Kota Singaraja,2024-01-23,30000.0,30000.0,32750.0,0,0,0
b,Pasar Kreneng,2024-01-23,30000.0,30000.0,32035.714285714286,0,0,0
b,Pasar Banyuasri,2024-01-23,30000.0,30000.0,32035.714285714286,0,0,0
1,Kota Denpasar,2024-01-23,32500.0,30000.0,31714.285714285714,0,0,0
II,Bali,2024-01-23,31250.0,32500.0,31178.571428571428,0,0,0
I,Semua Provinsi,2024-01-23,54000.0,31250.0,33964.28571428572,0,0,0
a,Pasar Badung,2024-01-23,35000.0,54000.0,34678.57142857143,0,0,0
I,Semua Provinsi,2024-01-24,53400.0,35000.0,38021.42857142857,0,0,0
II,Bali,2024-01-24,32900.0,53400.0,38435.71428571428,0,0,0
1,Kota Denpasar,2024-01-24,32000.0,32900.0,38721.42857142857,0,0,0
a,Pasar Badung,2024-01-24,35000.0,32000.0,39078.57142857143,0,0,0
b,Pasar Kreneng,2024-01-24,29000.0,35000.0,38757.142857142855,0,0,0
2,Kota Singaraja,2024-01-24,33750.0,29000.0,35864.28571428572,0,0,0
a,Pasar Anyar,2024-01-24,33500.0,33750.0,35650.0,0,0,0
b,Pasar Banyuasri,2024-01-24,34000.0,33500.0,32878.57142857143,0,0,0
b,Pasar Banyuasri,2024-01-25,33500.0,34000.0,32964.28571428572,0,0,0
a,Pasar Anyar,2024-01-25,34000.0,33500.0,33250.0,0,0,0
2,Kota Singaraja,2024-01-25,33750.0,34000.0,33071.42857142857,0,0,0
b,Pasar Kreneng,2024-01-25,29000.0,33750.0,33071.42857142857,0,0,0
a,Pasar Badung,2024-01-25,35000.0,29000.0,33250.0,0,0,0
1,Kota Denpasar,2024-01-25,32000.0,35000.0,33035.71428571428,0,0,0
II,Bali,2024-01-25,32900.0,32000.0,32878.57142857143,0,0,0
I,Semua Provinsi,2024-01-25,51750.0,32900.0,35485.71428571428,0,0,0
I,Semua Provinsi,2024-01-26,51250.0,51750.0,37950.0,0,0,0
II,Bali,2024-01-26,33750.0,51250.0,37950.0,0,0,0
1,Kota Denpasar,2024-01-26,33250.0,33750.0,38557.142857142855,0,0,0
a,Pasar Badung,2024-01-26,35000.0,33250.0,38557.142857142855,0,0,0
b,Pasar Kreneng,2024-01-26,31500.0,35000.0,38485.71428571428,0,0,0
2,Kota Singaraja,2024-01-26,34250.0,31500.0,38678.57142857143,0,0,0
a,Pasar Anyar,2024-01-26,35000.0,34250.0,36285.71428571428,0,0,0
b,Pasar Banyuasri,2024-01-26,33500.0,35000.0,33750.0,0,0,0
a,Pasar Anyar,2024-01-29,34000.0,33500.0,33785.71428571428,0,0,0
2,Kota Singaraja,2024-01-29,33750.0,34000.0,33857.142857142855,0,0,0
b,Pasar Kreneng,2024-01-29,31000.0,33750.0,33285.71428571428,0,0,0
b,Pasar Banyuasri,2024-01-29,33500.0,31000.0,33571.42857142857,0,0,0
1,Kota Denpasar,2024-01-29,33000.0,33500.0,33392.857142857145,0,0,0
II,Bali,2024-01-29,33400.0,33000.0,33164.28571428572,0,0,0
I,Semua Provinsi,2024-01-29,48750.0,33400.0,35342.857142857145,0,0,0
a,Pasar Badung,2024-01-29,35000.0,48750.0,35485.71428571428,0,0,0
I,Semua Provinsi,2024-01-30,47350.0,35000.0,37428.57142857143,0,0,0
II,Bali,2024-01-30,33250.0,47350.0,37750.0,0,0,0
1,Kota Denpasar,2024-01-30,32500.0,33250.0,37607.142857142855,0,0,0
a,Pasar Badung,2024-01-30,35000.0,32500.0,37892.857142857145,0,0,0
b,Pasar Kreneng,2024-01-30,30000.0,35000.0,37407.142857142855,0,0,0
2,Kota Singaraja,2024-01-30,34000.0,30000.0,35300.0,0,0,0
a,Pasar Anyar,2024-01-30,34000.0,34000.0,35157.142857142855,0,0,0
b,Pasar Banyuasri,2024-01-30,34000.0,34000.0,33250.0,0,0,0
a,Pasar Anyar,2024-01-31,34000.0,34000.0,33357.142857142855,0,0,0
2,Kota Singaraja,2024-01-31,34000.0,34000.0,33571.42857142857,0,0,0
b,Pasar Kreneng,2024-01-31,30000.0,34000.0,32857.142857142855,0,0,0
b,Pasar Banyuasri,2024-01-31,34000.0,30000.0,33428.57142857143,0,0,0
1,Kota Denpasar,2024-01-31,32500.0,34000.0,33214.28571428572,0,0,0
II,Bali,2024-01-31,33250.0,32500.0,33107.142857142855,0,0,0
I,Semua Provinsi,2024-01-31,45900.0,33250.0,34807.142857142855,0,0,0
a,Pasar Badung,2024-01-31,35000.0,45900.0,34950.0,0,0,0
a,Pasar Anyar,2024-02-01,33000.0,35000.0,34807.142857142855,0,0,0
2,Kota Singaraja,2024-02-01,34000.0,33000.0,35378.57142857143,0,0,0
b,Pasar Kreneng,2024-02-01,30000.0,34000.0,34807.142857142855,0,0,0
b,Pasar Banyuasri,2024-02-01,35000.0,30000.0,35164.28571428572,0,0,0
1,Kota Denpasar,2024-02-01,32500.0,35000.0,35057.142857142855,0,0,0
II,Bali,2024-02-01,33250.0,32500.0,33250.0,0,0,0
I,Semua Provinsi,2024-02-01,45450.0,33250.0,34742.857142857145,0,0,0
a,Pasar Badung,2024-02-01,35000.0,45450.0,35028.57142857143,0,0,0
I,Semua Provinsi,2024-02-02,45600.0,35000.0,36685.71428571428,0,0,0
II,Bali,2024-02-02,31500.0,45600.0,36900.0,0,0,0
1,Kota Denpasar,2024-02-02,30000.0,31500.0,36185.71428571428,0,0,0
a,Pasar Badung,2024-02-02,30000.0,30000.0,35828.57142857143,0,0,0
b,Pasar Kreneng,2024-02-02,30000.0,30000.0,35364.28571428572,0,0,0
2,Kota Singaraja,2024-02-02,33000.0,30000.0,33585.71428571428,0,0,0
a,Pasar Anyar,2024-02-02,32000.0,33000.0,33157.142857142855,0,0,0
b,Pasar Banyuasri,2024-02-02,34000.0,32000.0,31500.0,0,0,0
2,Kota Singaraja,2024-02-05,35250.0,34000.0,32035.714285714286,0,0,0
a,Pasar Anyar,2024-02-05,35000.0,35250.0,32750.0,0,0,0
b,Pasar Kreneng,2024-02-05,35000.0,35000.0,33464.28571428572,0,0,0
b,Pasar Banyuasri,2024-02-05,35500.0,35000.0,34250.0,0,0,0
1,Kota Denpasar,2024-02-05,35000.0,35500.0,34535.71428571428,0,0,0
I,Semua Provinsi,2024-02-05,46800.0,35000.0,36650.0,0,0,0
a,Pasar Badung,2024-02-05,35000.0,46800.0,36792.857142857145,0,0,0
II,Bali,2024-02-05,35150.0,35000.0,36778.57142857143,0,0,0
I,Semua Provinsi,2024-02-06,46800.0,35150.0,38464.28571428572,0,0,0
II,Bali,2024-02-06,34400.0,46800.0,38378.57142857143,0,0,0
1,Kota Denpasar,2024-02-06,35000.0,34400.0,38307.142857142855,0,0,0
a,Pasar Badung,2024-02-06,35000.0,35000.0,38307.142857142855,0,0,0
b,Pasar Kreneng,2024-02-06,35000.0,35000.0,36621.42857142857,0,0,0
2,Kota Singaraja,2024-02-06,33750.0,35000.0,36442.857142857145,0,0,0
a,Pasar Anyar,2024-02-06,32000.0,33750.0,35992.857142857145,0,0,0
b,Pasar Banyuasri,2024-02-06,35500.0,32000.0,34378.57142857143,0,0,0
b,Pasar Kreneng,2024-02-07,35000.0,35500.0,34464.28571428572,0,0,0
b,Pasar Banyuasri,2024-02-07,33000.0,35000.0,34178.57142857143,0,0,0
a,Pasar Anyar,2024-02-07,31000.0,33000.0,33607.142857142855,0,0,0
2,Kota Singaraja,2024-02-07,32000.0,31000.0,33178.57142857143,0,0,0
II,Bali,2024-02-07,33500.0,32000.0,33142.857142857145,0,0,0
a,Pasar Badung,2024-02-07,35000.0,33500.0,33571.42857142857,0,0,0
1,Kota Denpasar,2024-02-07,35000.0,35000.0,33500.0,0,0,0
I,Semua Provinsi,2024-02-07,47000.0,35000.0,35214.28571428572,0,0,0
2,Kota Singaraja,2024-02-08,32000.0,47000.0,35071.42857142857,0,0,0
a,Pasar Anyar,2024-02-08,31000.0,32000.0,35071.42857142857,0,0,0
b,Pasar Banyuasri,2024-02-08,33000.0,31000.0,35214.28571428572,0,0,0
b,Pasar Kreneng,2024-02-08,35000.0,33000.0,35428.57142857143,0,0,0
II,Bali,2024-02-08,33500.0,35000.0,35214.28571428572,0,0,0
1,Kota Denpasar,2024-02-08,35000.0,33500.0,35214.28571428572,0,0,0
I,Semua Provinsi,2024-02-08,47600.0,35000.0,35300.0,0,0,0
a,Pasar Badung,2024-02-08,35000.0,47600.0,35728.57142857143,0,0,0
2,Kota Singaraja,2024-02-09,32500.0,35000.0,35942.857142857145,0,0,0
a,Pasar Anyar,2024-02-09,32000.0,32500.0,35800.0,0,0,0
b,Pasar Kreneng,2024-02-09,35000.0,32000.0,35800.0,0,0,0
b,Pasar Banyuasri,2024-02-09,33000.0,35000.0,35728.57142857143,0,0,0
1,Kota Denpasar,2024-02-09,35000.0,33000.0,35728.57142857143,0,0,0
II,Bali,2024-02-09,33750.0,35000.0,33750.0,0,0,0
I,Semua Provinsi,2024-02-09,46950.0,33750.0,35457.142857142855,0,0,0
a,Pasar Badung,2024-02-09,35000.0,46950.0,35814.28571428572,0,0,0
b,Pasar Banyuasri,2024-02-12,44500.0,35000.0,37600.0,0,0,0
a,Pasar Anyar,2024-02-12,40000.0,44500.0,38314.28571428572,0,0,0
2,Kota Singaraja,2024-02-12,42250.0,40000.0,39635.71428571428,0,0,0
b,Pasar Kreneng,2024-02-12,45000.0,42250.0,41064.28571428572,0,0,0
II,Bali,2024-02-12,43650.0,45000.0,42478.57142857143,0,0,0
1,Kota Denpasar,2024-02-12,45000.0,43650.0,42200.0,0,0,0
I,Semua Provinsi,2024-02-12,51450.0,45000.0,44550.0,0,0,0
a,Pasar Badung,2024-02-12,45000.0,51450.0,44621.42857142857,0,0,0
I,Semua Provinsi,2024-02-13,51850.0,45000.0,46314.28571428572,0,0,0
II,Bali,2024-02-13,45650.0,51850.0,46800.0,0,0,0
1,Kota Denpasar,2024-02-13,45000.0,45650.0,46800.0,0,0,0
a,Pasar Badung,2024-02-13,45000.0,45000.0,46992.857142857145,0,0,0
b,Pasar Kreneng,2024-02-13,45000.0,45000.0,46992.857142857145,0,0,0
2,Kota Singaraja,2024-02-13,46250.0,45000.0,46250.0,0,0,0
a,Pasar Anyar,2024-02-13,50000.0,46250.0,46964.28571428572,0,0,0
b,Pasar Banyuasri,2024-02-13,42500.0,50000.0,45628.57142857143,0,0,0
b,Pasar Banyuasri,2024-02-14,45000.0,42500.0,45535.71428571428,0,0,0
a,Pasar Anyar,2024-02-14,50000.0,45000.0,46250.0,0,0,0
2,Kota Singaraja,2024-02-14,47500.0,50000.0,46607.142857142855,0,0,0
b,Pasar Kreneng,2024-02-14,45000.0,47500.0,46607.142857142855,0,0,0
1,Kota Denpasar,2024-02-14,45000.0,45000.0,46428.57142857143,0,0,0
II,Bali,2024-02-14,46250.0,45000.0,45892.857142857145,0,0,0
I,Semua Provinsi,2024-02-14,51350.0,46250.0,47157.142857142855,0,0,0
a,Pasar Badung,2024-02-14,45000.0,51350.0,47157.142857142855,0,0,0
I,Semua Provinsi,2024-02-15,57950.0,45000.0,48292.857142857145,0,0,0
II,Bali,2024-02-15,55500.0,57950.0,49435.71428571428,0,0,0
1,Kota Denpasar,2024-02-15,52500.0,55500.0,50507.142857142855,0,0,0
a,Pasar Badung,2024-02-15,60000.0,52500.0,52650.0,0,0,0
b,Pasar Kreneng,2024-02-15,45000.0,60000.0,52471.42857142857,0,0,0
2,Kota Singaraja,2024-02-15,58500.0,45000.0,53492.857142857145,0,0,0
a,Pasar Anyar,2024-02-15,65000.0,58500.0,56350.0,0,0,0
b,Pasar Banyuasri,2024-02-15,52000.0,65000.0,55500.0,0,0,0
b,Pasar Kreneng,2024-02-16,45000.0,52000.0,54000.0,0,0,0
a,Pasar Anyar,2024-02-16,65000.0,45000.0,55785.71428571428,0,0,0
2,Kota Singaraja,2024-02-16,64000.0,65000.0,56357.142857142855,0,0,0
b,Pasar Banyuasri,2024-02-16,63000.0,64000.0,58928.57142857143,0,0,0
a,Pasar Badung,2024-02-16,60000.0,63000.0,59142.857142857145,0,0,0
II,Bali,2024-02-16,58250.0,60000.0,58178.57142857143,0,0,0
I,Semua Provinsi,2024-02-16,61950.0,58250.0,59600.0,0,0,0
1,Kota Denpasar,2024-02-16,52500.0,61950.0,60671.42857142857,0,0,0
I,Semua Provinsi,2024-02-19,68450.0,52500.0,61164.28571428572,0,0,0
II,Bali,2024-02-19,50000.0,68450.0,59164.28571428572,0,0,0
1,Kota Denpasar,2024-02-19,60000.0,50000.0,58735.71428571428,0,0,0
a,Pasar Badung,2024-02-19,65000.0,60000.0,59450.0,0,0,0
b,Pasar Kreneng,2024-02-19,55000.0,65000.0,58985.71428571428,0,0,0
2,Kota Singaraja,2024-02-19,40000.0,55000.0,55850.0,0,0,0
a,Pasar Anyar,2024-02-19,40000.0,40000.0,54064.28571428572,0,0,0
b,Pasar Banyuasri,2024-02-19,40000.0,40000.0,50000.0,0,0,0
b,Pasar Banyuasri,2024-02-20,66500.0,40000.0,52357.142857142855,0,0,0
a,Pasar Anyar,2024-02-20,66500.0,66500.0,53285.71428571428,0,0,0
2,Kota Singaraja,2024-02-20,66500.0,66500.0,53500.0,0,0,0
b,Pasar Kreneng,2024-02-20,55000.0,66500.0,53500.0,0,0,0
a,Pasar Badung,2024-02-20,65000.0,55000.0,57071.42857142857,0,0,0
1,Kota Denpasar,2024-02-20,60000.0,65000.0,59928.57142857143,0,0,0
II,Bali,2024-02-20,63250.0,60000.0,63250.0,0,0,0
I,Semua Provinsi,2024-02-20,71100.0,63250.0,63907.142857142855,0,0,0
I,Semua Provinsi,2024-02-21,72050.0,71100.0,64700.0,1,0,0
II,Bali,2024-02-21,69900.0,72050.0,65185.71428571428,1,0,0
1,Kota Denpasar,2024-02-21,65000.0,69900.0,66614.28571428571,1,0,0
a,Pasar Badung,2024-02-21,75000.0,65000.0,68042.85714285714,1,0,0
b,Pasar Kreneng,2024-02-21,55000.0,75000.0,67328.57142857143,1,0,0
2,Kota Singaraja,2024-02-21,74750.0,55000.0,68971.42857142857,1,0,0
a,Pasar Anyar,2024-02-21,75000.0,74750.0,69528.57142857143,1,0,0
b,Pasar Banyuasri,2024-02-21,74500.0,75000.0,69878.57142857143,1,0,0
a,Pasar Anyar,2024-02-22,75000.0,74500.0,70607.14285714286,1,0,0
2,Kota Singaraja,2024-02-22,74750.0,75000.0,72000.0,1,0,0
b,Pasar Kreneng,2024-02-22,55000.0,74750.0,69142.85714285714,1,0,0
b,Pasar Banyuasri,2024-02-22,74500.0,55000.0,71928.57142857143,1,0,0
1,Kota Denpasar,2024-02-22,65000.0,74500.0,70535.71428571429,1,0,0
II,Bali,2024-02-22,69900.0,65000.0,69807.14285714286,1,0,0
I,Semua Provinsi,2024-02-22,71950.0,69900.0,69442.85714285714,1,0,0
a,Pasar Badung,2024-02-22,75000.0,71950.0,69442.85714285714,1,0,0
I,Semua Provinsi,2024-02-23,70950.0,75000.0,68900.0,1,0,0
II,Bali,2024-02-23,69900.0,70950.0,71028.57142857143,1,0,0
1,Kota Denpasar,2024-02-23,65000.0,69900.0,69671.42857142857,1,0,0
a,Pasar Badung,2024-02-23,75000.0,65000.0,71100.0,1,0,0
b,Pasar Kreneng,2024-02-23,55000.0,75000.0,68971.42857142857,1,0,0
2,Kota Singaraja,2024-02-23,74750.0,55000.0,69371.42857142857,1,0,0
a,Pasar Anyar,2024-02-23,75000.0,74750.0,69371.42857142857,1,0,0
b,Pasar Banyuasri,2024-02-23,74500.0,75000.0,69878.57142857143,1,0,0
a,Pasar Anyar,2024-02-26,40000.0,74500.0,65607.14285714286,1,0,0
2,Kota Singaraja,2024-02-26,40000.0,40000.0,62035.71428571428,1,0,0
b,Pasar Kreneng,2024-02-26,55000.0,40000.0,59178.57142857143,1,0,0
b,Pasar Banyuasri,2024-02-26,40000.0,55000.0,57035.71428571428,1,0,0
1,Kota Denpasar,2024-02-26,60000.0,40000.0,54928.57142857143,1,0,0
II,Bali,2024-02-26,50000.0,60000.0,51357.142857142855,1,0,0
I,Semua Provinsi,2024-02-26,68300.0,50000.0,50471.42857142857,1,0,0
a,Pasar Badung,2024-02-26,65000.0,68300.0,54042.857142857145,1,0,0
a,Pasar Anyar,2024-02-27,65000.0,65000.0,57614.28571428572,1,0,0
2,Kota Singaraja,2024-02-27,62500.0,65000.0,58685.71428571428,1,0,0
b,Pasar Kreneng,2024-02-27,55000.0,62500.0,60828.57142857143,1,0,0
b,Pasar Banyuasri,2024-02-27,60000.0,55000.0,60828.57142857143,1,0,0
1,Kota Denpasar,2024-02-27,60000.0,60000.0,62257.142857142855,1,0,0
II,Bali,2024-02-27,61250.0,60000.0,61250.0,1,0,0
I,Semua Provinsi,2024-02-27,69150.0,61250.0,61842.857142857145,1,0,0
a,Pasar Badung,2024-02-27,65000.0,69150.0,61842.857142857145,1,0,0
I,Semua Provinsi,2024-02-28,69150.0,65000.0,62792.857142857145,0,1,0
II,Bali,2024-02-28,61250.0,69150.0,63685.71428571428,0,1,0
1,Kota Denpasar,2024-02-28,60000.0,61250.0,63685.71428571428,0,1,0
a,Pasar Badung,2024-02-28,65000.0,60000.0,64400.0,0,1,0
b,Pasar Kreneng,2024-02-28,55000.0,65000.0,63507.142857142855,0,1,0
2,Kota Singaraja,2024-02-28,62500.0,55000.0,62557.142857142855,0,1,0
a,Pasar Anyar,2024-02-28,65000.0,62500.0,62557.142857142855,0,1,0
b,Pasar Banyuasri,2024-02-28,60000.0,65000.0,61250.0,0,1,0
2,Kota Singaraja,2024-02-29,59500.0,60000.0,61000.0,0,0,1
b,Pasar Banyuasri,2024-02-29,54000.0,59500.0,60142.857142857145,0,0,1
b,Pasar Kreneng,2024-02-29,55000.0,54000.0,58714.28571428572,0,0,1
a,Pasar Anyar,2024-02-29,65000.0,55000.0,60142.857142857145,0,0,1
1,Kota Denpasar,2024-02-29,60000.0,65000.0,59785.71428571428,0,0,1
II,Bali,2024-02-29,59750.0,60000.0,59035.71428571428,0,0,1
a,Pasar Badung,2024-02-29,65000.0,59750.0,59750.0,0,0,1
I,Semua Provinsi,2024-02-29,68500.0,65000.0,61035.71428571428,0,0,1
I,Semua Provinsi,2024-03-01,67900.0,68500.0,63021.42857142857,0,0,1
II,Bali,2024-03-01,55250.0,67900.0,63057.142857142855,0,0,1
1,Kota Denpasar,2024-03-01,55000.0,55250.0,61628.57142857143,0,0,1
a,Pasar Badung,2024-03-01,55000.0,55000.0,60914.28571428572,0,0,1
b,Pasar Kreneng,2024-03-01,55000.0,55000.0,60235.71428571428,0,0,1
2,Kota Singaraja,2024-03-01,55500.0,55000.0,58878.57142857143,0,0,1
a,Pasar Anyar,2024-03-01,60000.0,55500.0,57664.28571428572,0,0,1
b,Pasar Banyuasri,2024-03-01,51000.0,60000.0,55250.0,0,0,1
b,Pasar Banyuasri,2024-03-04,40000.0,51000.0,53071.42857142857,1,0,0
a,Pasar Anyar,2024-03-04,39500.0,40000.0,50857.142857142855,1,0,0
2,Kota Singaraja,2024-03-04,39750.0,39500.0,48678.57142857143,1,0,0
b,Pasar Kreneng,2024-03-04,55000.0,39750.0,48678.57142857143,1,0,0
a,Pasar Badung,2024-03-04,50000.0,55000.0,47892.857142857145,1,0,0
1,Kota Denpasar,2024-03-04,52500.0,50000.0,46821.42857142857,1,0,0
II,Bali,2024-03-04,46150.0,52500.0,46128.57142857143,1,0,0
I,Semua Provinsi,2024-03-04,68200.0,46150.0,50157.142857142855,1,0,0
I,Semua Provinsi,2024-03-05,68700.0,68200.0,54328.57142857143,1,0,0
II,Bali,2024-03-05,57000.0,68700.0,56792.857142857145,1,0,0
1,Kota Denpasar,2024-03-05,57500.0,57000.0,57150.0,1,0,0
a,Pasar Badung,2024-03-05,60000.0,57500.0,58578.57142857143,1,0,0
b,Pasar Kreneng,2024-03-05,55000.0,60000.0,58935.71428571428,1,0,0
2,Kota Singaraja,2024-03-05,56500.0,55000.0,60414.28571428572,1,0,0
a,Pasar Anyar,2024-03-05,60000.0,56500.0,59242.857142857145,1,0,0
b,Pasar Banyuasri,2024-03-05,53000.0,60000.0,57000.0,1,0,0
b,Pasar Banyuasri,2024-03-06,54000.0,53000.0,56571.42857142857,1,0,0
a,Pasar Anyar,2024-03-06,57500.0,54000.0,56571.42857142857,1,0,0
2,Kota Singaraja,2024-03-06,55750.0,57500.0,55964.28571428572,1,0,0
b,Pasar Kreneng,2024-03-06,55000.0,55750.0,55964.28571428572,1,0,0
a,Pasar Badung,2024-03-06,60000.0,55000.0,56464.28571428572,1,0,0
1,Kota Denpasar,2024-03-06,57500.0,60000.0,56107.142857142855,1,0,0
II,Bali,2024-03-06,56650.0,57500.0,56628.57142857143,1,0,0
I,Semua Provinsi,2024-03-06,67700.0,56650.0,58585.71428571428,1,0,0
I,Semua Provinsi,2024-03-07,67450.0,67700.0,60007.142857142855,1,0,0
II,Bali,2024-03-07,57900.0,67450.0,60314.28571428572,1,0,0
1,Kota Denpasar,2024-03-07,57500.0,57900.0,60671.42857142857,1,0,0
a,Pasar Badung,2024-03-07,60000.0,57500.0,60671.42857142857,1,0,0
b,Pasar Kreneng,2024-03-07,55000.0,60000.0,60314.28571428572,1,0,0
2,Kota Singaraja,2024-03-07,58250.0,55000.0,60542.857142857145,1,0,0
a,Pasar Anyar,2024-03-07,60000.0,58250.0,59442.857142857145,1,0,0
b,Pasar Banyuasri,2024-03-07,56500.0,60000.0,57878.57142857143,1,0,0
b,Pasar Banyuasri,2024-03-08,56500.0,56500.0,57678.57142857143,1,0,0
a,Pasar Anyar,2024-03-08,60000.0,56500.0,58035.71428571428,1,0,0
2,Kota Singaraja,2024-03-08,58250.0,60000.0,57785.71428571428,1,0,0
b,Pasar Kreneng,2024-03-08,55000.0,58250.0,57785.71428571428,1,0,0
a,Pasar Badung,2024-03-08,60000.0,55000.0,58035.71428571428,1,0,0
1,Kota Denpasar,2024-03-08,57500.0,60000.0,57678.57142857143,1,0,0
II,Bali,2024-03-08,57900.0,57500.0,57878.57142857143,1,0,0
I,Semua Provinsi,2024-03-08,67350.0,57900.0,59428.57142857143,1,0,0
I,Semua Provinsi,2024-03-11,67300.0,67350.0,60471.42857142857,0,1,1
II,Bali,2024-03-11,57900.0,67300.0,60421.42857142857,0,1,1
1,Kota Denpasar,2024-03-11,57500.0,57900.0,60778.57142857143,0,1,1
a,Pasar Badung,2024-03-11,60000.0,57500.0,60778.57142857143,0,1,1
b,Pasar Kreneng,2024-03-11,55000.0,60000.0,60421.42857142857,0,1,1
2,Kota Singaraja,2024-03-11,58250.0,55000.0,60471.42857142857,0,1,1
a,Pasar Anyar,2024-03-11,60000.0,58250.0,59421.42857142857,0,1,1
b,Pasar Banyuasri,2024-03-11,56500.0,60000.0,57878.57142857143,0,1,1
a,Pasar Anyar,2024-03-12,60000.0,56500.0,58178.57142857143,0,0,1
2,Kota Singaraja,2024-03-12,58250.0,60000.0,58285.71428571428,0,0,1
b,Pasar Kreneng,2024-03-12,55000.0,58250.0,57571.42857142857,0,0,1
b,Pasar Banyuasri,2024-03-12,56500.0,55000.0,57785.71428571428,0,0,1
1,Kota Denpasar,2024-03-12,57500.0,56500.0,57678.57142857143,0,0,1
II,Bali,2024-03-12,57900.0,57500.0,57378.57142857143,0,0,1
I,Semua Provinsi,2024-03-12,67300.0,57900.0,58921.42857142857,0,0,1
a,Pasar Badung,2024-03-12,60000.0,67300.0,58921.42857142857,0,0,1
I,Semua Provinsi,2024-03-13,72050.0,60000.0,60892.857142857145,0,0,1
II,Bali,2024-03-13,61900.0,72050.0,61878.57142857143,0,0,1
1,Kota Denpasar,2024-03-13,58750.0,61900.0,62200.0,0,0,1
a,Pasar Badung,2024-03-13,60000.0,58750.0,62557.142857142855,0,0,1
b,Pasar Kreneng,2024-03-13,57500.0,60000.0,62500.0,0,0,1
2,Kota Singaraja,2024-03-13,65000.0,57500.0,62171.42857142857,0,0,1
a,Pasar Anyar,2024-03-13,70000.0,65000.0,63600.0,0,0,1
b,Pasar Banyuasri,2024-03-13,60000.0,70000.0,61878.57142857143,0,0,1
b,Pasar Banyuasri,2024-03-14,55000.0,60000.0,60892.857142857145,0,0,1
a,Pasar Anyar,2024-03-14,60000.0,55000.0,61071.42857142857,0,0,1
2,Kota Singaraja,2024-03-14,57500.0,60000.0,60714.28571428572,0,0,1
b,Pasar Kreneng,2024-03-14,57500.0,57500.0,60714.28571428572,0,0,1
a,Pasar Badung,2024-03-14,50000.0,57500.0,58571.42857142857,0,0,1
1,Kota Denpasar,2024-03-14,53750.0,50000.0,56250.0,0,0,1
II,Bali,2024-03-14,55650.0,53750.0,55628.57142857143,0,0,1
I,Semua Provinsi,2024-03-14,70450.0,55650.0,57835.71428571428,0,0,1
I,Semua Provinsi,2024-03-15,69650.0,70450.0,59214.28571428572,0,0,0
II,Bali,2024-03-15,52250.0,69650.0,58464.28571428572,0,0,0
1,Kota Denpasar,2024-03-15,53750.0,52250.0,57928.57142857143,0,0,0
a,Pasar Badung,2024-03-15,50000.0,53750.0,57928.57142857143,0,0,0
b,Pasar Kreneng,2024-03-15,57500.0,50000.0,58464.28571428572,0,0,0
2,Kota Singaraja,2024-03-15,50750.0,57500.0,57764.28571428572,0,0,0
a,Pasar Anyar,2024-03-15,50000.0,50750.0,54842.857142857145,0,0,0
b,Pasar Banyuasri,2024-03-15,51500.0,50000.0,52250.0,0,0,0
a,Pasar Anyar,2024-03-18,40000.0,51500.0,50500.0,0,0,0
2,Kota Singaraja,2024-03-18,44500.0,40000.0,49178.57142857143,0,0,0
b,Pasar Kreneng,2024-03-18,50000.0,44500.0,49178.57142857143,0,0,0
b,Pasar Banyuasri,2024-03-18,49000.0,50000.0,47964.28571428572,0,0,0
1,Kota Denpasar,2024-03-18,52500.0,49000.0,48214.28571428572,0,0,0
II,Bali,2024-03-18,48500.0,52500.0,48000.0,0,0,0
I,Semua Provinsi,2024-03-18,62250.0,48500.0,49535.71428571428,0,0,0
a,Pasar Badung,2024-03-18,55000.0,62250.0,51678.57142857143,0,0,0
I,Semua Provinsi,2024-03-19,60800.0,55000.0,54007.142857142855,0,0,0
II,Bali,2024-03-19,48250.0,60800.0,53757.142857142855,0,0,0
1,Kota Denpasar,2024-03-19,50000.0,48250.0,53900.0,0,0,0
a,Pasar Badung,2024-03-19,50000.0,50000.0,53542.857142857145,0,0,0
b,Pasar Kreneng,2024-03-19,50000.0,50000.0,53757.142857142855,0,0,0
2,Kota Singaraja,2024-03-19,46500.0,50000.0,51507.142857142855,0,0,0
a,Pasar Anyar,2024-03-19,45000.0,46500.0,50078.57142857143,0,0,0
b,Pasar Banyuasri,2024-03-19,48000.0,45000.0,48250.0,0,0,0
a,Pasar Anyar,2024-03-20,42500.0,48000.0,47428.57142857143,0,0,0
2,Kota Singaraja,2024-03-20,40000.0,42500.0,46000.0,0,0,0
b,Pasar Kreneng,2024-03-20,45000.0,40000.0,45285.71428571428,0,0,0
b,Pasar Banyuasri,2024-03-20,37500.0,45000.0,43500.0,0,0,0
1,Kota Denpasar,2024-03-20,40000.0,37500.0,42571.42857142857,0,0,0
II,Bali,2024-03-20,40000.0,40000.0,41857.142857142855,0,0,0
I,Semua Provinsi,2024-03-20,58550.0,40000.0,43364.28571428572,0,0,0
a,Pasar Badung,2024-03-20,35000.0,58550.0,42292.857142857145,0,0,0
a,Pasar Anyar,2024-03-21,37500.0,35000.0,41935.71428571428,0,0,0
2,Kota Singaraja,2024-03-21,35000.0,37500.0,40507.142857142855,0,0,0
b,Pasar Kreneng,2024-03-21,45000.0,35000.0,41578.57142857143,0,0,0
b,Pasar Banyuasri,2024-03-21,32500.0,45000.0,40507.142857142855,0,0,0
1,Kota Denpasar,2024-03-21,37500.0,32500.0,40150.0,0,0,0
II,Bali,2024-03-21,36250.0,37500.0,36964.28571428572,0,0,0
I,Semua Provinsi,2024-03-21,56800.0,36250.0,40078.57142857143,0,0,0
a,Pasar Badung,2024-03-21,30000.0,56800.0,39007.142857142855,0,0,0
I,Semua Provinsi,2024-03-22,55550.0,30000.0,41942.857142857145,0,0,0
II,Bali,2024-03-22,38750.0,55550.0,41050.0,0,0,0
1,Kota Denpasar,2024-03-22,42500.0,38750.0,42478.57142857143,0,0,0
a,Pasar Badung,2024-03-22,40000.0,42500.0,42835.71428571428,0,0,0
b,Pasar Kreneng,2024-03-22,45000.0,40000.0,44085.71428571428,0,0,0
2,Kota Singaraja,2024-03-22,35000.0,45000.0,40971.42857142857,0,0,0
a,Pasar Anyar,2024-03-22,35000.0,35000.0,41685.71428571428,0,0,0
b,Pasar Banyuasri,2024-03-22,35000.0,35000.0,38750.0,0,0,0
2,Kota Singaraja,2024-03-25,28000.0,35000.0,37214.28571428572,0,0,0
b,Pasar Banyuasri,2024-03-25,26000.0,28000.0,34857.142857142855,0,0,0
a,Pasar Anyar,2024-03-25,30000.0,26000.0,33428.57142857143,0,0,0
b,Pasar Kreneng,2024-03-25,45000.0,30000.0,33428.57142857143,0,0,0
a,Pasar Badung,2024-03-25,30000.0,45000.0,32714.285714285714,0,0,0
1,Kota Denpasar,2024-03-25,37500.0,30000.0,33071.42857142857,0,0,0
II,Bali,2024-03-25,32750.0,37500.0,32750.0,0,0,0
I,Semua Provinsi,2024-03-25,53300.0,32750.0,36364.28571428572,0,0,0
I,Semua Provinsi,2024-03-26,53050.0,53300.0,40228.57142857143,0,0,0
II,Bali,2024-03-26,32400.0,53050.0,40571.42857142857,0,0,0
1,Kota Denpasar,2024-03-26,35000.0,32400.0,39142.857142857145,0,0,0
a,Pasar Badung,2024-03-26,30000.0,35000.0,39142.857142857145,0,0,0
b,Pasar Kreneng,2024-03-26,40000.0,30000.0,39500.0,0,0,0
2,Kota Singaraja,2024-03-26,29750.0,40000.0,39071.42857142857,0,0,0
a,Pasar Anyar,2024-03-26,29500.0,29750.0,35671.42857142857,0,0,0
b,Pasar Banyuasri,2024-03-26,30000.0,29500.0,32378.571428571428,0,0,0
b,Pasar Banyuasri,2024-03-27,29000.0,30000.0,31892.85714285714,0,0,0
a,Pasar Anyar,2024-03-27,29500.0,29000.0,31107.14285714286,0,0,0
2,Kota Singaraja,2024-03-27,29250.0,29500.0,31000.0,0,0,0
b,Pasar Kreneng,2024-03-27,40000.0,29250.0,31000.0,0,0,0
I,Semua Provinsi,2024-03-27,52600.0,40000.0,34264.28571428572,0,0,0
1,Kota Denpasar,2024-03-27,35000.0,52600.0,35050.0,0,0,0
II,Bali,2024-03-27,32150.0,35000.0,35357.142857142855,0,0,0
a,Pasar Badung,2024-03-27,30000.0,32150.0,35500.0,0,0,0
2,Kota Singaraja,2024-03-28,28250.0,30000.0,35321.42857142857,0,0,0
b,Pasar Banyuasri,2024-03-28,27000.0,28250.0,35000.0,0,0,0
a,Pasar Anyar,2024-03-28,29500.0,27000.0,33500.0,0,0,0
b,Pasar Kreneng,2024-03-28,40000.0,29500.0,31700.0,0,0,0
I,Semua Provinsi,2024-03-28,52300.0,40000.0,34171.42857142857,0,0,0
1,Kota Denpasar,2024-03-28,35000.0,52300.0,34578.57142857143,0,0,0
II,Bali,2024-03-28,31650.0,35000.0,34814.28571428572,0,0,0
a,Pasar Badung,2024-03-28,30000.0,31650.0,35064.28571428572,0,0,0
I,Semua Provinsi,2024-03-29,52450.0,30000.0,38700.0,0,0,0
II,Bali,2024-03-29,31650.0,52450.0,39007.142857142855,0,0,0
1,Kota Denpasar,2024-03-29,35000.0,31650.0,38292.857142857145,0,0,0
a,Pasar Badung,2024-03-29,30000.0,35000.0,35107.142857142855,0,0,0
b,Pasar Kreneng,2024-03-29,40000.0,30000.0,35821.42857142857,0,0,0
2,Kota Singaraja,2024-03-29,28250.0,40000.0,35335.71428571428,0,0,0
a,Pasar Anyar,2024-03-29,29500.0,28250.0,35264.28571428572,0,0,0
b,Pasar Banyuasri,2024-03-29,27000.0,29500.0,31628.571428571428,0,0,0
2,Kota Singaraja,2024-04-01,27500.0,27000.0,31035.714285714286,0,0,0
b,Pasar Banyuasri,2024-04-01,27000.0,27500.0,29892.85714285714,0,0,0
a,Pasar Anyar,2024-04-01,28000.0,27000.0,29607.14285714286,0,0,0
b,Pasar Kreneng,2024-04-01,40000.0,28000.0,29607.14285714286,0,0,0
I,Semua Provinsi,2024-04-01,52700.0,40000.0,33100.0,0,0,0
1,Kota Denpasar,2024-04-01,37500.0,52700.0,34242.857142857145,0,0,0
II,Bali,2024-04-01,32500.0,37500.0,35028.57142857143,0,0,0
a,Pasar Badung,2024-04-01,35000.0,32500.0,36100.0,0,0,0
I,Semua Provinsi,2024-04-02,53700.0,35000.0,39914.28571428572,0,0,0
II,Bali,2024-04-02,34750.0,53700.0,40878.57142857143,0,0,0
1,Kota Denpasar,2024-04-02,37500.0,34750.0,40521.42857142857,0,0,0
a,Pasar Badung,2024-04-02,35000.0,37500.0,37992.857142857145,0,0,0
b,Pasar Kreneng,2024-04-02,40000.0,35000.0,38350.0,0,0,0
2,Kota Singaraja,2024-04-02,32000.0,40000.0,38278.57142857143,0,0,0
a,Pasar Anyar,2024-04-02,31500.0,32000.0,37778.57142857143,0,0,0
b,Pasar Banyuasri,2024-04-02,32500.0,31500.0,34750.0,0,0,0
b,Pasar Banyuasri,2024-04-03,30000.0,32500.0,34071.42857142857,0,0,0
a,Pasar Anyar,2024-04-03,31000.0,30000.0,33142.857142857145,0,0,0
2,Kota Singaraja,2024-04-03,30500.0,31000.0,32500.0,0,0,0
b,Pasar Kreneng,2024-04-03,40000.0,30500.0,32500.0,0,0,0
1,Kota Denpasar,2024-04-03,37500.0,40000.0,33285.71428571428,0,0,0
II,Bali,2024-04-03,34000.0,37500.0,33642.857142857145,0,0,0
I,Semua Provinsi,2024-04-03,53600.0,34000.0,36657.142857142855,0,0,0
a,Pasar Badung,2024-04-03,35000.0,53600.0,37371.42857142857,0,0,0
I,Semua Provinsi,2024-04-04,53250.0,35000.0,40550.0,0,0,0
II,Bali,2024-04-04,33400.0,53250.0,40964.28571428572,0,0,0
1,Kota Denpasar,2024-04-04,37500.0,33400.0,40607.142857142855,0,0,0
a,Pasar Badung,2024-04-04,35000.0,37500.0,40250.0,0,0,0
b,Pasar Kreneng,2024-04-04,40000.0,35000.0,41107.142857142855,0,0,0
2,Kota Singaraja,2024-04-04,29250.0,40000.0,37628.57142857143,0,0,0
a,Pasar Anyar,2024-04-04,31000.0,29250.0,37057.142857142855,0,0,0
b,Pasar Banyuasri,2024-04-04,27500.0,31000.0,33378.57142857143,0,0,0
2,Kota Singaraja,2024-04-05,30000.0,27500.0,32892.857142857145,0,0,0
b,Pasar Banyuasri,2024-04-05,29000.0,30000.0,31678.571428571428,0,0,0
a,Pasar Anyar,2024-04-05,31000.0,29000.0,31107.14285714286,0,0,0
b,Pasar Kreneng,2024-04-05,40000.0,31000.0,31107.14285714286,0,0,0
I,Semua Provinsi,2024-04-05,54250.0,40000.0,34678.57142857143,0,0,0
1,Kota Denpasar,2024-04-05,37500.0,54250.0,35607.142857142855,0,0,0
a,Pasar Badung,2024-04-05,35000.0,37500.0,36678.57142857143,0,0,0
II,Bali,2024-04-05,33750.0,35000.0,37214.28571428572,0,0,0
I,Semua Provinsi,2024-04-08,55050.0,33750.0,40935.71428571428,0,0,0
II,Bali,2024-04-08,35900.0,55050.0,41635.71428571428,0,0,0
1,Kota Denpasar,2024-04-08,40000.0,35900.0,41635.71428571428,0,0,0
a,Pasar Badung,2024-04-08,40000.0,40000.0,39600.0,0,0,0
b,Pasar Kreneng,2024-04-08,40000.0,40000.0,39957.142857142855,0,0,0
2,Kota Singaraja,2024-04-08,31750.0,40000.0,39492.857142857145,0,0,0
a,Pasar Anyar,2024-04-08,32000.0,31750.0,39242.857142857145,0,0,0
b,Pasar Banyuasri,2024-04-08,31500.0,32000.0,35878.57142857143,0,0,0
b,Pasar Kreneng,2024-04-09,40000.0,31500.0,36464.28571428572,0,0,0
b,Pasar Banyuasri,2024-04-09,30000.0,40000.0,35035.71428571428,0,0,0
a,Pasar Anyar,2024-04-09,35000.0,30000.0,34321.42857142857,0,0,0
2,Kota Singaraja,2024-04-09,32500.0,35000.0,33250.0,0,0,0
a,Pasar Badung,2024-04-09,40000.0,32500.0,34428.57142857143,0,0,0
1,Kota Denpasar,2024-04-09,40000.0,40000.0,35571.42857142857,0,0,0
II,Bali,2024-04-09,36250.0,40000.0,36250.0,0,0,0
I,Semua Provinsi,2024-04-09,55250.0,36250.0,38428.57142857143,0,0,0
I,Semua Provinsi,2024-04-10,54900.0,55250.0,41985.71428571428,0,0,0
II,Bali,2024-04-10,36250.0,54900.0,42164.28571428572,0,0,0
1,Kota Denpasar,2024-04-10,40000.0,36250.0,43235.71428571428,0,0,0
a,Pasar Badung,2024-04-10,40000.0,40000.0,43235.71428571428,0,0,0
b,Pasar Kreneng,2024-04-10,40000.0,40000.0,43235.71428571428,0,0,0
2,Kota Singaraja,2024-04-10,32500.0,40000.0,42700.0,0,0,0
a,Pasar Anyar,2024-04-10,35000.0,32500.0,39807.142857142855,0,0,0
b,Pasar Banyuasri,2024-04-10,30000.0,35000.0,36250.0,0,0,0
a,Pasar Anyar,2024-04-11,35000.0,30000.0,36071.42857142857,0,0,0
2,Kota Singaraja,2024-04-11,32500.0,35000.0,35000.0,0,0,0
b,Pasar Banyuasri,2024-04-11,30000.0,32500.0,33571.42857142857,0,0,0
b,Pasar Kreneng,2024-04-11,40000.0,30000.0,33571.42857142857,0,0,0
1,Kota Denpasar,2024-04-11,40000.0,40000.0,34642.857142857145,0,0,0
II,Bali,2024-04-11,36250.0,40000.0,34821.42857142857,0,0,0
I,Semua Provinsi,2024-04-11,54900.0,36250.0,38378.57142857143,0,0,0
a,Pasar Badung,2024-04-11,40000.0,54900.0,39092.857142857145,0,0,0
I,Semua Provinsi,2024-04-12,55800.0,40000.0,42421.42857142857,0,0,0
II,Bali,2024-04-12,47000.0,55800.0,44850.0,0,0,0
1,Kota Denpasar,2024-04-12,40000.0,47000.0,44850.0,0,0,0
a,Pasar Badung,2024-04-12,40000.0,40000.0,44850.0,0,0,0
b,Pasar Kreneng,2024-04-12,40000.0,40000.0,45385.71428571428,0,0,0
2,Kota Singaraja,2024-04-12,54000.0,40000.0,45257.142857142855,0,0,0
a,Pasar Anyar,2024-04-12,57500.0,54000.0,47757.142857142855,0,0,0
b,Pasar Banyuasri,2024-04-12,50500.0,57500.0,47000.0,0,0,0
b,Pasar Banyuasri,2024-04-15,29000.0,50500.0,44428.57142857143,0,0,0
a,Pasar Anyar,2024-04-15,29000.0,29000.0,42857.142857142855,0,0,0
2,Kota Singaraja,2024-04-15,29000.0,29000.0,41285.71428571428,0,0,0
b,Pasar Kreneng,2024-04-15,40000.0,29000.0,41285.71428571428,0,0,0
a,Pasar Badung,2024-04-15,40000.0,40000.0,39285.71428571428,0,0,0
II,Bali,2024-04-15,34500.0,40000.0,36000.0,0,0,0
I,Semua Provinsi,2024-04-15,55200.0,34500.0,36671.42857142857,0,0,0
1,Kota Denpasar,2024-04-15,40000.0,55200.0,38242.857142857145,0,0,0
I,Semua Provinsi,2024-04-16,57650.0,40000.0,42335.71428571428,0,0,0
II,Bali,2024-04-16,32000.0,57650.0,42764.28571428572,0,0,0
1,Kota Denpasar,2024-04-16,37500.0,32000.0,42407.142857142855,0,0,0
a,Pasar Badung,2024-04-16,35000.0,37500.0,41692.857142857145,0,0,0
b,Pasar Kreneng,2024-04-16,40000.0,35000.0,42478.57142857143,0,0,0
2,Kota Singaraja,2024-04-16,26500.0,40000.0,38378.57142857143,0,0,0
a,Pasar Anyar,2024-04-16,26000.0,26500.0,36378.57142857143,0,0,0
b,Pasar Banyuasri,2024-04-16,27000.0,26000.0,32000.0,0,0,0
2,Kota Singaraja,2024-04-17,25000.0,27000.0,31000.0,0,0,0
b,Pasar Banyuasri,2024-04-17,25000.0,25000.0,29214.285714285714,0,0,0
a,Pasar Anyar,2024-04-17,25000.0,25000.0,27785.714285714286,0,0,0
b,Pasar Kreneng,2024-04-17,40000.0,25000.0,27785.714285714286,0,0,0
a,Pasar Badung,2024-04-17,35000.0,40000.0,29000.0,0,0,0
1,Kota Denpasar,2024-04-17,37500.0,35000.0,30642.85714285714,0,0,0
II,Bali,2024-04-17,31250.0,37500.0,31250.0,0,0,0
I,Semua Provinsi,2024-04-17,57350.0,31250.0,35871.42857142857,0,0,0
I,Semua Provinsi,2024-04-18,55750.0,57350.0,40264.28571428572,0,0,0
II,Bali,2024-04-18,31500.0,55750.0,41192.857142857145,0,0,0
1,Kota Denpasar,2024-04-18,35000.0,31500.0,40478.57142857143,0,0,0
a,Pasar Badung,2024-04-18,35000.0,35000.0,40478.57142857143,0,0,0
b,Pasar Kreneng,2024-04-18,35000.0,35000.0,40121.42857142857,0,0,0
2,Kota Singaraja,2024-04-18,28000.0,35000.0,39657.142857142855,0,0,0
a,Pasar Anyar,2024-04-18,29000.0,28000.0,35607.142857142855,0,0,0
b,Pasar Banyuasri,2024-04-18,27000.0,29000.0,31500.0,0,0,0
b,Pasar Banyuasri,2024-04-19,29000.0,27000.0,31142.85714285714,0,0,0
a,Pasar Anyar,2024-04-19,29000.0,29000.0,30285.714285714286,0,0,0
2,Kota Singaraja,2024-04-19,29000.0,29000.0,29428.571428571428,0,0,0
b,Pasar Kreneng,2024-04-19,35000.0,29000.0,29428.571428571428,0,0,0
I,Semua Provinsi,2024-04-19,55500.0,35000.0,33357.142857142855,0,0,0
1,Kota Denpasar,2024-04-19,35000.0,55500.0,34214.28571428572,0,0,0
II,Bali,2024-04-19,32000.0,35000.0,34928.57142857143,0,0,0
a,Pasar Badung,2024-04-19,35000.0,32000.0,35785.71428571428,0,0,0
2,Kota Singaraja,2024-04-22,35000.0,35000.0,36642.857142857145,0,0,0
b,Pasar Banyuasri,2024-04-22,35000.0,35000.0,37500.0,0,0,0
a,Pasar Anyar,2024-04-22,35000.0,35000.0,37500.0,0,0,0
b,Pasar Kreneng,2024-04-22,35000.0,35000.0,34571.42857142857,0,0,0
I,Semua Provinsi,2024-04-22,56900.0,35000.0,37700.0,0,0,0
1,Kota Denpasar,2024-04-22,35000.0,56900.0,38128.57142857143,0,0,0
II,Bali,2024-04-22,35000.0,35000.0,38128.57142857143,0,0,0
a,Pasar Badung,2024-04-22,35000.0,35000.0,38128.57142857143,0,0,0
I,Semua Provinsi,2024-04-23,56550.0,35000.0,41207.142857142855,0,0,0
II,Bali,2024-04-23,35500.0,56550.0,41278.57142857143,0,0,0
1,Kota Denpasar,2024-04-23,37500.0,35500.0,41635.71428571428,0,0,0
a,Pasar Badung,2024-04-23,35000.0,37500.0,38507.142857142855,0,0,0
b,Pasar Kreneng,2024-04-23,40000.0,35000.0,39221.42857142857,0,0,0
2,Kota Singaraja,2024-04-23,33500.0,40000.0,39007.142857142855,0,0,0
a,Pasar Anyar,2024-04-23,35000.0,33500.0,39007.142857142855,0,0,0
b,Pasar Banyuasri,2024-04-23,32000.0,35000.0,35500.0,0,0,0
2,Kota Singaraja,2024-04-24,32750.0,32000.0,35107.142857142855,0,0,0
b,Pasar Banyuasri,2024-04-24,30500.0,32750.0,34107.142857142855,0,0,0
a,Pasar Anyar,2024-04-24,35000.0,30500.0,34107.142857142855,0,0,0
b,Pasar Kreneng,2024-04-24,40000.0,35000.0,34107.142857142855,0,0,0
I,Semua Provinsi,2024-04-24,56150.0,40000.0,37342.857142857145,0,0,0
1,Kota Denpasar,2024-04-24,37500.0,56150.0,37700.0,0,0,0
II,Bali,2024-04-24,35150.0,37500.0,38150.0,0,0,0
a,Pasar Badung,2024-04-24,35000.0,35150.0,38471.42857142857,0,0,0
I,Semua Provinsi,2024-04-25,56150.0,35000.0,42135.71428571428,0,0,0
II,Bali,2024-04-25,35000.0,56150.0,42135.71428571428,0,0,0
1,Kota Denpasar,2024-04-25,37500.0,35000.0,41778.57142857143,0,0,0
a,Pasar Badung,2024-04-25,35000.0,37500.0,38757.142857142855,0,0,0
b,Pasar Kreneng,2024-04-25,40000.0,35000.0,39114.28571428572,0,0,0
2,Kota Singaraja,2024-04-25,32500.0,40000.0,38735.71428571428,0,0,0
a,Pasar Anyar,2024-04-25,35000.0,32500.0,38735.71428571428,0,0,0
b,Pasar Banyuasri,2024-04-25,30000.0,35000.0,35000.0,0,0,0
b,Pasar Banyuasri,2024-04-26,35000.0,30000.0,35000.0,0,0,0
a,Pasar Anyar,2024-04-26,35000.0,35000.0,34642.857142857145,0,0,0
2,Kota Singaraja,2024-04-26,35000.0,35000.0,34642.857142857145,0,0,0
b,Pasar Kreneng,2024-04-26,40000.0,35000.0,34642.857142857145,0,0,0
1,Kota Denpasar,2024-04-26,37500.0,40000.0,35357.142857142855,0,0,0
II,Bali,2024-04-26,36250.0,37500.0,35535.71428571428,0,0,0
I,Semua Provinsi,2024-04-26,56350.0,36250.0,39300.0,0,0,0
a,Pasar Badung,2024-04-26,35000.0,56350.0,39300.0,0,0,0
I,Semua Provinsi,2024-04-29,55650.0,35000.0,42250.0,0,0,0
II,Bali,2024-04-29,31650.0,55650.0,41771.42857142857,0,0,0
1,Kota Denpasar,2024-04-29,35000.0,31650.0,41057.142857142855,0,0,0
a,Pasar Badung,2024-04-29,35000.0,35000.0,40700.0,0,0,0
b,Pasar Kreneng,2024-04-29,35000.0,35000.0,40521.42857142857,0,0,0
2,Kota Singaraja,2024-04-29,28250.0,35000.0,36507.142857142855,0,0,0
a,Pasar Anyar,2024-04-29,32500.0,28250.0,36150.0,0,0,0
b,Pasar Banyuasri,2024-04-29,24000.0,32500.0,31628.571428571428,0,0,0
2,Kota Singaraja,2024-04-30,27750.0,24000.0,31071.428571428572,0,0,0
b,Pasar Banyuasri,2024-04-30,24000.0,27750.0,29500.0,0,0,0
a,Pasar Anyar,2024-04-30,31500.0,24000.0,29000.0,0,0,0
b,Pasar Kreneng,2024-04-30,35000.0,31500.0,29000.0,0,0,0
I,Semua Provinsi,2024-04-30,55600.0,35000.0,32907.142857142855,0,0,0
1,Kota Denpasar,2024-04-30,35000.0,55600.0,33264.28571428572,0,0,0
a,Pasar Badung,2024-04-30,35000.0,35000.0,34835.71428571428,0,0,0
II,Bali,2024-04-30,31400.0,35000.0,35357.142857142855,0,0,0
I,Semua Provinsi,2024-05-01,54650.0,31400.0,39735.71428571428,0,0,0
II,Bali,2024-05-01,31400.0,54650.0,39721.42857142857,0,0,0
1,Kota Denpasar,2024-05-01,35000.0,31400.0,39721.42857142857,0,0,0
a,Pasar Badung,2024-05-01,35000.0,35000.0,36778.57142857143,0,0,0
b,Pasar Kreneng,2024-05-01,35000.0,35000.0,36778.57142857143,0,0,0
2,Kota Singaraja,2024-05-01,27750.0,35000.0,35742.857142857145,0,0,0
a,Pasar Anyar,2024-05-01,31500.0,27750.0,35757.142857142855,0,0,0
b,Pasar Banyuasri,2024-05-01,24000.0,31500.0,31378.571428571428,0,0,0
b,Pasar Kreneng,2024-05-02,35000.0,24000.0,31892.85714285714,0,0,0
b,Pasar Banyuasri,2024-05-02,24500.0,35000.0,30392.85714285714,0,0,0
a,Pasar Anyar,2024-05-02,25000.0,24500.0,28964.285714285714,0,0,0
2,Kota Singaraja,2024-05-02,24750.0,25000.0,27500.0,0,0,0
a,Pasar Badung,2024-05-02,35000.0,24750.0,28535.714285714286,0,0,0
1,Kota Denpasar,2024-05-02,35000.0,35000.0,29035.714285714286,0,0,0
II,Bali,2024-05-02,29900.0,35000.0,29878.571428571428,0,0,0
I,Semua Provinsi,2024-05-02,55300.0,29900.0,32778.57142857143,0,0,0
I,Semua Provinsi,2024-05-03,54550.0,55300.0,37071.42857142857,0,0,0
II,Bali,2024-05-03,29250.0,54550.0,37678.57142857143,0,0,0
1,Kota Denpasar,2024-05-03,35000.0,29250.0,39142.857142857145,0,0,0
a,Pasar Badung,2024-05-03,35000.0,35000.0,39142.857142857145,0,0,0
b,Pasar Kreneng,2024-05-03,35000.0,35000.0,39142.857142857145,0,0,0
2,Kota Singaraja,2024-05-03,23500.0,35000.0,38228.57142857143,0,0,0
a,Pasar Anyar,2024-05-03,25000.0,23500.0,33900.0,0,0,0
b,Pasar Banyuasri,2024-05-03,22000.0,25000.0,29250.0,0,0,0
a,Pasar Anyar,2024-05-06,22000.0,22000.0,28214.285714285714,0,0,0
2,Kota Singaraja,2024-05-06,20000.0,22000.0,26071.428571428572,0,0,0
b,Pasar Banyuasri,2024-05-06,18000.0,20000.0,23642.85714285714,0,0,0
b,Pasar Kreneng,2024-05-06,35000.0,18000.0,23642.85714285714,0,0,0
1,Kota Denpasar,2024-05-06,30000.0,35000.0,24571.428571428572,0,0,0
II,Bali,2024-05-06,25000.0,30000.0,24571.428571428572,0,0,0
I,Semua Provinsi,2024-05-06,53550.0,25000.0,29078.571428571428,0,0,0
a,Pasar Badung,2024-05-06,25000.0,53550.0,29507.14285714286,0,0,0
I,Semua Provinsi,2024-05-07,53300.0,25000.0,34264.28571428572,0,0,0
II,Bali,2024-05-07,23750.0,53300.0,35085.71428571428,0,0,0
1,Kota Denpasar,2024-05-07,27500.0,23750.0,34014.28571428572,0,0,0
a,Pasar Badung,2024-05-07,30000.0,27500.0,34014.28571428572,0,0,0
b,Pasar Kreneng,2024-05-07,25000.0,30000.0,34014.28571428572,0,0,0
2,Kota Singaraja,2024-05-07,20000.0,25000.0,29221.428571428572,0,0,0
a,Pasar Anyar,2024-05-07,22000.0,20000.0,28792.85714285714,0,0,0
b,Pasar Banyuasri,2024-05-07,18000.0,22000.0,23750.0,0,0,0
b,Pasar Banyuasri,2024-05-08,20000.0,18000.0,23214.285714285714,0,0,0
a,Pasar Anyar,2024-05-08,21000.0,20000.0,22285.714285714286,0,0,0
2,Kota Singaraja,2024-05-08,20500.0,21000.0,20928.571428571428,0,0,0
b,Pasar Kreneng,2024-05-08,22000.0,20500.0,20500.0,0,0,0
a,Pasar Badung,2024-05-08,30000.0,22000.0,21928.571428571428,0,0,0
II,Bali,2024-05-08,23250.0,30000.0,22107.14285714286,0,0,0
I,Semua Provinsi,2024-05-08,52900.0,23250.0,27092.85714285714,0,0,0
1,Kota Denpasar,2024-05-08,26000.0,52900.0,27950.0,0,0,0
I,Semua Provinsi,2024-05-09,52750.0,26000.0,32485.714285714286,0,0,0
II,Bali,2024-05-09,23250.0,52750.0,32878.57142857143,0,0,0
1,Kota Denpasar,2024-05-09,26000.0,23250.0,33450.0,0,0,0
a,Pasar Badung,2024-05-09,30000.0,26000.0,33450.0,0,0,0
b,Pasar Kreneng,2024-05-09,22000.0,30000.0,33271.42857142857,0,0,0
2,Kota Singaraja,2024-05-09,20500.0,22000.0,28642.85714285714,0,0,0
a,Pasar Anyar,2024-05-09,21000.0,20500.0,27928.571428571428,0,0,0
b,Pasar Banyuasri,2024-05-09,20000.0,21000.0,23250.0,0,0,0
2,Kota Singaraja,2024-05-10,23250.0,20000.0,23250.0,0,0,0
b,Pasar Banyuasri,2024-05-10,23500.0,23250.0,22892.85714285714,0,0,0
a,Pasar Anyar,2024-05-10,23000.0,23500.0,21892.85714285714,0,0,0
b,Pasar Kreneng,2024-05-10,22000.0,23000.0,21892.85714285714,0,0,0
a,Pasar Badung,2024-05-10,30000.0,22000.0,23250.0,0,0,0
1,Kota Denpasar,2024-05-10,26000.0,30000.0,23964.285714285714,0,0,0
II,Bali,2024-05-10,24650.0,26000.0,24628.571428571428,0,0,0
I,Semua Provinsi,2024-05-10,52750.0,24650.0,28842.85714285714,0,0,0
I,Semua Provinsi,2024-05-13,51150.0,52750.0,32792.857142857145,0,0,0
II,Bali,2024-05-13,23400.0,51150.0,32850.0,0,0,0
1,Kota Denpasar,2024-05-13,26000.0,23400.0,33421.42857142857,0,0,0
a,Pasar Badung,2024-05-13,30000.0,26000.0,33421.42857142857,0,0,0
b,Pasar Kreneng,2024-05-13,22000.0,30000.0,32850.0,0,0,0
2,Kota Singaraja,2024-05-13,20750.0,22000.0,32292.85714285714,0,0,0
a,Pasar Anyar,2024-05-13,20000.0,20750.0,27614.285714285714,0,0,0
b,Pasar Banyuasri,2024-05-13,21500.0,20000.0,23378.571428571428,0,0,0
b,Pasar Banyuasri,2024-05-14,22500.0,21500.0,23250.0,0,0,0
a,Pasar Anyar,2024-05-14,24500.0,22500.0,23035.714285714286,0,0,0
2,Kota Singaraja,2024-05-14,23500.0,24500.0,22107.14285714286,0,0,0
b,Pasar Kreneng,2024-05-14,22000.0,23500.0,22107.14285714286,0,0,0
1,Kota Denpasar,2024-05-14,26000.0,22000.0,22857.14285714286,0,0,0
II,Bali,2024-05-14,24750.0,26000.0,23535.714285714286,0,0,0
I,Semua Provinsi,2024-05-14,51200.0,24750.0,27778.571428571428,0,0,0
a,Pasar Badung,2024-05-14,30000.0,51200.0,28850.0,0,0,0
I,Semua Provinsi,2024-05-15,51850.0,30000.0,32757.14285714286,0,0,0
II,Bali,2024-05-15,28750.0,51850.0,33507.142857142855,0,0,0
1,Kota Denpasar,2024-05-15,28500.0,28750.0,34435.71428571428,0,0,0
a,Pasar Badung,2024-05-15,35000.0,28500.0,35721.42857142857,0,0,0
b,Pasar Kreneng,2024-05-15,22000.0,35000.0,35328.57142857143,0,0,0
2,Kota Singaraja,2024-05-15,29000.0,22000.0,32157.14285714286,0,0,0
a,Pasar Anyar,2024-05-15,30000.0,29000.0,32157.14285714286,0,0,0
b,Pasar Banyuasri,2024-05-15,28000.0,30000.0,28750.0,0,0,0
2,Kota Singaraja,2024-05-16,29000.0,28000.0,28785.714285714286,0,0,0
b,Pasar Banyuasri,2024-05-16,28000.0,29000.0,28714.285714285714,0,0,0
a,Pasar Anyar,2024-05-16,30000.0,28000.0,28000.0,0,0,0
b,Pasar Kreneng,2024-05-16,22000.0,30000.0,28000.0,0,0,0
a,Pasar Badung,2024-05-16,30000.0,22000.0,28142.85714285714,0,0,0
1,Kota Denpasar,2024-05-16,26000.0,30000.0,27571.428571428572,0,0,0
II,Bali,2024-05-16,27500.0,26000.0,27500.0,0,0,0
I,Semua Provinsi,2024-05-16,52500.0,27500.0,30857.14285714286,0,0,0
I,Semua Provinsi,2024-05-17,51700.0,52500.0,34242.857142857145,0,0,0
II,Bali,2024-05-17,27000.0,51700.0,33814.28571428572,0,0,0
1,Kota Denpasar,2024-05-17,26000.0,27000.0,34385.71428571428,0,0,0
a,Pasar Badung,2024-05-17,30000.0,26000.0,34385.71428571428,0,0,0
b,Pasar Kreneng,2024-05-17,22000.0,30000.0,33814.28571428572,0,0,0
2,Kota Singaraja,2024-05-17,28000.0,22000.0,33885.71428571428,0,0,0
a,Pasar Anyar,2024-05-17,28000.0,28000.0,30385.714285714286,0,0,0
b,Pasar Banyuasri,2024-05-17,28000.0,28000.0,27000.0,0,0,0
b,Pasar Banyuasri,2024-05-20,24500.0,28000.0,26642.85714285714,0,0,0
a,Pasar Anyar,2024-05-20,24000.0,24500.0,26357.14285714286,0,0,0
2,Kota Singaraja,2024-05-20,24250.0,24000.0,25535.714285714286,0,0,0
b,Pasar Kreneng,2024-05-20,26500.0,24250.0,26178.571428571428,0,0,0
a,Pasar Badung,2024-05-20,30000.0,26500.0,26464.285714285714,0,0,0
1,Kota Denpasar,2024-05-20,28250.0,30000.0,26500.0,0,0,0
II,Bali,2024-05-20,26250.0,28250.0,26250.0,0,0,0
I,Semua Provinsi,2024-05-20,51400.0,26250.0,30092.85714285714,0,0,0
I,Semua Provinsi,2024-05-21,51800.0,51400.0,34064.28571428572,0,0,0
II,Bali,2024-05-21,28250.0,51800.0,34635.71428571428,0,0,0
1,Kota Denpasar,2024-05-21,28250.0,28250.0,34885.71428571428,0,0,0
a,Pasar Badung,2024-05-21,30000.0,28250.0,34885.71428571428,0,0,0
b,Pasar Kreneng,2024-05-21,26500.0,30000.0,34635.71428571428,0,0,0
2,Kota Singaraja,2024-05-21,28250.0,26500.0,34921.42857142857,0,0,0
a,Pasar Anyar,2024-05-21,29000.0,28250.0,31721.428571428572,0,0,0
b,Pasar Banyuasri,2024-05-21,27500.0,29000.0,28250.0,0,0,0
a,Pasar Anyar,2024-05-22,28000.0,27500.0,28214.285714285714,0,0,0
2,Kota Singaraja,2024-05-22,27250.0,28000.0,28071.428571428572,0,0,0
b,Pasar Kreneng,2024-05-22,26500.0,27250.0,27571.428571428572,0,0,0
b,Pasar Banyuasri,2024-05-22,26500.0,26500.0,27571.428571428572,0,0,0
1,Kota Denpasar,2024-05-22,28250.0,26500.0,27571.428571428572,0,0,0
II,Bali,2024-05-22,27750.0,28250.0,27392.85714285714,0,0,0
I,Semua Provinsi,2024-05-22,51300.0,27750.0,30792.85714285714,0,0,0
a,Pasar Badung,2024-05-22,30000.0,51300.0,31078.571428571428,0,0,0
I,Semua Provinsi,2024-05-23,51450.0,30000.0,34535.71428571428,0,0,0
II,Bali,2024-05-23,27750.0,51450.0,34714.28571428572,0,0,0
1,Kota Denpasar,2024-05-23,28250.0,27750.0,34964.28571428572,0,0,0
a,Pasar Badung,2024-05-23,30000.0,28250.0,35214.28571428572,0,0,0
b,Pasar Kreneng,2024-05-23,26500.0,30000.0,35035.71428571428,0,0,0
2,Kota Singaraja,2024-05-23,27250.0,26500.0,31600.0,0,0,0
a,Pasar Anyar,2024-05-23,28000.0,27250.0,31314.285714285714,0,0,0
b,Pasar Banyuasri,2024-05-23,26500.0,28000.0,27750.0,0,0,0
b,Pasar Banyuasri,2024-05-24,26500.0,26500.0,27571.428571428572,0,0,0
a,Pasar Anyar,2024-05-24,28000.0,26500.0,27535.714285714286,0,0,0
2,Kota Singaraja,2024-05-24,27250.0,28000.0,27142.85714285714,0,0,0
b,Pasar Kreneng,2024-05-24,26500.0,27250.0,27142.85714285714,0,0,0
a,Pasar Badung,2024-05-24,30000.0,26500.0,27535.714285714286,0,0,0
1,Kota Denpasar,2024-05-24,28250.0,30000.0,27571.428571428572,0,0,0
II,Bali,2024-05-24,27750.0,28250.0,27750.0,0,0,0
I,Semua Provinsi,2024-05-24,51500.0,27750.0,31321.428571428572,0,0,0
I,Semua Provinsi,2024-05-27,52250.0,51500.0,34785.71428571428,0,0,0
II,Bali,2024-05-27,29650.0,52250.0,35128.57142857143,0,0,0
1,Kota Denpasar,2024-05-27,32750.0,29650.0,36021.42857142857,0,0,0
a,Pasar Badung,2024-05-27,30000.0,32750.0,36021.42857142857,0,0,0
b,Pasar Kreneng,2024-05-27,35500.0,30000.0,37057.142857142855,0,0,0
2,Kota Singaraja,2024-05-27,26500.0,35500.0,36878.57142857143,0,0,0
a,Pasar Anyar,2024-05-27,26000.0,26500.0,33235.71428571428,0,0,0
b,Pasar Banyuasri,2024-05-27,27000.0,26000.0,29628.571428571428,0,0,0
a,Pasar Anyar,2024-05-28,26000.0,27000.0,29107.14285714286,0,0,0
2,Kota Singaraja,2024-05-28,26750.0,26000.0,28250.0,0,0,0
b,Pasar Kreneng,2024-05-28,35000.0,26750.0,28964.285714285714,0,0,0
b,Pasar Banyuasri,2024-05-28,27500.0,35000.0,27821.428571428572,0,0,0
1,Kota Denpasar,2024-05-28,30000.0,27500.0,28321.428571428572,0,0,0
II,Bali,2024-05-28,28400.0,30000.0,28664.285714285714,0,0,0
I,Semua Provinsi,2024-05-28,52700.0,28400.0,32335.714285714286,0,0,0
a,Pasar Badung,2024-05-28,25000.0,52700.0,32192.85714285714,0,0,0
I,Semua Provinsi,2024-05-29,52550.0,25000.0,35878.57142857143,0,0,0
II,Bali,2024-05-29,29150.0,52550.0,35042.857142857145,0,0,0
1,Kota Denpasar,2024-05-29,32500.0,29150.0,35757.142857142855,0,0,0
a,Pasar Badung,2024-05-29,30000.0,32500.0,35757.142857142855,0,0,0
b,Pasar Kreneng,2024-05-29,35000.0,30000.0,36700.0,0,0,0
2,Kota Singaraja,2024-05-29,25750.0,35000.0,32850.0,0,0,0
a,Pasar Anyar,2024-05-29,26000.0,25750.0,32992.857142857145,0,0,0
b,Pasar Banyuasri,2024-05-29,25500.0,26000.0,29128.571428571428,0,0,0
a,Pasar Anyar,2024-05-30,26000.0,25500.0,28678.571428571428,0,0,0
2,Kota Singaraja,2024-05-30,25500.0,26000.0,27678.571428571428,0,0,0
b,Pasar Kreneng,2024-05-30,35000.0,25500.0,28392.85714285714,0,0,0
b,Pasar Banyuasri,2024-05-30,25000.0,35000.0,26964.285714285714,0,0,0
1,Kota Denpasar,2024-05-30,32500.0,25000.0,27928.571428571428,0,0,0
II,Bali,2024-05-30,29000.0,32500.0,28357.14285714286,0,0,0
I,Semua Provinsi,2024-05-30,52500.0,29000.0,32214.285714285714,0,0,0
a,Pasar Badung,2024-05-30,30000.0,52500.0,32785.71428571428,0,0,0
a,Pasar Anyar,2024-05-31,26000.0,30000.0,32857.142857142855,0,0,0
2,Kota Singaraja,2024-05-31,26250.0,26000.0,31607.14285714286,0,0,0
b,Pasar Kreneng,2024-05-31,35000.0,26250.0,33035.71428571428,0,0,0
b,Pasar Banyuasri,2024-05-31,26500.0,35000.0,32178.571428571428,0,0,0
1,Kota Denpasar,2024-05-31,32500.0,26500.0,32678.571428571428,0,0,0
II,Bali,2024-05-31,29400.0,32500.0,29378.571428571428,0,0,0
I,Semua Provinsi,2024-05-31,52650.0,29400.0,32614.285714285714,0,0,0
a,Pasar Badung,2024-05-31,30000.0,52650.0,33185.71428571428,0,0,0
I,Semua Provinsi,2024-06-03,53250.0,30000.0,37042.857142857145,0,0,0
II,Bali,2024-06-03,29900.0,53250.0,36314.28571428572,0,0,0
1,Kota Denpasar,2024-06-03,32500.0,29900.0,37171.42857142857,0,0,0
a,Pasar Badung,2024-06-03,30000.0,32500.0,36814.28571428572,0,0,0
b,Pasar Kreneng,2024-06-03,35000.0,30000.0,37614.28571428572,0,0,0
2,Kota Singaraja,2024-06-03,27250.0,35000.0,33985.71428571428,0,0,0
a,Pasar Anyar,2024-06-03,27500.0,27250.0,33628.57142857143,0,0,0
b,Pasar Banyuasri,2024-06-03,27000.0,27500.0,29878.571428571428,0,0,0
2,Kota Singaraja,2024-06-04,30750.0,27000.0,30000.0,0,0,0
a,Pasar Anyar,2024-06-04,30500.0,30750.0,29714.285714285714,0,0,0
b,Pasar Kreneng,2024-06-04,30000.0,30500.0,29714.285714285714,0,0,0
b,Pasar Banyuasri,2024-06-04,31000.0,30000.0,29142.85714285714,0,0,0
1,Kota Denpasar,2024-06-04,30000.0,31000.0,29535.714285714286,0,0,0
II,Bali,2024-06-04,30400.0,30000.0,29950.0,0,0,0
I,Semua Provinsi,2024-06-04,52750.0,30400.0,33628.57142857143,0,0,0
a,Pasar Badung,2024-06-04,30000.0,52750.0,33521.42857142857,0,0,0
I,Semua Provinsi,2024-06-05,53650.0,30000.0,36828.57142857143,0,0,0
II,Bali,2024-06-05,33650.0,53650.0,37350.0,0,0,0
1,Kota Denpasar,2024-06-05,35000.0,33650.0,37921.42857142857,0,0,0
a,Pasar Badung,2024-06-05,40000.0,35000.0,39350.0,0,0,0
b,Pasar Kreneng,2024-06-05,30000.0,40000.0,39292.857142857145,0,0,0
2,Kota Singaraja,2024-06-05,32250.0,30000.0,36364.28571428572,0,0,0
a,Pasar Anyar,2024-06-05,33500.0,32250.0,36864.28571428572,0,0,0
b,Pasar Banyuasri,2024-06-05,31000.0,33500.0,33628.57142857143,0,0,0
b,Pasar Banyuasri,2024-06-06,33500.0,31000.0,33607.142857142855,0,0,0
a,Pasar Anyar,2024-06-06,34500.0,33500.0,33535.71428571428,0,0,0
2,Kota Singaraja,2024-06-06,34000.0,34500.0,32678.571428571428,0,0,0
b,Pasar Kreneng,2024-06-06,35000.0,34000.0,33392.857142857145,0,0,0
a,Pasar Badung,2024-06-06,35000.0,35000.0,33785.71428571428,0,0,0
1,Kota Denpasar,2024-06-06,35000.0,35000.0,34000.0,0,0,0
II,Bali,2024-06-06,34500.0,35000.0,34500.0,0,0,0
I,Semua Provinsi,2024-06-06,53350.0,34500.0,37335.71428571428,0,0,0
I,Semua Provinsi,2024-06-07,54200.0,53350.0,40150.0,0,0,0
II,Bali,2024-06-07,34750.0,54200.0,40257.142857142855,0,0,0
1,Kota Denpasar,2024-06-07,35000.0,34750.0,40257.142857142855,0,0,0
a,Pasar Badung,2024-06-07,35000.0,35000.0,40257.142857142855,0,0,0
b,Pasar Kreneng,2024-06-07,35000.0,35000.0,40257.142857142855,0,0,0
2,Kota Singaraja,2024-06-07,34500.0,35000.0,40257.142857142855,0,0,0
a,Pasar Anyar,2024-06-07,34500.0,34500.0,37564.28571428572,0,0,0
b,Pasar Banyuasri,2024-06-07,34500.0,34500.0,34750.0,0,0,0
b,Pasar Banyuasri,2024-06-10,31500.0,34500.0,34285.71428571428,0,0,0
a,Pasar Anyar,2024-06-10,35000.0,31500.0,34285.71428571428,0,0,0
2,Kota Singaraja,2024-06-10,33250.0,35000.0,34035.71428571428,0,0,0
b,Pasar Kreneng,2024-06-10,35000.0,33250.0,34035.71428571428,0,0,0
a,Pasar Badung,2024-06-10,35000.0,35000.0,34107.142857142855,0,0,0
1,Kota Denpasar,2024-06-10,35000.0,35000.0,34178.57142857143,0,0,0
II,Bali,2024-06-10,34150.0,35000.0,34128.57142857143,0,0,0
I,Semua Provinsi,2024-06-10,57900.0,34150.0,37900.0,0,0,0
I,Semua Provinsi,2024-06-11,58500.0,57900.0,41257.142857142855,0,0,0
II,Bali,2024-06-11,34650.0,58500.0,41457.142857142855,0,0,0
1,Kota Denpasar,2024-06-11,35000.0,34650.0,41457.142857142855,0,0,0
a,Pasar Badung,2024-06-11,35000.0,35000.0,41457.142857142855,0,0,0
b,Pasar Kreneng,2024-06-11,35000.0,35000.0,41457.142857142855,0,0,0
2,Kota Singaraja,2024-06-11,34250.0,35000.0,41471.42857142857,0,0,0
a,Pasar Anyar,2024-06-11,35000.0,34250.0,38200.0,0,0,0
b,Pasar Banyuasri,2024-06-11,33500.0,35000.0,34628.57142857143,0,0,0
b,Pasar Banyuasri,2024-06-12,32500.0,33500.0,34321.42857142857,0,0,0
a,Pasar Anyar,2024-06-12,34000.0,32500.0,34178.57142857143,0,0,0
2,Kota Singaraja,2024-06-12,33250.0,34000.0,33928.57142857143,0,0,0
b,Pasar Kreneng,2024-06-12,35000.0,33250.0,33928.57142857143,0,0,0
a,Pasar Badung,2024-06-12,35000.0,35000.0,34035.71428571428,0,0,0
1,Kota Denpasar,2024-06-12,35000.0,35000.0,34035.71428571428,0,0,0
II,Bali,2024-06-12,34150.0,35000.0,34128.57142857143,0,0,0
I,Semua Provinsi,2024-06-12,58600.0,34150.0,37857.142857142855,0,0,0
I,Semua Provinsi,2024-06-13,59000.0,58600.0,41428.57142857143,0,0,0
II,Bali,2024-06-13,32650.0,59000.0,41342.857142857145,0,0,0
1,Kota Denpasar,2024-06-13,33250.0,32650.0,41092.857142857145,0,0,0
a,Pasar Badung,2024-06-13,35000.0,33250.0,41092.857142857145,0,0,0
b,Pasar Kreneng,2024-06-13,31500.0,35000.0,40592.857142857145,0,0,0
2,Kota Singaraja,2024-06-13,32000.0,31500.0,40285.71428571428,0,0,0
a,Pasar Anyar,2024-06-13,32000.0,32000.0,36485.71428571428,0,0,0
b,Pasar Banyuasri,2024-06-13,32000.0,32000.0,32628.571428571428,0,0,0
a,Pasar Anyar,2024-06-14,32500.0,32000.0,32607.14285714286,0,0,0
2,Kota Singaraja,2024-06-14,32500.0,32500.0,32500.0,0,0,0
b,Pasar Kreneng,2024-06-14,31500.0,32500.0,32000.0,0,0,0
b,Pasar Banyuasri,2024-06-14,32500.0,31500.0,32142.85714285714,0,0,0
1,Kota Denpasar,2024-06-14,33250.0,32500.0,32321.428571428572,0,0,0
II,Bali,2024-06-14,32900.0,33250.0,32450.0,0,0,0
I,Semua Provinsi,2024-06-14,59550.0,32900.0,36385.71428571428,0,0,0
a,Pasar Badung,2024-06-14,35000.0,59550.0,36742.857142857145,0,0,0
I,Semua Provinsi,2024-06-17,58900.0,35000.0,40514.28571428572,0,0,0
II,Bali,2024-06-17,32900.0,58900.0,40714.28571428572,0,0,0
1,Kota Denpasar,2024-06-17,33250.0,32900.0,40821.42857142857,0,0,0
a,Pasar Badung,2024-06-17,35000.0,33250.0,41071.42857142857,0,0,0
b,Pasar Kreneng,2024-06-17,31500.0,35000.0,40871.42857142857,0,0,0
2,Kota Singaraja,2024-06-17,32500.0,31500.0,37007.142857142855,0,0,0
a,Pasar Anyar,2024-06-17,32500.0,32500.0,36650.0,0,0,0
b,Pasar Banyuasri,2024-06-17,32500.0,32500.0,32878.57142857143,0,0,0
b,Pasar Banyuasri,2024-06-18,32500.0,32500.0,32821.42857142857,0,0,0
a,Pasar Anyar,2024-06-18,32500.0,32500.0,32714.285714285714,0,0,0
2,Kota Singaraja,2024-06-18,32500.0,32500.0,32357.14285714286,0,0,0
b,Pasar Kreneng,2024-06-18,31500.0,32500.0,32357.14285714286,0,0,0
a,Pasar Badung,2024-06-18,35000.0,31500.0,32714.285714285714,0,0,0
1,Kota Denpasar,2024-06-18,33250.0,35000.0,32821.42857142857,0,0,0
II,Bali,2024-06-18,32900.0,33250.0,32878.57142857143,0,0,0
I,Semua Provinsi,2024-06-18,59800.0,32900.0,36778.57142857143,0,0,0
I,Semua Provinsi,2024-06-19,60350.0,59800.0,40757.142857142855,0,0,0
II,Bali,2024-06-19,31150.0,60350.0,40564.28571428572,0,0,0
1,Kota Denpasar,2024-06-19,33250.0,31150.0,40814.28571428572,0,0,0
a,Pasar Badung,2024-06-19,35000.0,33250.0,40814.28571428572,0,0,0
b,Pasar Kreneng,2024-06-19,31500.0,35000.0,40564.28571428572,0,0,0
2,Kota Singaraja,2024-06-19,29000.0,31500.0,40007.142857142855,0,0,0
a,Pasar Anyar,2024-06-19,29000.0,29000.0,35607.142857142855,0,0,0
b,Pasar Banyuasri,2024-06-19,29000.0,29000.0,31128.571428571428,0,0,0
a,Pasar Anyar,2024-06-20,29500.0,29000.0,30892.85714285714,0,0,0
2,Kota Singaraja,2024-06-20,28500.0,29500.0,30214.285714285714,0,0,0
b,Pasar Kreneng,2024-06-20,31500.0,28500.0,29714.285714285714,0,0,0
b,Pasar Banyuasri,2024-06-20,27500.0,31500.0,29142.85714285714,0,0,0
1,Kota Denpasar,2024-06-20,30750.0,27500.0,29392.85714285714,0,0,0
II,Bali,2024-06-20,29650.0,30750.0,29485.714285714286,0,0,0
I,Semua Provinsi,2024-06-20,59550.0,29650.0,33850.0,0,0,0
a,Pasar Badung,2024-06-20,30000.0,59550.0,33921.42857142857,0,0,0
I,Semua Provinsi,2024-06-21,57650.0,30000.0,38085.71428571428,0,0,0
II,Bali,2024-06-21,28150.0,57650.0,37607.142857142855,0,0,0
1,Kota Denpasar,2024-06-21,30750.0,28150.0,38071.42857142857,0,0,0
a,Pasar Badung,2024-06-21,30000.0,30750.0,37964.28571428572,0,0,0
b,Pasar Kreneng,2024-06-21,31500.0,30000.0,38228.57142857143,0,0,0
2,Kota Singaraja,2024-06-21,25500.0,31500.0,33364.28571428572,0,0,0
a,Pasar Anyar,2024-06-21,25000.0,25500.0,32650.0,0,0,0
b,Pasar Banyuasri,2024-06-21,26000.0,25000.0,28128.571428571428,0,0,0
a,Pasar Anyar,2024-06-24,25000.0,26000.0,27678.571428571428,0,0,0
2,Kota Singaraja,2024-06-24,25500.0,25000.0,26928.571428571428,0,0,0
b,Pasar Kreneng,2024-06-24,31500.0,25500.0,27142.85714285714,0,0,0
b,Pasar Banyuasri,2024-06-24,26000.0,31500.0,26357.14285714286,0,0,0
1,Kota Denpasar,2024-06-24,30750.0,26000.0,27107.14285714286,0,0,0
II,Bali,2024-06-24,28150.0,30750.0,27557.14285714286,0,0,0
I,Semua Provinsi,2024-06-24,55050.0,28150.0,31707.14285714286,0,0,0
a,Pasar Badung,2024-06-24,30000.0,55050.0,32421.428571428572,0,0,0
a,Pasar Anyar,2024-06-25,26500.0,30000.0,32564.285714285714,0,0,0
2,Kota Singaraja,2024-06-25,27250.0,26500.0,31957.14285714286,0,0,0
b,Pasar Kreneng,2024-06-25,35000.0,27250.0,33242.857142857145,0,0,0
b,Pasar Banyuasri,2024-06-25,28000.0,35000.0,32850.0,0,0,0
1,Kota Denpasar,2024-06-25,32500.0,28000.0,33471.42857142857,0,0,0
II,Bali,2024-06-25,29900.0,32500.0,29878.571428571428,0,0,0
I,Semua Provinsi,2024-06-25,54200.0,29900.0,33335.71428571428,0,0,0
a,Pasar Badung,2024-06-25,30000.0,54200.0,33835.71428571428,0,0,0
I,Semua Provinsi,2024-06-26,53150.0,30000.0,37535.71428571428,0,0,0
II,Bali,2024-06-26,30250.0,53150.0,36857.142857142855,0,0,0
1,Kota Denpasar,2024-06-26,32500.0,30250.0,37500.0,0,0,0
a,Pasar Badung,2024-06-26,30000.0,32500.0,37142.857142857145,0,0,0
b,Pasar Kreneng,2024-06-26,35000.0,30000.0,37871.42857142857,0,0,0
2,Kota Singaraja,2024-06-26,28000.0,35000.0,34128.57142857143,0,0,0
a,Pasar Anyar,2024-06-26,28000.0,28000.0,33842.857142857145,0,0,0
b,Pasar Banyuasri,2024-06-26,28000.0,28000.0,30250.0,0,0,0
2,Kota Singaraja,2024-06-27,28000.0,28000.0,29928.571428571428,0,0,0
b,Pasar Banyuasri,2024-06-27,28000.0,28000.0,29285.714285714286,0,0,0
a,Pasar Anyar,2024-06-27,28000.0,28000.0,29000.0,0,0,0
b,Pasar Kreneng,2024-06-27,35000.0,28000.0,29000.0,0,0,0
a,Pasar Badung,2024-06-27,30000.0,35000.0,29285.714285714286,0,0,0
1,Kota Denpasar,2024-06-27,32500.0,30000.0,29928.571428571428,0,0,0
II,Bali,2024-06-27,30250.0,32500.0,30250.0,0,0,0
I,Semua Provinsi,2024-06-27,50900.0,30250.0,33521.42857142857,0,0,0
I,Semua Provinsi,2024-06-28,51850.0,50900.0,36928.57142857143,0,0,0
II,Bali,2024-06-28,29650.0,51850.0,37164.28571428572,0,0,0
1,Kota Denpasar,2024-06-28,32500.0,29650.0,36807.142857142855,0,0,0
a,Pasar Badung,2024-06-28,30000.0,32500.0,36807.142857142855,0,0,0
b,Pasar Kreneng,2024-06-28,35000.0,30000.0,37164.28571428572,0,0,0
2,Kota Singaraja,2024-06-28,26750.0,35000.0,36664.28571428572,0,0,0
a,Pasar Anyar,2024-06-28,25500.0,26750.0,33035.71428571428,0,0,0
b,Pasar Banyuasri,2024-06-28,28000.0,25500.0,29628.571428571428,0,0,0
b,Pasar Banyuasri,2024-07-01,30500.0,28000.0,29750.0,0,0,0
a,Pasar Anyar,2024-07-01,31000.0,30500.0,29535.714285714286,0,0,0
2,Kota Singaraja,2024-07-01,30750.0,31000.0,29642.85714285714,0,0,0
b,Pasar Kreneng,2024-07-01,36500.0,30750.0,29857.14285714286,0,0,0
1,Kota Denpasar,2024-07-01,35750.0,36500.0,31142.85714285714,0,0,0
II,Bali,2024-07-01,33250.0,35750.0,32250.0,0,0,0
I,Semua Provinsi,2024-07-01,53050.0,33250.0,35828.57142857143,0,0,0
a,Pasar Badung,2024-07-01,35000.0,53050.0,36471.42857142857,0,0,0
I,Semua Provinsi,2024-07-02,53150.0,35000.0,39635.71428571428,0,0,0
II,Bali,2024-07-02,36500.0,53150.0,40457.142857142855,0,0,0
1,Kota Denpasar,2024-07-02,38250.0,36500.0,40707.142857142855,0,0,0
a,Pasar Badung,2024-07-02,40000.0,38250.0,41314.28571428572,0,0,0
b,Pasar Kreneng,2024-07-02,36500.0,40000.0,41778.57142857143,0,0,0
2,Kota Singaraja,2024-07-02,34750.0,36500.0,39164.28571428572,0,0,0
a,Pasar Anyar,2024-07-02,34500.0,34750.0,39092.857142857145,0,0,0
b,Pasar Banyuasri,2024-07-02,35000.0,34500.0,36500.0,0,0,0
2,Kota Singaraja,2024-07-03,39500.0,35000.0,36928.57142857143,0,0,0
b,Pasar Banyuasri,2024-07-03,39000.0,39500.0,37035.71428571428,0,0,0
a,Pasar Anyar,2024-07-03,40000.0,39000.0,37035.71428571428,0,0,0
b,Pasar Kreneng,2024-07-03,36500.0,40000.0,37035.71428571428,0,0,0
a,Pasar Badung,2024-07-03,45000.0,36500.0,38500.0,0,0,0
1,Kota Denpasar,2024-07-03,40750.0,45000.0,39392.857142857145,0,0,0
II,Bali,2024-07-03,40150.0,40750.0,40128.57142857143,0,0,0
I,Semua Provinsi,2024-07-03,54700.0,40150.0,42300.0,0,0,0
I,Semua Provinsi,2024-07-04,55050.0,54700.0,44592.857142857145,0,0,0
II,Bali,2024-07-04,40150.0,55050.0,44614.28571428572,0,0,0
1,Kota Denpasar,2024-07-04,40750.0,40150.0,45221.42857142857,0,0,0
a,Pasar Badung,2024-07-04,45000.0,40750.0,45221.42857142857,0,0,0
b,Pasar Kreneng,2024-07-04,36500.0,45000.0,44614.28571428572,0,0,0
2,Kota Singaraja,2024-07-04,39500.0,36500.0,44521.42857142857,0,0,0
a,Pasar Anyar,2024-07-04,40000.0,39500.0,42421.42857142857,0,0,0
b,Pasar Banyuasri,2024-07-04,39000.0,40000.0,40128.57142857143,0,0,0
b,Pasar Banyuasri,2024-07-05,38000.0,39000.0,39821.42857142857,0,0,0
a,Pasar Anyar,2024-07-05,40000.0,38000.0,39714.28571428572,0,0,0
2,Kota Singaraja,2024-07-05,39000.0,40000.0,38857.142857142855,0,0,0
b,Pasar Kreneng,2024-07-05,36500.0,39000.0,38857.142857142855,0,0,0
a,Pasar Badung,2024-07-05,40000.0,36500.0,38928.57142857143,0,0,0
1,Kota Denpasar,2024-07-05,38250.0,40000.0,38678.57142857143,0,0,0
II,Bali,2024-07-05,38650.0,38250.0,38628.57142857143,0,0,0
I,Semua Provinsi,2024-07-05,55850.0,38650.0,41178.57142857143,0,0,0
I,Semua Provinsi,2024-07-08,58100.0,55850.0,43764.28571428572,0,0,0
II,Bali,2024-07-08,38650.0,58100.0,43714.28571428572,0,0,0
1,Kota Denpasar,2024-07-08,45000.0,38650.0,44928.57142857143,0,0,0
a,Pasar Badung,2024-07-08,50000.0,45000.0,46357.142857142855,0,0,0
b,Pasar Kreneng,2024-07-08,40000.0,50000.0,46607.142857142855,0,0,0
2,Kota Singaraja,2024-07-08,32250.0,40000.0,45692.857142857145,0,0,0
a,Pasar Anyar,2024-07-08,32500.0,32250.0,42357.142857142855,0,0,0
b,Pasar Banyuasri,2024-07-08,32000.0,32500.0,38628.57142857143,0,0,0
a,Pasar Anyar,2024-07-09,45000.0,32000.0,39535.71428571428,0,0,0
2,Kota Singaraja,2024-07-09,45750.0,45000.0,39642.857142857145,0,0,0
b,Pasar Kreneng,2024-07-09,40000.0,45750.0,38214.28571428572,0,0,0
b,Pasar Banyuasri,2024-07-09,46500.0,40000.0,39142.857142857145,0,0,0
1,Kota Denpasar,2024-07-09,45000.0,46500.0,40964.28571428572,0,0,0
II,Bali,2024-07-09,45400.0,45000.0,42807.142857142855,0,0,0
I,Semua Provinsi,2024-07-09,58350.0,45400.0,46571.42857142857,0,0,0
a,Pasar Badung,2024-07-09,50000.0,58350.0,47285.71428571428,0,0,0
I,Semua Provinsi,2024-07-10,59800.0,50000.0,49292.857142857145,0,0,0
II,Bali,2024-07-10,47650.0,59800.0,50385.71428571428,0,0,0
1,Kota Denpasar,2024-07-10,45000.0,47650.0,50171.42857142857,0,0,0
a,Pasar Badung,2024-07-10,50000.0,45000.0,50885.71428571428,0,0,0
b,Pasar Kreneng,2024-07-10,40000.0,50000.0,50114.28571428572,0,0,0
2,Kota Singaraja,2024-07-10,50250.0,40000.0,48957.142857142855,0,0,0
a,Pasar Anyar,2024-07-10,52500.0,50250.0,49314.28571428572,0,0,0
b,Pasar Banyuasri,2024-07-10,48000.0,52500.0,47628.57142857143,0,0,0
b,Pasar Banyuasri,2024-07-11,54000.0,48000.0,48535.71428571428,0,0,0
a,Pasar Anyar,2024-07-11,57500.0,54000.0,50321.42857142857,0,0,0
2,Kota Singaraja,2024-07-11,55750.0,57500.0,51142.857142857145,0,0,0
b,Pasar Kreneng,2024-07-11,40000.0,55750.0,51142.857142857145,0,0,0
a,Pasar Badung,2024-07-11,60000.0,40000.0,52535.71428571428,0,0,0
1,Kota Denpasar,2024-07-11,50000.0,60000.0,52178.57142857143,0,0,0
II,Bali,2024-07-11,52900.0,50000.0,52878.57142857143,0,0,0
I,Semua Provinsi,2024-07-11,60200.0,52900.0,53764.28571428572,0,0,0
I,Semua Provinsi,2024-07-12,60500.0,60200.0,54192.857142857145,0,0,0
II,Bali,2024-07-12,54750.0,60500.0,54050.0,0,0,0
1,Kota Denpasar,2024-07-12,50000.0,54750.0,55478.57142857143,0,0,0
a,Pasar Badung,2024-07-12,60000.0,50000.0,55478.57142857143,0,0,0
b,Pasar Kreneng,2024-07-12,40000.0,60000.0,54050.0,0,0,0
2,Kota Singaraja,2024-07-12,59500.0,40000.0,54992.857142857145,0,0,0
a,Pasar Anyar,2024-07-12,65000.0,59500.0,55678.57142857143,0,0,0
b,Pasar Banyuasri,2024-07-12,54000.0,65000.0,54750.0,0,0,0
a,Pasar Anyar,2024-07-15,40000.0,54000.0,52642.857142857145,0,0,0
2,Kota Singaraja,2024-07-15,39000.0,40000.0,51071.42857142857,0,0,0
b,Pasar Kreneng,2024-07-15,50000.0,39000.0,49642.857142857145,0,0,0
b,Pasar Banyuasri,2024-07-15,38000.0,50000.0,49357.142857142855,0,0,0
1,Kota Denpasar,2024-07-15,55000.0,38000.0,48714.28571428572,0,0,0
II,Bali,2024-07-15,47000.0,55000.0,46142.857142857145,0,0,0
I,Semua Provinsi,2024-07-15,63900.0,47000.0,47557.142857142855,0,0,0
a,Pasar Badung,2024-07-15,60000.0,63900.0,50414.28571428572,0,0,0
I,Semua Provinsi,2024-07-16,64350.0,60000.0,54035.71428571428,0,0,0
II,Bali,2024-07-16,57500.0,64350.0,55107.142857142855,0,0,0
1,Kota Denpasar,2024-07-16,55000.0,57500.0,57535.71428571428,0,0,0
a,Pasar Badung,2024-07-16,60000.0,55000.0,58250.0,0,0,0
b,Pasar Kreneng,2024-07-16,50000.0,60000.0,58678.57142857143,0,0,0
2,Kota Singaraja,2024-07-16,60000.0,50000.0,58121.42857142857,0,0,0
a,Pasar Anyar,2024-07-16,60000.0,60000.0,58121.42857142857,0,0,0
b,Pasar Banyuasri,2024-07-16,60000.0,60000.0,57500.0,0,0,0
a,Pasar Anyar,2024-07-17,60000.0,60000.0,57857.142857142855,0,0,0
2,Kota Singaraja,2024-07-17,60000.0,60000.0,58571.42857142857,0,0,0
b,Pasar Kreneng,2024-07-17,50000.0,60000.0,57142.857142857145,0,0,0
b,Pasar Banyuasri,2024-07-17,60000.0,50000.0,58571.42857142857,0,0,0
1,Kota Denpasar,2024-07-17,55000.0,60000.0,57857.142857142855,0,0,0
II,Bali,2024-07-17,57500.0,55000.0,57500.0,0,0,0
I,Semua Provinsi,2024-07-17,65700.0,57500.0,58314.28571428572,0,0,0
a,Pasar Badung,2024-07-17,60000.0,65700.0,58314.28571428572,0,0,0
a,Pasar Anyar,2024-07-18,71500.0,60000.0,59957.142857142855,0,0,0
2,Kota Singaraja,2024-07-18,70750.0,71500.0,62921.42857142857,0,0,0
b,Pasar Kreneng,2024-07-18,70000.0,70750.0,64350.0,0,0,0
b,Pasar Banyuasri,2024-07-18,70000.0,70000.0,66492.85714285714,0,0,0
1,Kota Denpasar,2024-07-18,72500.0,70000.0,68635.71428571429,0,0,0
II,Bali,2024-07-18,71650.0,72500.0,69485.71428571429,0,0,0
I,Semua Provinsi,2024-07-18,68900.0,71650.0,70757.14285714286,0,0,0
a,Pasar Badung,2024-07-18,75000.0,68900.0,71257.14285714286,0,0,0
I,Semua Provinsi,2024-07-19,70250.0,75000.0,71185.71428571429,0,0,0
II,Bali,2024-07-19,71250.0,70250.0,71364.28571428571,0,0,0
1,Kota Denpasar,2024-07-19,70000.0,71250.0,71364.28571428571,0,0,0
a,Pasar Badung,2024-07-19,70000.0,70000.0,71007.14285714286,0,0,0
b,Pasar Kreneng,2024-07-19,70000.0,70000.0,70771.42857142857,0,0,0
2,Kota Singaraja,2024-07-19,72500.0,70000.0,71285.71428571429,0,0,0
a,Pasar Anyar,2024-07-19,75000.0,72500.0,71285.71428571429,0,0,0
b,Pasar Banyuasri,2024-07-19,70000.0,75000.0,71250.0,0,0,0
2,Kota Singaraja,2024-07-22,67500.0,70000.0,70714.28571428571,0,0,0
a,Pasar Anyar,2024-07-22,70000.0,67500.0,70714.28571428571,0,0,0
b,Pasar Kreneng,2024-07-22,70000.0,70000.0,70714.28571428571,0,0,0
b,Pasar Banyuasri,2024-07-22,65000.0,70000.0,70000.0,0,0,0
1,Kota Denpasar,2024-07-22,70000.0,65000.0,69642.85714285714,0,0,0
II,Bali,2024-07-22,68750.0,70000.0,68750.0,0,0,0
I,Semua Provinsi,2024-07-22,71700.0,68750.0,68992.85714285714,0,0,0
a,Pasar Badung,2024-07-22,70000.0,71700.0,69350.0,0,0,0
I,Semua Provinsi,2024-07-23,73550.0,70000.0,69857.14285714286,0,0,0
II,Bali,2024-07-23,80650.0,73550.0,71378.57142857143,0,0,0
1,Kota Denpasar,2024-07-23,85000.0,80650.0,74235.71428571429,0,0,0
a,Pasar Badung,2024-07-23,90000.0,85000.0,77092.85714285714,0,0,0
b,Pasar Kreneng,2024-07-23,80000.0,90000.0,78700.0,0,0,0
2,Kota Singaraja,2024-07-23,76250.0,80000.0,79350.0,0,0,0
a,Pasar Anyar,2024-07-23,79000.0,76250.0,80635.71428571429,0,0,0
b,Pasar Banyuasri,2024-07-23,73500.0,79000.0,80628.57142857143,0,0,0
b,Pasar Banyuasri,2024-07-24,85000.0,73500.0,81250.0,0,0,0
a,Pasar Anyar,2024-07-24,86000.0,85000.0,81392.85714285714,0,0,0
2,Kota Singaraja,2024-07-24,85500.0,86000.0,80750.0,0,0,0
b,Pasar Kreneng,2024-07-24,92500.0,85500.0,82535.71428571429,0,0,0
a,Pasar Badung,2024-07-24,90000.0,92500.0,84500.0,0,0,0
1,Kota Denpasar,2024-07-24,91250.0,90000.0,86250.0,0,0,0
II,Bali,2024-07-24,88400.0,91250.0,88378.57142857143,0,0,0
I,Semua Provinsi,2024-07-24,74900.0,88400.0,86935.71428571429,0,0,0
I,Semua Provinsi,2024-07-25,74500.0,74900.0,85292.85714285714,0,0,0
II,Bali,2024-07-25,75500.0,74500.0,83864.28571428571,0,0,0
1,Kota Denpasar,2024-07-25,70000.0,75500.0,80650.0,0,0,0
a,Pasar Badung,2024-07-25,60000.0,70000.0,76364.28571428571,0,0,0
b,Pasar Kreneng,2024-07-25,80000.0,60000.0,74757.14285714286,0,0,0
2,Kota Singaraja,2024-07-25,81000.0,80000.0,73700.0,0,0,0
a,Pasar Anyar,2024-07-25,85000.0,81000.0,75142.85714285714,0,0,0
b,Pasar Banyuasri,2024-07-25,77000.0,85000.0,75500.0,0,0,0
b,Pasar Banyuasri,2024-07-26,63000.0,77000.0,73714.28571428571,0,0,0
a,Pasar Anyar,2024-07-26,65000.0,63000.0,73000.0,0,0,0
2,Kota Singaraja,2024-07-26,64000.0,65000.0,73571.42857142857,0,0,0
b,Pasar Kreneng,2024-07-26,80000.0,64000.0,73571.42857142857,0,0,0
a,Pasar Badung,2024-07-26,60000.0,80000.0,70571.42857142857,0,0,0
1,Kota Denpasar,2024-07-26,70000.0,60000.0,68428.57142857143,0,0,0
II,Bali,2024-07-26,67000.0,70000.0,67000.0,0,0,0
I,Semua Provinsi,2024-07-26,73200.0,67000.0,68457.14285714286,0,0,0
I,Semua Provinsi,2024-07-29,76800.0,73200.0,70142.85714285714,0,0,0
II,Bali,2024-07-29,76250.0,76800.0,71892.85714285714,0,0,0
1,Kota Denpasar,2024-07-29,83750.0,76250.0,72428.57142857143,0,0,0
a,Pasar Badung,2024-07-29,80000.0,83750.0,75285.71428571429,0,0,0
b,Pasar Kreneng,2024-07-29,87500.0,80000.0,77785.71428571429,0,0,0
2,Kota Singaraja,2024-07-29,68750.0,87500.0,78035.71428571429,0,0,0
a,Pasar Anyar,2024-07-29,67500.0,68750.0,77221.42857142857,0,0,0
b,Pasar Banyuasri,2024-07-29,70000.0,67500.0,76250.0,0,0,0
b,Pasar Banyuasri,2024-07-30,71000.0,70000.0,75500.0,0,0,0
a,Pasar Anyar,2024-07-30,79000.0,71000.0,74821.42857142857,0,0,0
2,Kota Singaraja,2024-07-30,75000.0,79000.0,74107.14285714286,0,0,0
b,Pasar Kreneng,2024-07-30,78500.0,75000.0,72821.42857142857,0,0,0
a,Pasar Badung,2024-07-30,75000.0,78500.0,73714.28571428571,0,0,0
1,Kota Denpasar,2024-07-30,76750.0,75000.0,75035.71428571429,0,0,0
II,Bali,2024-07-30,75900.0,76750.0,75878.57142857143,0,0,0
I,Semua Provinsi,2024-07-30,77300.0,75900.0,76778.57142857143,0,0,0
I,Semua Provinsi,2024-07-31,77250.0,77300.0,76528.57142857143,0,0,0
II,Bali,2024-07-31,72250.0,77250.0,76135.71428571429,0,0,0
1,Kota Denpasar,2024-07-31,76750.0,72250.0,75885.71428571429,0,0,0
a,Pasar Badung,2024-07-31,75000.0,76750.0,75885.71428571429,0,0,0
b,Pasar Kreneng,2024-07-31,78500.0,75000.0,76135.71428571429,0,0,0
2,Kota Singaraja,2024-07-31,67750.0,78500.0,74971.42857142857,0,0,0
a,Pasar Anyar,2024-07-31,70000.0,67750.0,73928.57142857143,0,0,0
b,Pasar Banyuasri,2024-07-31,65500.0,70000.0,72250.0,0,0,0
a,Pasar Anyar,2024-08-01,65000.0,65500.0,71214.28571428571,0,0,0
2,Kota Singaraja,2024-08-01,62500.0,65000.0,69178.57142857143,0,0,0
b,Pasar Kreneng,2024-08-01,70000.0,62500.0,68464.28571428571,0,0,0
b,Pasar Banyuasri,2024-08-01,60000.0,70000.0,65821.42857142857,0,0,0
1,Kota Denpasar,2024-08-01,67500.0,60000.0,65785.71428571429,0,0,0
II,Bali,2024-08-01,65000.0,67500.0,65071.42857142857,0,0,0
I,Semua Provinsi,2024-08-01,76750.0,65000.0,66678.57142857143,0,0,0
a,Pasar Badung,2024-08-01,65000.0,76750.0,66678.57142857143,0,0,0
I,Semua Provinsi,2024-08-02,76850.0,65000.0,68728.57142857143,0,0,0
II,Bali,2024-08-02,66400.0,76850.0,68214.28571428571,0,0,0
1,Kota Denpasar,2024-08-02,67500.0,66400.0,69285.71428571429,0,0,0
a,Pasar Badung,2024-08-02,65000.0,67500.0,68928.57142857143,0,0,0
b,Pasar Kreneng,2024-08-02,70000.0,65000.0,69642.85714285714,0,0,0
2,Kota Singaraja,2024-08-02,65250.0,70000.0,68000.0,0,0,0
a,Pasar Anyar,2024-08-02,64000.0,65250.0,67857.14285714286,0,0,0
b,Pasar Banyuasri,2024-08-02,66500.0,64000.0,66378.57142857143,0,0,0
b,Pasar Banyuasri,2024-08-05,62000.0,66500.0,65750.0,0,0,0
a,Pasar Anyar,2024-08-05,67500.0,62000.0,65750.0,0,0,0
2,Kota Singaraja,2024-08-05,64750.0,67500.0,65714.28571428571,0,0,0
b,Pasar Kreneng,2024-08-05,75000.0,64750.0,66428.57142857143,0,0,0
a,Pasar Badung,2024-08-05,70000.0,75000.0,67107.14285714286,0,0,0
1,Kota Denpasar,2024-08-05,72500.0,70000.0,68321.42857142857,0,0,0
II,Bali,2024-08-05,68650.0,72500.0,68628.57142857143,0,0,0
I,Semua Provinsi,2024-08-05,77100.0,68650.0,70785.71428571429,0,0,0
I,Semua Provinsi,2024-08-06,77200.0,77100.0,72171.42857142857,0,0,0
II,Bali,2024-08-06,69500.0,77200.0,72850.0,0,0,0
1,Kota Denpasar,2024-08-06,70000.0,69500.0,72135.71428571429,0,0,0
a,Pasar Badung,2024-08-06,70000.0,70000.0,72135.71428571429,0,0,0
b,Pasar Kreneng,2024-08-06,70000.0,70000.0,71778.57142857143,0,0,0
2,Kota Singaraja,2024-08-06,69000.0,70000.0,71828.57142857143,0,0,0
a,Pasar Anyar,2024-08-06,70000.0,69000.0,70814.28571428571,0,0,0
b,Pasar Banyuasri,2024-08-06,68000.0,70000.0,69500.0,0,0,0
a,Pasar Anyar,2024-08-07,70000.0,68000.0,69571.42857142857,0,0,0
2,Kota Singaraja,2024-08-07,69000.0,70000.0,69428.57142857143,0,0,0
b,Pasar Kreneng,2024-08-07,70000.0,69000.0,69428.57142857143,0,0,0
b,Pasar Banyuasri,2024-08-07,68000.0,70000.0,69142.85714285714,0,0,0
1,Kota Denpasar,2024-08-07,70000.0,68000.0,69285.71428571429,0,0,0
II,Bali,2024-08-07,69500.0,70000.0,69214.28571428571,0,0,0
I,Semua Provinsi,2024-08-07,76550.0,69500.0,70435.71428571429,0,0,0
a,Pasar Badung,2024-08-07,70000.0,76550.0,70435.71428571429,0,0,0
I,Semua Provinsi,2024-08-08,75900.0,70000.0,71421.42857142857,0,0,0
II,Bali,2024-08-08,67750.0,75900.0,71100.0,0,0,0
1,Kota Denpasar,2024-08-08,72500.0,67750.0,71742.85714285714,0,0,0
a,Pasar Badung,2024-08-08,70000.0,72500.0,71742.85714285714,0,0,0
b,Pasar Kreneng,2024-08-08,75000.0,70000.0,72528.57142857143,0,0,0
2,Kota Singaraja,2024-08-08,63000.0,75000.0,70592.85714285714,0,0,0
a,Pasar Anyar,2024-08-08,65000.0,63000.0,69878.57142857143,0,0,0
b,Pasar Banyuasri,2024-08-08,61000.0,65000.0,67750.0,0,0,0
a,Pasar Anyar,2024-08-09,63000.0,61000.0,67071.42857142857,0,0,0
2,Kota Singaraja,2024-08-09,61500.0,63000.0,65500.0,0,0,0
b,Pasar Kreneng,2024-08-09,75000.0,61500.0,66214.28571428571,0,0,0
b,Pasar Banyuasri,2024-08-09,60000.0,75000.0,64071.42857142857,0,0,0
1,Kota Denpasar,2024-08-09,70000.0,60000.0,65071.42857142857,0,0,0
II,Bali,2024-08-09,65750.0,70000.0,65178.57142857143,0,0,0
I,Semua Provinsi,2024-08-09,74450.0,65750.0,67100.0,0,0,0
a,Pasar Badung,2024-08-09,65000.0,74450.0,67385.71428571429,0,0,0
a,Pasar Anyar,2024-08-12,60000.0,65000.0,67171.42857142857,0,0,0
2,Kota Singaraja,2024-08-12,56000.0,60000.0,64457.142857142855,0,0,0
b,Pasar Kreneng,2024-08-12,63500.0,56000.0,64957.142857142855,0,0,0
b,Pasar Banyuasri,2024-08-12,52000.0,63500.0,62385.71428571428,0,0,0
1,Kota Denpasar,2024-08-12,61750.0,52000.0,61814.28571428572,0,0,0
II,Bali,2024-08-12,58900.0,61750.0,59592.857142857145,0,0,0
I,Semua Provinsi,2024-08-12,73300.0,58900.0,60778.57142857143,0,0,0
a,Pasar Badung,2024-08-12,60000.0,73300.0,60778.57142857143,0,0,0
I,Semua Provinsi,2024-08-13,71700.0,60000.0,63021.42857142857,0,0,0
II,Bali,2024-08-13,55000.0,71700.0,61807.142857142855,0,0,0
1,Kota Denpasar,2024-08-13,57500.0,55000.0,62592.857142857145,0,0,0
a,Pasar Badung,2024-08-13,60000.0,57500.0,62342.857142857145,0,0,0
b,Pasar Kreneng,2024-08-13,55000.0,60000.0,61785.71428571428,0,0,0
2,Kota Singaraja,2024-08-13,52500.0,55000.0,58814.28571428572,0,0,0
a,Pasar Anyar,2024-08-13,55000.0,52500.0,58100.0,0,0,0
b,Pasar Banyuasri,2024-08-13,50000.0,55000.0,55000.0,0,0,0
2,Kota Singaraja,2024-08-14,49250.0,50000.0,54178.57142857143,0,0,0
a,Pasar Anyar,2024-08-14,50000.0,49250.0,53107.142857142855,0,0,0
b,Pasar Kreneng,2024-08-14,50000.0,50000.0,51678.57142857143,0,0,0
b,Pasar Banyuasri,2024-08-14,48500.0,50000.0,50750.0,0,0,0
1,Kota Denpasar,2024-08-14,52500.0,48500.0,50750.0,0,0,0
I,Semua Provinsi,2024-08-14,71200.0,52500.0,53064.28571428572,0,0,0
a,Pasar Badung,2024-08-14,55000.0,71200.0,53778.57142857143,0,0,0
II,Bali,2024-08-14,50900.0,55000.0,54014.28571428572,0,0,0
I,Semua Provinsi,2024-08-15,69400.0,50900.0,56785.71428571428,0,0,0
II,Bali,2024-08-15,46650.0,69400.0,56307.142857142855,0,0,0
1,Kota Denpasar,2024-08-15,46250.0,46650.0,55985.71428571428,0,0,0
a,Pasar Badung,2024-08-15,45000.0,46250.0,54914.28571428572,0,0,0
b,Pasar Kreneng,2024-08-15,47500.0,45000.0,51528.57142857143,0,0,0
2,Kota Singaraja,2024-08-15,47000.0,47500.0,50385.71428571428,0,0,0
a,Pasar Anyar,2024-08-15,50000.0,47000.0,50257.142857142855,0,0,0
b,Pasar Banyuasri,2024-08-15,44000.0,50000.0,46628.57142857143,0,0,0
b,Pasar Kreneng,2024-08-16,47500.0,44000.0,46750.0,0,0,0
b,Pasar Banyuasri,2024-08-16,44000.0,47500.0,46428.57142857143,0,0,0
a,Pasar Anyar,2024-08-16,45000.0,44000.0,46428.57142857143,0,0,0
2,Kota Singaraja,2024-08-16,44500.0,45000.0,46000.0,0,0,0
II,Bali,2024-08-16,45400.0,44500.0,45771.42857142857,0,0,0
a,Pasar Badung,2024-08-16,45000.0,45400.0,45057.142857142855,0,0,0
1,Kota Denpasar,2024-08-16,46250.0,45000.0,45378.57142857143,0,0,0
I,Semua Provinsi,2024-08-16,67750.0,46250.0,48271.42857142857,0,0,0
2,Kota Singaraja,2024-08-19,47000.0,67750.0,48700.0,0,0,0
a,Pasar Anyar,2024-08-19,50000.0,47000.0,49414.28571428572,0,0,0
b,Pasar Banyuasri,2024-08-19,44000.0,50000.0,49342.857142857145,0,0,0
b,Pasar Kreneng,2024-08-19,50000.0,44000.0,50000.0,0,0,0
II,Bali,2024-08-19,48500.0,50000.0,50500.0,0,0,0
1,Kota Denpasar,2024-08-19,50000.0,48500.0,51035.71428571428,0,0,0
I,Semua Provinsi,2024-08-19,67150.0,50000.0,50950.0,0,0,0
a,Pasar Badung,2024-08-19,50000.0,67150.0,51378.57142857143,0,0,0
2,Kota Singaraja,2024-08-20,44500.0,50000.0,50592.857142857145,0,0,0
a,Pasar Anyar,2024-08-20,48000.0,44500.0,51164.28571428572,0,0,0
b,Pasar Kreneng,2024-08-20,50000.0,48000.0,51164.28571428572,0,0,0
b,Pasar Banyuasri,2024-08-20,41000.0,50000.0,50092.857142857145,0,0,0
1,Kota Denpasar,2024-08-20,47500.0,41000.0,49735.71428571428,0,0,0
II,Bali,2024-08-20,46000.0,47500.0,46714.28571428572,0,0,0
I,Semua Provinsi,2024-08-20,66050.0,46000.0,49007.142857142855,0,0,0
a,Pasar Badung,2024-08-20,45000.0,66050.0,49078.57142857143,0,0,0
b,Pasar Banyuasri,2024-08-21,40000.0,45000.0,47935.71428571428,0,0,0
a,Pasar Anyar,2024-08-21,45000.0,40000.0,47221.42857142857,0,0,0
2,Kota Singaraja,2024-08-21,42500.0,45000.0,47435.71428571428,0,0,0
b,Pasar Kreneng,2024-08-21,45000.0,42500.0,47078.57142857143,0,0,0
II,Bali,2024-08-21,42500.0,45000.0,46578.57142857143,0,0,0
1,Kota Denpasar,2024-08-21,42500.0,42500.0,43214.28571428572,0,0,0
I,Semua Provinsi,2024-08-21,66700.0,42500.0,46314.28571428572,0,0,0
a,Pasar Badung,2024-08-21,40000.0,66700.0,46314.28571428572,0,0,0
I,Semua Provinsi,2024-08-22,63300.0,40000.0,48928.57142857143,0,0,0
II,Bali,2024-08-22,42250.0,63300.0,48892.857142857145,0,0,0
1,Kota Denpasar,2024-08-22,42500.0,42250.0,48535.71428571428,0,0,0
a,Pasar Badung,2024-08-22,40000.0,42500.0,48178.57142857143,0,0,0
b,Pasar Kreneng,2024-08-22,45000.0,40000.0,48535.71428571428,0,0,0
2,Kota Singaraja,2024-08-22,42000.0,45000.0,45007.142857142855,0,0,0
a,Pasar Anyar,2024-08-22,44000.0,42000.0,45578.57142857143,0,0,0
b,Pasar Banyuasri,2024-08-22,40000.0,44000.0,42250.0,0,0,0
b,Pasar Banyuasri,2024-08-23,40000.0,40000.0,41928.57142857143,0,0,0
a,Pasar Anyar,2024-08-23,42500.0,40000.0,41928.57142857143,0,0,0
2,Kota Singaraja,2024-08-23,41250.0,42500.0,42107.142857142855,0,0,0
b,Pasar Kreneng,2024-08-23,45000.0,41250.0,42107.142857142855,0,0,0
1,Kota Denpasar,2024-08-23,42500.0,45000.0,42178.57142857143,0,0,0
II,Bali,2024-08-23,41900.0,42500.0,41878.57142857143,0,0,0
I,Semua Provinsi,2024-08-23,63050.0,41900.0,45171.42857142857,0,0,0
a,Pasar Badung,2024-08-23,40000.0,63050.0,45171.42857142857,0,0,0
I,Semua Provinsi,2024-08-26,59500.0,40000.0,47600.0,0,0,0
II,Bali,2024-08-26,34900.0,59500.0,46692.857142857145,0,0,0
1,Kota Denpasar,2024-08-26,35750.0,34900.0,45371.42857142857,0,0,0
a,Pasar Badung,2024-08-26,35000.0,35750.0,44300.0,0,0,0
b,Pasar Kreneng,2024-08-26,36500.0,35000.0,43528.57142857143,0,0,0
2,Kota Singaraja,2024-08-26,34000.0,36500.0,39378.57142857143,0,0,0
a,Pasar Anyar,2024-08-26,39000.0,34000.0,39235.71428571428,0,0,0
b,Pasar Banyuasri,2024-08-26,29000.0,39000.0,34878.57142857143,0,0,0
b,Pasar Kreneng,2024-08-27,35000.0,29000.0,34892.857142857145,0,0,0
a,Pasar Anyar,2024-08-27,35000.0,35000.0,34785.71428571428,0,0,0
2,Kota Singaraja,2024-08-27,31250.0,35000.0,34250.0,0,0,0
b,Pasar Banyuasri,2024-08-27,27500.0,31250.0,32964.28571428572,0,0,0
a,Pasar Badung,2024-08-27,30000.0,27500.0,32392.85714285714,0,0,0
II,Bali,2024-08-27,31900.0,30000.0,31378.571428571428,0,0,0
I,Semua Provinsi,2024-08-27,57550.0,31900.0,35457.142857142855,0,0,0
1,Kota Denpasar,2024-08-27,32500.0,57550.0,35100.0,0,0,0
I,Semua Provinsi,2024-08-28,56200.0,32500.0,38128.57142857143,0,0,0
II,Bali,2024-08-28,34150.0,56200.0,38542.857142857145,0,0,0
1,Kota Denpasar,2024-08-28,35000.0,34150.0,39614.28571428572,0,0,0
a,Pasar Badung,2024-08-28,35000.0,35000.0,40328.57142857143,0,0,0
b,Pasar Kreneng,2024-08-28,35000.0,35000.0,40771.42857142857,0,0,0
2,Kota Singaraja,2024-08-28,33250.0,35000.0,37300.0,0,0,0
a,Pasar Anyar,2024-08-28,35000.0,33250.0,37657.142857142855,0,0,0
b,Pasar Banyuasri,2024-08-28,31500.0,35000.0,34128.57142857143,0,0,0
b,Pasar Banyuasri,2024-08-29,34000.0,31500.0,34107.142857142855,0,0,0
a,Pasar Anyar,2024-08-29,35000.0,34000.0,34107.142857142855,0,0,0
2,Kota Singaraja,2024-08-29,34500.0,35000.0,34035.71428571428,0,0,0
b,Pasar Kreneng,2024-08-29,35000.0,34500.0,34035.71428571428,0,0,0
I,Semua Provinsi,2024-08-29,55300.0,35000.0,37185.71428571428,0,0,0
1,Kota Denpasar,2024-08-29,35000.0,55300.0,37185.71428571428,0,0,0
II,Bali,2024-08-29,34750.0,35000.0,37650.0,0,0,0
a,Pasar Badung,2024-08-29,35000.0,34750.0,37792.857142857145,0,0,0
2,Kota Singaraja,2024-08-30,34000.0,35000.0,37650.0,0,0,0
b,Pasar Banyuasri,2024-08-30,33000.0,34000.0,37435.71428571428,0,0,0
a,Pasar Anyar,2024-08-30,35000.0,33000.0,37435.71428571428,0,0,0
b,Pasar Kreneng,2024-08-30,35000.0,35000.0,34535.71428571428,0,0,0
I,Semua Provinsi,2024-08-30,54600.0,35000.0,37335.71428571428,0,0,0
1,Kota Denpasar,2024-08-30,35000.0,54600.0,37371.42857142857,0,0,0
II,Bali,2024-08-30,34500.0,35000.0,37300.0,0,0,0
a,Pasar Badung,2024-08-30,35000.0,34500.0,37442.857142857145,0,0,0
I,Semua Provinsi,2024-09-02,52950.0,35000.0,40292.857142857145,0,0,0
II,Bali,2024-09-02,32500.0,52950.0,39935.71428571428,0,0,0
1,Kota Denpasar,2024-09-02,35000.0,32500.0,39935.71428571428,0,0,0
a,Pasar Badung,2024-09-02,35000.0,35000.0,37135.71428571428,0,0,0
b,Pasar Kreneng,2024-09-02,35000.0,35000.0,37135.71428571428,0,0,0
2,Kota Singaraja,2024-09-02,30000.0,35000.0,36492.857142857145,0,0,0
a,Pasar Anyar,2024-09-02,30000.0,30000.0,35778.57142857143,0,0,0
b,Pasar Banyuasri,2024-09-02,30000.0,30000.0,32500.0,0,0,0
2,Kota Singaraja,2024-09-03,33500.0,30000.0,32642.85714285714,0,0,0
b,Pasar Banyuasri,2024-09-03,32000.0,33500.0,32214.285714285714,0,0,0
a,Pasar Anyar,2024-09-03,35000.0,32000.0,32214.285714285714,0,0,0
b,Pasar Kreneng,2024-09-03,36000.0,35000.0,32357.14285714286,0,0,0
I,Semua Provinsi,2024-09-03,52350.0,36000.0,35550.0,0,0,0
1,Kota Denpasar,2024-09-03,33000.0,52350.0,35978.57142857143,0,0,0
II,Bali,2024-09-03,33250.0,33000.0,36442.857142857145,0,0,0
a,Pasar Badung,2024-09-03,30000.0,33250.0,35942.857142857145,0,0,0
I,Semua Provinsi,2024-09-04,52550.0,30000.0,38878.57142857143,0,0,0
II,Bali,2024-09-04,33250.0,52550.0,38628.57142857143,0,0,0
1,Kota Denpasar,2024-09-04,33000.0,33250.0,38200.0,0,0,0
a,Pasar Badung,2024-09-04,30000.0,33000.0,35007.142857142855,0,0,0
b,Pasar Kreneng,2024-09-04,36000.0,30000.0,35435.71428571428,0,0,0
2,Kota Singaraja,2024-09-04,33500.0,36000.0,35471.42857142857,0,0,0
a,Pasar Anyar,2024-09-04,35000.0,33500.0,36185.71428571428,0,0,0
b,Pasar Banyuasri,2024-09-04,32000.0,35000.0,33250.0,0,0,0
b,Pasar Banyuasri,2024-09-05,32000.0,32000.0,33071.42857142857,0,0,0
a,Pasar Anyar,2024-09-05,34000.0,32000.0,33214.28571428572,0,0,0
2,Kota Singaraja,2024-09-05,33000.0,34000.0,33642.857142857145,0,0,0
b,Pasar Kreneng,2024-09-05,36000.0,33000.0,33642.857142857145,0,0,0
1,Kota Denpasar,2024-09-05,35500.0,36000.0,33928.57142857143,0,0,0
II,Bali,2024-09-05,34250.0,35500.0,33821.42857142857,0,0,0
I,Semua Provinsi,2024-09-05,52850.0,34250.0,36800.0,0,0,0
a,Pasar Badung,2024-09-05,35000.0,52850.0,37228.57142857143,0,0,0
I,Semua Provinsi,2024-09-06,51900.0,35000.0,39785.71428571428,0,0,0
II,Bali,2024-09-06,34000.0,51900.0,39928.57142857143,0,0,0
1,Kota Denpasar,2024-09-06,35500.0,34000.0,39857.142857142855,0,0,0
a,Pasar Badung,2024-09-06,35000.0,35500.0,39785.71428571428,0,0,0
b,Pasar Kreneng,2024-09-06,36000.0,35000.0,40035.71428571428,0,0,0
2,Kota Singaraja,2024-09-06,32500.0,36000.0,37128.57142857143,0,0,0
a,Pasar Anyar,2024-09-06,34000.0,32500.0,36985.71428571428,0,0,0
b,Pasar Banyuasri,2024-09-06,31000.0,34000.0,34000.0,0,0,0
2,Kota Singaraja,2024-09-09,33750.0,31000.0,33964.28571428572,0,0,0
b,Pasar Banyuasri,2024-09-09,32500.0,33750.0,33535.71428571428,0,0,0
a,Pasar Anyar,2024-09-09,35000.0,32500.0,33535.71428571428,0,0,0
b,Pasar Kreneng,2024-09-09,36000.0,35000.0,33535.71428571428,0,0,0
a,Pasar Badung,2024-09-09,35000.0,36000.0,33892.857142857145,0,0,0
1,Kota Denpasar,2024-09-09,35500.0,35000.0,34107.142857142855,0,0,0
II,Bali,2024-09-09,34650.0,35500.0,34628.57142857143,0,0,0
I,Semua Provinsi,2024-09-09,51550.0,34650.0,37171.42857142857,0,0,0
I,Semua Provinsi,2024-09-10,51250.0,51550.0,39850.0,0,0,0
II,Bali,2024-09-10,34650.0,51250.0,39800.0,0,0,0
1,Kota Denpasar,2024-09-10,35500.0,34650.0,39728.57142857143,0,0,0
a,Pasar Badung,2024-09-10,35000.0,35500.0,39728.57142857143,0,0,0
b,Pasar Kreneng,2024-09-10,36000.0,35000.0,39800.0,0,0,0
2,Kota Singaraja,2024-09-10,33750.0,36000.0,39671.42857142857,0,0,0
a,Pasar Anyar,2024-09-10,35000.0,33750.0,37307.142857142855,0,0,0
b,Pasar Banyuasri,2024-09-10,32500.0,35000.0,34628.57142857143,0,0,0
b,Pasar Banyuasri,2024-09-11,32500.0,32500.0,34321.42857142857,0,0,0
a,Pasar Anyar,2024-09-11,35000.0,32500.0,34250.0,0,0,0
2,Kota Singaraja,2024-09-11,33750.0,35000.0,34071.42857142857,0,0,0
b,Pasar Kreneng,2024-09-11,36000.0,33750.0,34071.42857142857,0,0,0
a,Pasar Badung,2024-09-11,35000.0,36000.0,34250.0,0,0,0
1,Kota Denpasar,2024-09-11,35500.0,35000.0,34321.42857142857,0,0,0
II,Bali,2024-09-11,34650.0,35500.0,34628.57142857143,0,0,0
I,Semua Provinsi,2024-09-11,51000.0,34650.0,37271.42857142857,0,0,0
I,Semua Provinsi,2024-09-12,50750.0,51000.0,39521.42857142857,0,0,0
II,Bali,2024-09-12,32650.0,50750.0,39364.28571428572,0,0,0
1,Kota Denpasar,2024-09-12,32750.0,32650.0,38900.0,0,0,0
a,Pasar Badung,2024-09-12,32000.0,32750.0,38471.42857142857,0,0,0
b,Pasar Kreneng,2024-09-12,33500.0,32000.0,38185.71428571428,0,0,0
2,Kota Singaraja,2024-09-12,32500.0,33500.0,37878.57142857143,0,0,0
a,Pasar Anyar,2024-09-12,35000.0,32500.0,35592.857142857145,0,0,0
b,Pasar Banyuasri,2024-09-12,30000.0,35000.0,32628.571428571428,0,0,0
a,Pasar Anyar,2024-09-13,35000.0,30000.0,32964.28571428572,0,0,0
2,Kota Singaraja,2024-09-13,33250.0,35000.0,33035.71428571428,0,0,0
b,Pasar Kreneng,2024-09-13,35500.0,33250.0,33535.71428571428,0,0,0
b,Pasar Banyuasri,2024-09-13,31500.0,35500.0,33250.0,0,0,0
1,Kota Denpasar,2024-09-13,33750.0,31500.0,33428.57142857143,0,0,0
II,Bali,2024-09-13,33500.0,33750.0,33214.28571428572,0,0,0
I,Semua Provinsi,2024-09-13,50700.0,33500.0,36171.42857142857,0,0,0
a,Pasar Badung,2024-09-13,32000.0,50700.0,35742.857142857145,0,0,0
I,Semua Provinsi,2024-09-16,49150.0,32000.0,38014.28571428572,0,0,0
II,Bali,2024-09-16,33500.0,49150.0,37728.57142857143,0,0,0
1,Kota Denpasar,2024-09-16,33750.0,33500.0,38050.0,0,0,0
a,Pasar Badung,2024-09-16,32000.0,33750.0,37800.0,0,0,0
b,Pasar Kreneng,2024-09-16,35500.0,32000.0,38085.71428571428,0,0,0
2,Kota Singaraja,2024-09-16,33250.0,35500.0,35592.857142857145,0,0,0
a,Pasar Anyar,2024-09-16,35000.0,33250.0,36021.42857142857,0,0,0
b,Pasar Banyuasri,2024-09-16,31500.0,35000.0,33500.0,0,0,0
a,Pasar Anyar,2024-09-17,35000.0,31500.0,33714.28571428572,0,0,0
2,Kota Singaraja,2024-09-17,35250.0,35000.0,33928.57142857143,0,0,0
b,Pasar Kreneng,2024-09-17,39000.0,35250.0,34928.57142857143,0,0,0
b,Pasar Banyuasri,2024-09-17,35500.0,39000.0,34928.57142857143,0,0,0
1,Kota Denpasar,2024-09-17,37000.0,35500.0,35464.28571428572,0,0,0
II,Bali,2024-09-17,36150.0,37000.0,35628.57142857143,0,0,0
I,Semua Provinsi,2024-09-17,52050.0,36150.0,38564.28571428572,0,0,0
a,Pasar Badung,2024-09-17,35000.0,52050.0,38564.28571428572,0,0,0
a,Pasar Anyar,2024-09-18,36500.0,35000.0,38742.857142857145,1,0,0
2,Kota Singaraja,2024-09-18,36000.0,36500.0,38314.28571428572,1,0,0
b,Pasar Kreneng,2024-09-18,37500.0,36000.0,38600.0,1,0,0
b,Pasar Banyuasri,2024-09-18,35500.0,37500.0,38385.71428571428,1,0,0
1,Kota Denpasar,2024-09-18,36250.0,35500.0,38400.0,1,0,0
II,Bali,2024-09-18,36150.0,36250.0,36128.57142857143,1,0,0
I,Semua Provinsi,2024-09-18,52450.0,36150.0,38621.42857142857,1,0,0
a,Pasar Badung,2024-09-18,35000.0,52450.0,38407.142857142855,1,0,0
I,Semua Provinsi,2024-09-19,52950.0,35000.0,40828.57142857143,1,0,0
II,Bali,2024-09-19,35750.0,52950.0,40578.57142857143,1,0,0
1,Kota Denpasar,2024-09-19,36250.0,35750.0,40685.71428571428,1,0,0
a,Pasar Badung,2024-09-19,35000.0,36250.0,40507.142857142855,1,0,0
b,Pasar Kreneng,2024-09-19,37500.0,35000.0,40700.0,1,0,0
2,Kota Singaraja,2024-09-19,35250.0,37500.0,38242.857142857145,1,0,0
a,Pasar Anyar,2024-09-19,36500.0,35250.0,38457.142857142855,1,0,0
b,Pasar Banyuasri,2024-09-19,34000.0,36500.0,35750.0,1,0,0
a,Pasar Anyar,2024-09-20,36500.0,34000.0,35857.142857142855,1,0,0
b,Pasar Banyuasri,2024-09-20,33500.0,36500.0,35464.28571428572,1,0,0
2,Kota Singaraja,2024-09-20,35000.0,33500.0,35464.28571428572,1,0,0
b,Pasar Kreneng,2024-09-20,36500.0,35000.0,35321.42857142857,1,0,0
1,Kota Denpasar,2024-09-20,35750.0,36500.0,35392.857142857145,1,0,0
II,Bali,2024-09-20,35400.0,35750.0,35235.71428571428,1,0,0
I,Semua Provinsi,2024-09-20,53350.0,35400.0,38000.0,1,0,0
a,Pasar Badung,2024-09-20,35000.0,53350.0,37785.71428571428,1,0,0
I,Semua Provinsi,2024-09-23,51650.0,35000.0,40378.57142857143,1,0,0
II,Bali,2024-09-23,36900.0,51650.0,40650.0,1,0,0
1,Kota Denpasar,2024-09-23,35250.0,36900.0,40471.42857142857,1,0,0
a,Pasar Badung,2024-09-23,35000.0,35250.0,40364.28571428572,1,0,0
b,Pasar Kreneng,2024-09-23,35500.0,35000.0,40378.57142857143,1,0,0
2,Kota Singaraja,2024-09-23,38500.0,35500.0,38257.142857142855,1,0,0
a,Pasar Anyar,2024-09-23,40000.0,38500.0,38971.42857142857,1,0,0
b,Pasar Banyuasri,2024-09-23,37000.0,40000.0,36878.57142857143,1,0,0
a,Pasar Badung,2024-09-24,35000.0,37000.0,36607.142857142855,1,0,0
b,Pasar Banyuasri,2024-09-24,37000.0,35000.0,36857.142857142855,1,0,0
a,Pasar Anyar,2024-09-24,38000.0,37000.0,37285.71428571428,1,0,0
2,Kota Singaraja,2024-09-24,37500.0,38000.0,37571.42857142857,1,0,0
II,Bali,2024-09-24,36400.0,37500.0,37271.42857142857,1,0,0
1,Kota Denpasar,2024-09-24,35250.0,36400.0,36592.857142857145,1,0,0
I,Semua Provinsi,2024-09-24,52250.0,35250.0,38771.42857142857,1,0,0
b,Pasar Kreneng,2024-09-24,35500.0,52250.0,38842.857142857145,1,0,0
a,Pasar Anyar,2024-09-25,38000.0,35500.0,38985.71428571428,0,1,0
I,Semua Provinsi,2024-09-25,51750.0,38000.0,40950.0,0,1,0
II,Bali,2024-09-25,36400.0,51750.0,40792.857142857145,0,1,0
1,Kota Denpasar,2024-09-25,35250.0,36400.0,40628.57142857143,0,1,0
a,Pasar Badung,2024-09-25,35000.0,35250.0,40592.857142857145,0,1,0
b,Pasar Kreneng,2024-09-25,35500.0,35000.0,38200.0,0,1,0
2,Kota Singaraja,2024-09-25,37500.0,35500.0,38485.71428571428,0,1,0
b,Pasar Banyuasri,2024-09-25,37000.0,37500.0,38342.857142857145,0,1,0
b,Pasar Banyuasri,2024-09-26,37000.0,37000.0,36235.71428571428,0,0,1
2,Kota Singaraja,2024-09-26,37500.0,37000.0,36392.857142857145,0,0,1
b,Pasar Kreneng,2024-09-26,35500.0,37500.0,36428.57142857143,0,0,1
a,Pasar Anyar,2024-09-26,38000.0,35500.0,36857.142857142855,0,0,1
1,Kota Denpasar,2024-09-26,35250.0,38000.0,36821.42857142857,0,0,1
II,Bali,2024-09-26,36400.0,35250.0,36664.28571428572,0,0,1
I,Semua Provinsi,2024-09-26,51700.0,36400.0,38764.28571428572,0,0,1
a,Pasar Badung,2024-09-26,35000.0,51700.0,38478.57142857143,0,0,1
I,Semua Provinsi,2024-09-27,51300.0,35000.0,40450.0,0,0,1
II,Bali,2024-09-27,35750.0,51300.0,40485.71428571428,0,0,1
1,Kota Denpasar,2024-09-27,35000.0,35750.0,40057.142857142855,0,0,1
a,Pasar Badung,2024-09-27,35000.0,35000.0,40021.42857142857,0,0,1
b,Pasar Kreneng,2024-09-27,35000.0,35000.0,39821.42857142857,0,0,1
2,Kota Singaraja,2024-09-27,36500.0,35000.0,37650.0,0,0,1
a,Pasar Anyar,2024-09-27,38000.0,36500.0,38078.57142857143,0,0,1
b,Pasar Banyuasri,2024-09-27,35000.0,38000.0,35750.0,0,0,1
b,Pasar Banyuasri,2024-09-30,30000.0,35000.0,34928.57142857143,1,0,0
2,Kota Singaraja,2024-09-30,32500.0,30000.0,34571.42857142857,1,0,0
b,Pasar Kreneng,2024-09-30,30000.0,32500.0,33857.142857142855,1,0,0
a,Pasar Anyar,2024-09-30,35000.0,30000.0,33857.142857142855,1,0,0
1,Kota Denpasar,2024-09-30,32500.0,35000.0,33285.71428571428,1,0,0
II,Bali,2024-09-30,32500.0,32500.0,32500.0,1,0,0
I,Semua Provinsi,2024-09-30,50450.0,32500.0,34707.142857142855,1,0,0
a,Pasar Badung,2024-09-30,35000.0,50450.0,35421.42857142857,1,0,0
b,Pasar Banyuasri,2024-10-01,32500.0,35000.0,35421.42857142857,1,0,0
2,Kota Singaraja,2024-10-01,33750.0,32500.0,35957.142857142855,1,0,0
b,Pasar Kreneng,2024-10-01,36000.0,33750.0,36100.0,1,0,0
a,Pasar Anyar,2024-10-01,35000.0,36000.0,36457.142857142855,1,0,0
1,Kota Denpasar,2024-10-01,35500.0,35000.0,36885.71428571428,1,0,0
II,Bali,2024-10-01,34650.0,35500.0,34628.57142857143,1,0,0
I,Semua Provinsi,2024-10-01,50650.0,34650.0,36864.28571428572,1,0,0
a,Pasar Badung,2024-10-01,35000.0,50650.0,37221.42857142857,1,0,0
b,Pasar Banyuasri,2024-10-02,34500.0,35000.0,37328.57142857143,1,0,0
I,Semua Provinsi,2024-10-02,51100.0,34500.0,39485.71428571428,1,0,0
II,Bali,2024-10-02,39150.0,51100.0,40078.57142857143,1,0,0
1,Kota Denpasar,2024-10-02,43500.0,39150.0,41221.42857142857,1,0,0
a,Pasar Badung,2024-10-02,45000.0,43500.0,42700.0,1,0,0
b,Pasar Kreneng,2024-10-02,42000.0,45000.0,41464.28571428572,1,0,0
2,Kota Singaraja,2024-10-02,34750.0,42000.0,41428.57142857143,1,0,0
a,Pasar Anyar,2024-10-02,35000.0,34750.0,41500.0,1,0,0
a,Pasar Anyar,2024-10-03,35000.0,35000.0,39200.0,1,0,0
2,Kota Singaraja,2024-10-03,36250.0,35000.0,38785.71428571428,1,0,0
b,Pasar Banyuasri,2024-10-03,37500.0,36250.0,37928.57142857143,1,0,0
b,Pasar Kreneng,2024-10-03,42000.0,37500.0,37500.0,1,0,0
I,Semua Provinsi,2024-10-03,50850.0,42000.0,38764.28571428572,1,0,0
1,Kota Denpasar,2024-10-03,43500.0,50850.0,40014.28571428572,1,0,0
II,Bali,2024-10-03,39900.0,43500.0,40714.28571428572,1,0,0
a,Pasar Badung,2024-10-03,45000.0,39900.0,42142.857142857145,1,0,0
I,Semua Provinsi,2024-10-04,50850.0,45000.0,44228.57142857143,1,0,0
II,Bali,2024-10-04,40000.0,50850.0,44585.71428571428,1,0,0
1,Kota Denpasar,2024-10-04,43500.0,40000.0,44800.0,1,0,0
a,Pasar Badung,2024-10-04,45000.0,43500.0,43964.28571428572,1,0,0
b,Pasar Kreneng,2024-10-04,42000.0,45000.0,43750.0,1,0,0
2,Kota Singaraja,2024-10-04,36500.0,42000.0,43264.28571428572,1,0,0
a,Pasar Anyar,2024-10-04,35000.0,36500.0,41835.71428571428,1,0,0
b,Pasar Banyuasri,2024-10-04,38000.0,35000.0,40000.0,1,0,0
b,Pasar Banyuasri,2024-10-07,39000.0,38000.0,39857.142857142855,0,0,1
a,Pasar Anyar,2024-10-07,40000.0,39000.0,39357.142857142855,0,0,1
2,Kota Singaraja,2024-10-07,39500.0,40000.0,38571.42857142857,0,0,1
b,Pasar Kreneng,2024-10-07,45000.0,39500.0,39000.0,0,0,1
I,Semua Provinsi,2024-10-07,51350.0,45000.0,41121.42857142857,0,0,1
1,Kota Denpasar,2024-10-07,45000.0,51350.0,42550.0,0,0,1
II,Bali,2024-10-07,42250.0,45000.0,43157.142857142855,0,0,1
a,Pasar Badung,2024-10-07,45000.0,42250.0,44014.28571428572,0,0,1
2,Kota Singaraja,2024-10-08,39500.0,45000.0,43942.857142857145,0,0,1
b,Pasar Banyuasri,2024-10-08,39000.0,39500.0,43871.42857142857,0,0,1
a,Pasar Anyar,2024-10-08,40000.0,39000.0,43157.142857142855,0,0,1
b,Pasar Kreneng,2024-10-08,45000.0,40000.0,42250.0,0,0,1
I,Semua Provinsi,2024-10-08,51600.0,45000.0,43192.857142857145,0,0,1
1,Kota Denpasar,2024-10-08,45000.0,51600.0,43585.71428571428,0,0,1
II,Bali,2024-10-08,42250.0,45000.0,43192.857142857145,0,0,1
a,Pasar Badung,2024-10-08,45000.0,42250.0,43978.57142857143,0,0,1
I,Semua Provinsi,2024-10-09,51500.0,45000.0,45764.28571428572,0,0,0
II,Bali,2024-10-09,40750.0,51500.0,45871.42857142857,0,0,0
1,Kota Denpasar,2024-10-09,42500.0,40750.0,45514.28571428572,0,0,0
a,Pasar Badung,2024-10-09,45000.0,42500.0,44571.42857142857,0,0,0
b,Pasar Kreneng,2024-10-09,40000.0,45000.0,43857.142857142855,0,0,0
2,Kota Singaraja,2024-10-09,39000.0,40000.0,43392.857142857145,0,0,0
a,Pasar Anyar,2024-10-09,40000.0,39000.0,42678.57142857143,0,0,0
b,Pasar Banyuasri,2024-10-09,38000.0,40000.0,40750.0,0,0,0
2,Kota Singaraja,2024-10-10,38500.0,38000.0,40428.57142857143,0,0,0
b,Pasar Banyuasri,2024-10-10,37000.0,38500.0,39642.857142857145,0,0,0
a,Pasar Anyar,2024-10-10,40000.0,37000.0,38928.57142857143,0,0,0
b,Pasar Kreneng,2024-10-10,35500.0,40000.0,38285.71428571428,0,0,0
I,Semua Provinsi,2024-10-10,51150.0,35500.0,40021.42857142857,0,0,0
1,Kota Denpasar,2024-10-10,35250.0,51150.0,39342.857142857145,0,0,0
II,Bali,2024-10-10,36900.0,35250.0,39185.71428571428,0,0,0
a,Pasar Badung,2024-10-10,35000.0,36900.0,38685.71428571428,0,0,0
I,Semua Provinsi,2024-10-11,51850.0,35000.0,40807.142857142855,0,0,0
II,Bali,2024-10-11,39900.0,51850.0,40792.857142857145,0,0,0
1,Kota Denpasar,2024-10-11,41250.0,39900.0,41614.28571428572,0,0,0
a,Pasar Badung,2024-10-11,40000.0,41250.0,40021.42857142857,0,0,0
b,Pasar Kreneng,2024-10-11,42500.0,40000.0,41057.142857142855,0,0,0
2,Kota Singaraja,2024-10-11,38500.0,42500.0,41285.71428571428,0,0,0
a,Pasar Anyar,2024-10-11,40000.0,38500.0,42000.0,0,0,0
b,Pasar Banyuasri,2024-10-11,37000.0,40000.0,39878.57142857143,0,0,0
b,Pasar Banyuasri,2024-10-14,37500.0,37000.0,39535.71428571428,0,0,0
a,Pasar Anyar,2024-10-14,40000.0,37500.0,39357.142857142855,0,0,0
2,Kota Singaraja,2024-10-14,38750.0,40000.0,39178.57142857143,0,0,0
b,Pasar Kreneng,2024-10-14,44000.0,38750.0,39392.857142857145,0,0,0
1,Kota Denpasar,2024-10-14,42000.0,44000.0,39892.857142857145,0,0,0
II,Bali,2024-10-14,40400.0,42000.0,39950.0,0,0,0
I,Semua Provinsi,2024-10-14,52600.0,40400.0,42178.57142857143,0,0,0
a,Pasar Badung,2024-10-14,40000.0,52600.0,42535.71428571428,0,0,0
I,Semua Provinsi,2024-10-15,52150.0,40000.0,44271.42857142857,0,0,0
II,Bali,2024-10-15,39750.0,52150.0,44414.28571428572,0,0,0
1,Kota Denpasar,2024-10-15,40250.0,39750.0,43878.57142857143,0,0,0
a,Pasar Badung,2024-10-15,40000.0,40250.0,43592.857142857145,0,0,0
b,Pasar Kreneng,2024-10-15,40500.0,40000.0,43607.142857142855,0,0,0
2,Kota Singaraja,2024-10-15,39250.0,40500.0,41700.0,0,0,0
a,Pasar Anyar,2024-10-15,40000.0,39250.0,41700.0,0,0,0
b,Pasar Banyuasri,2024-10-15,38500.0,40000.0,39750.0,0,0,0
2,Kota Singaraja,2024-10-16,39000.0,38500.0,39642.857142857145,0,0,0
b,Pasar Banyuasri,2024-10-16,38000.0,39000.0,39321.42857142857,0,0,0
a,Pasar Anyar,2024-10-16,40000.0,38000.0,39321.42857142857,0,0,0
b,Pasar Kreneng,2024-10-16,39500.0,40000.0,39178.57142857143,0,0,0
I,Semua Provinsi,2024-10-16,51750.0,39500.0,40964.28571428572,0,0,0
1,Kota Denpasar,2024-10-16,39750.0,51750.0,40928.57142857143,0,0,0
a,Pasar Badung,2024-10-16,40000.0,39750.0,41142.857142857145,0,0,0
II,Bali,2024-10-16,39400.0,40000.0,41200.0,0,0,0
I,Semua Provinsi,2024-10-17,50900.0,39400.0,43042.857142857145,0,0,0
II,Bali,2024-10-17,39250.0,50900.0,42935.71428571428,0,0,0
1,Kota Denpasar,2024-10-17,40000.0,39250.0,43007.142857142855,0,0,0
a,Pasar Badung,2024-10-17,40000.0,40000.0,41328.57142857143,0,0,0
b,Pasar Kreneng,2024-10-17,40000.0,40000.0,41364.28571428572,0,0,0
2,Kota Singaraja,2024-10-17,38500.0,40000.0,41150.0,0,0,0
a,Pasar Anyar,2024-10-17,40000.0,38500.0,41235.71428571428,0,0,0
b,Pasar Banyuasri,2024-10-17,37000.0,40000.0,39250.0,0,0,0
b,Pasar Kreneng,2024-10-18,40500.0,37000.0,39428.57142857143,0,0,0
b,Pasar Banyuasri,2024-10-18,37000.0,40500.0,39000.0,0,0,0
a,Pasar Anyar,2024-10-18,38000.0,37000.0,38714.28571428572,0,0,0
2,Kota Singaraja,2024-10-18,37500.0,38000.0,38357.142857142855,0,0,0
a,Pasar Badung,2024-10-18,40000.0,37500.0,38571.42857142857,0,0,0
1,Kota Denpasar,2024-10-18,40250.0,40000.0,38607.142857142855,0,0,0
II,Bali,2024-10-18,38900.0,40250.0,38878.57142857143,0,0,0
I,Semua Provinsi,2024-10-18,51250.0,38900.0,40414.28571428572,0,0,0
I,Semua Provinsi,2024-10-21,50100.0,51250.0,42285.71428571428,0,0,0
II,Bali,2024-10-21,37250.0,50100.0,42178.57142857143,0,0,0
1,Kota Denpasar,2024-10-21,39250.0,37250.0,42428.57142857143,0,0,0
a,Pasar Badung,2024-10-21,40000.0,39250.0,42428.57142857143,0,0,0
b,Pasar Kreneng,2024-10-21,38500.0,40000.0,42178.57142857143,0,0,0
2,Kota Singaraja,2024-10-21,35250.0,38500.0,41657.142857142855,0,0,0
a,Pasar Anyar,2024-10-21,35000.0,35250.0,39335.71428571428,0,0,0
b,Pasar Banyuasri,2024-10-21,35500.0,35000.0,37250.0,0,0,0
a,Pasar Anyar,2024-10-22,35000.0,35500.0,36928.57142857143,0,0,0
2,Kota Singaraja,2024-10-22,34250.0,35000.0,36214.28571428572,0,0,0
b,Pasar Banyuasri,2024-10-22,33500.0,34250.0,35285.71428571428,0,0,0
b,Pasar Kreneng,2024-10-22,35500.0,33500.0,34857.142857142855,0,0,0
1,Kota Denpasar,2024-10-22,37750.0,35500.0,35214.28571428572,0,0,0
II,Bali,2024-10-22,36000.0,37750.0,35357.142857142855,0,0,0
I,Semua Provinsi,2024-10-22,49100.0,36000.0,37300.0,0,0,0
a,Pasar Badung,2024-10-22,40000.0,49100.0,38014.28571428572,0,0,0
I,Semua Provinsi,2024-10-23,48400.0,40000.0,40035.71428571428,0,0,0
II,Bali,2024-10-23,34750.0,48400.0,40214.28571428572,0,0,0
1,Kota Denpasar,2024-10-23,35250.0,34750.0,40178.57142857143,0,0,0
a,Pasar Badung,2024-10-23,35000.0,35250.0,39785.71428571428,0,0,0
b,Pasar Kreneng,2024-10-23,35500.0,35000.0,39714.28571428572,0,0,0
2,Kota Singaraja,2024-10-23,34250.0,35500.0,37592.857142857145,0,0,0
a,Pasar Anyar,2024-10-23,35000.0,34250.0,36878.57142857143,0,0,0
b,Pasar Banyuasri,2024-10-23,33500.0,35000.0,34750.0,0,0,0
b,Pasar Banyuasri,2024-10-24,32500.0,33500.0,34428.57142857143,0,0,0
a,Pasar Anyar,2024-10-24,35000.0,32500.0,34392.857142857145,0,0,0
2,Kota Singaraja,2024-10-24,33750.0,35000.0,34214.28571428572,0,0,0
b,Pasar Kreneng,2024-10-24,35000.0,33750.0,34142.857142857145,0,0,0
a,Pasar Badung,2024-10-24,35000.0,35000.0,34250.0,0,0,0
II,Bali,2024-10-24,34400.0,35000.0,34164.28571428572,0,0,0
I,Semua Provinsi,2024-10-24,48100.0,34400.0,36250.0,0,0,0
1,Kota Denpasar,2024-10-24,35000.0,48100.0,36607.142857142855,0,0,0
I,Semua Provinsi,2024-10-25,47700.0,35000.0,38421.42857142857,0,0,0
II,Bali,2024-10-25,34400.0,47700.0,38514.28571428572,0,0,0
1,Kota Denpasar,2024-10-25,35000.0,34400.0,38514.28571428572,0,0,0
a,Pasar Badung,2024-10-25,35000.0,35000.0,38514.28571428572,0,0,0
b,Pasar Kreneng,2024-10-25,35000.0,35000.0,38600.0,0,0,0
2,Kota Singaraja,2024-10-25,33750.0,35000.0,36550.0,0,0,0
a,Pasar Anyar,2024-10-25,35000.0,33750.0,36550.0,0,0,0
b,Pasar Banyuasri,2024-10-25,32500.0,35000.0,34378.57142857143,0,0,0
2,Kota Singaraja,2024-10-28,33500.0,32500.0,34250.0,0,0,0
b,Pasar Banyuasri,2024-10-28,32000.0,33500.0,33821.42857142857,0,0,0
a,Pasar Anyar,2024-10-28,35000.0,32000.0,33821.42857142857,0,0,0
b,Pasar Kreneng,2024-10-28,34000.0,35000.0,33678.57142857143,0,0,0
I,Semua Provinsi,2024-10-28,46650.0,34000.0,35521.42857142857,0,0,0
1,Kota Denpasar,2024-10-28,32000.0,46650.0,35092.857142857145,0,0,0
a,Pasar Badung,2024-10-28,30000.0,32000.0,34735.71428571428,0,0,0
II,Bali,2024-10-28,32750.0,30000.0,34628.57142857143,0,0,0
I,Semua Provinsi,2024-10-29,46450.0,32750.0,36692.857142857145,0,0,0
II,Bali,2024-10-29,32400.0,46450.0,36321.42857142857,0,0,0
1,Kota Denpasar,2024-10-29,31750.0,32400.0,36000.0,0,0,0
a,Pasar Badung,2024-10-29,30000.0,31750.0,33621.42857142857,0,0,0
b,Pasar Kreneng,2024-10-29,33500.0,30000.0,33835.71428571428,0,0,0
2,Kota Singaraja,2024-10-29,33000.0,33500.0,34264.28571428572,0,0,0
a,Pasar Anyar,2024-10-29,35000.0,33000.0,34585.71428571428,0,0,0
b,Pasar Banyuasri,2024-10-29,31000.0,35000.0,32378.571428571428,0,0,0
b,Pasar Kreneng,2024-10-30,33500.0,31000.0,32535.714285714286,0,0,0
b,Pasar Banyuasri,2024-10-30,27500.0,33500.0,31928.571428571428,0,0,0
a,Pasar Anyar,2024-10-30,32000.0,27500.0,32214.285714285714,0,0,0
2,Kota Singaraja,2024-10-30,29750.0,32000.0,31678.571428571428,0,0,0
II,Bali,2024-10-30,30750.0,29750.0,31357.14285714286,0,0,0
a,Pasar Badung,2024-10-30,30000.0,30750.0,30642.85714285714,0,0,0
1,Kota Denpasar,2024-10-30,31750.0,30000.0,30750.0,0,0,0
I,Semua Provinsi,2024-10-30,45700.0,31750.0,32492.85714285714,0,0,0
2,Kota Singaraja,2024-10-31,28750.0,45700.0,32671.428571428572,0,0,0
a,Pasar Anyar,2024-10-31,30000.0,28750.0,32385.714285714286,0,0,0
b,Pasar Banyuasri,2024-10-31,27500.0,30000.0,32064.285714285714,0,0,0
b,Pasar Kreneng,2024-10-31,32500.0,27500.0,32314.285714285714,0,0,0
II,Bali,2024-10-31,30000.0,32500.0,32314.285714285714,0,0,0
1,Kota Denpasar,2024-10-31,31250.0,30000.0,32242.85714285714,0,0,0
I,Semua Provinsi,2024-10-31,45650.0,31250.0,32235.714285714286,0,0,0
a,Pasar Badung,2024-10-31,30000.0,45650.0,32414.285714285714,0,0,0
a,Pasar Anyar,2024-11-01,30000.0,30000.0,32414.285714285714,0,0,0
b,Pasar Banyuasri,2024-11-01,27500.0,30000.0,32414.285714285714,0,0,0
2,Kota Singaraja,2024-11-01,28750.0,27500.0,31878.571428571428,0,0,0
b,Pasar Kreneng,2024-11-01,31000.0,28750.0,32021.428571428572,0,0,0
1,Kota Denpasar,2024-11-01,30500.0,31000.0,31914.285714285714,0,0,0
II,Bali,2024-11-01,29650.0,30500.0,29628.571428571428,0,0,0
I,Semua Provinsi,2024-11-01,44950.0,29650.0,31764.285714285714,0,0,0
a,Pasar Badung,2024-11-01,30000.0,44950.0,31764.285714285714,0,0,0
b,Pasar Banyuasri,2024-11-04,26500.0,30000.0,31621.428571428572,0,0,0
a,Pasar Anyar,2024-11-04,26500.0,26500.0,31300.0,0,0,0
2,Kota Singaraja,2024-11-04,26500.0,26500.0,30657.14285714286,0,0,0
b,Pasar Kreneng,2024-11-04,30000.0,26500.0,30585.714285714286,0,0,0
II,Bali,2024-11-04,28250.0,30000.0,30385.714285714286,0,0,0
1,Kota Denpasar,2024-11-04,30000.0,28250.0,28250.0,0,0,0
I,Semua Provinsi,2024-11-04,44550.0,30000.0,30328.571428571428,0,0,0
a,Pasar Badung,2024-11-04,30000.0,44550.0,30828.571428571428,0,0,0
a,Pasar Anyar,2024-11-05,26500.0,30000.0,30828.571428571428,0,0,0
2,Kota Singaraja,2024-11-05,27000.0,26500.0,30900.0,0,0,0
b,Pasar Kreneng,2024-11-05,30000.0,27000.0,30900.0,0,0,0
b,Pasar Banyuasri,2024-11-05,27500.0,30000.0,30792.85714285714,0,0,0
1,Kota Denpasar,2024-11-05,30000.0,27500.0,30792.85714285714,0,0,0
II,Bali,2024-11-05,28500.0,30000.0,28500.0,0,0,0
I,Semua Provinsi,2024-11-05,44550.0,28500.0,30578.571428571428,0,0,0
a,Pasar Badung,2024-11-05,30000.0,44550.0,31078.571428571428,0,0,0
I,Semua Provinsi,2024-11-06,45250.0,30000.0,33685.71428571428,0,0,0
II,Bali,2024-11-06,29150.0,45250.0,33564.28571428572,0,0,0
1,Kota Denpasar,2024-11-06,31250.0,29150.0,34100.0,0,0,0
a,Pasar Badung,2024-11-06,30000.0,31250.0,34100.0,0,0,0
b,Pasar Kreneng,2024-11-06,32500.0,30000.0,34671.42857142857,0,0,0
2,Kota Singaraja,2024-11-06,27000.0,32500.0,32164.285714285714,0,0,0
a,Pasar Anyar,2024-11-06,26500.0,27000.0,31664.285714285714,0,0,0
b,Pasar Banyuasri,2024-11-06,27500.0,26500.0,29128.571428571428,0,0,0
2,Kota Singaraja,2024-11-07,27000.0,27500.0,28821.428571428572,0,0,0
a,Pasar Anyar,2024-11-07,26500.0,27000.0,28142.85714285714,0,0,0
b,Pasar Kreneng,2024-11-07,32500.0,26500.0,28500.0,0,0,0
b,Pasar Banyuasri,2024-11-07,27500.0,32500.0,27785.714285714286,0,0,0
1,Kota Denpasar,2024-11-07,31250.0,27500.0,28392.85714285714,0,0,0
II,Bali,2024-11-07,29150.0,31250.0,28771.428571428572,0,0,0
I,Semua Provinsi,2024-11-07,44400.0,29150.0,31185.714285714286,0,0,0
a,Pasar Badung,2024-11-07,30000.0,44400.0,31614.285714285714,0,0,0
b,Pasar Banyuasri,2024-11-08,27500.0,30000.0,31757.14285714286,0,0,0
2,Kota Singaraja,2024-11-08,27000.0,27500.0,30971.428571428572,0,0,0
a,Pasar Anyar,2024-11-08,26500.0,27000.0,30828.571428571428,0,0,0
b,Pasar Kreneng,2024-11-08,31000.0,26500.0,30792.85714285714,0,0,0
I,Semua Provinsi,2024-11-08,45350.0,31000.0,33107.142857142855,0,0,0
1,Kota Denpasar,2024-11-08,30500.0,45350.0,31121.428571428572,0,0,0
a,Pasar Badung,2024-11-08,30000.0,30500.0,31121.428571428572,0,0,0
II,Bali,2024-11-08,28750.0,30000.0,31300.0,0,0,0
I,Semua Provinsi,2024-11-11,46900.0,28750.0,34142.857142857145,0,0,0
II,Bali,2024-11-11,35750.0,46900.0,35464.28571428572,0,0,0
1,Kota Denpasar,2024-11-11,37500.0,35750.0,36392.857142857145,0,0,0
a,Pasar Badung,2024-11-11,40000.0,37500.0,35628.57142857143,0,0,0
b,Pasar Kreneng,2024-11-11,35000.0,40000.0,36271.42857142857,0,0,0
2,Kota Singaraja,2024-11-11,34000.0,35000.0,36842.857142857145,0,0,0
a,Pasar Anyar,2024-11-11,35000.0,34000.0,37735.71428571428,0,0,0
b,Pasar Banyuasri,2024-11-11,33000.0,35000.0,35750.0,0,0,0
2,Kota Singaraja,2024-11-12,34000.0,33000.0,35500.0,0,0,0
b,Pasar Banyuasri,2024-11-12,33000.0,34000.0,34857.142857142855,0,0,0
a,Pasar Anyar,2024-11-12,35000.0,33000.0,34142.857142857145,0,0,0
b,Pasar Kreneng,2024-11-12,35000.0,35000.0,34142.857142857145,0,0,0
1,Kota Denpasar,2024-11-12,37500.0,35000.0,34642.857142857145,0,0,0
II,Bali,2024-11-12,35750.0,37500.0,34750.0,0,0,0
I,Semua Provinsi,2024-11-12,48100.0,35750.0,36907.142857142855,0,0,0
a,Pasar Badung,2024-11-12,40000.0,48100.0,37764.28571428572,0,0,0
I,Semua Provinsi,2024-11-13,48050.0,40000.0,39914.28571428572,0,0,0
II,Bali,2024-11-13,33150.0,48050.0,39650.0,0,0,0
1,Kota Denpasar,2024-11-13,32500.0,33150.0,39292.857142857145,0,0,0
a,Pasar Badung,2024-11-13,30000.0,32500.0,38221.42857142857,0,0,0
b,Pasar Kreneng,2024-11-13,35000.0,30000.0,38114.28571428572,0,0,0
2,Kota Singaraja,2024-11-13,33750.0,35000.0,36064.28571428572,0,0,0
a,Pasar Anyar,2024-11-13,35000.0,33750.0,35350.0,0,0,0
b,Pasar Banyuasri,2024-11-13,32500.0,35000.0,33128.57142857143,0,0,0
b,Pasar Kreneng,2024-11-14,33500.0,32500.0,33178.57142857143,0,0,0
a,Pasar Anyar,2024-11-14,35000.0,33500.0,33535.71428571428,0,0,0
2,Kota Singaraja,2024-11-14,33000.0,35000.0,33964.28571428572,0,0,0
b,Pasar Banyuasri,2024-11-14,31000.0,33000.0,33392.857142857145,0,0,0
a,Pasar Badung,2024-11-14,30000.0,31000.0,32857.142857142855,0,0,0
II,Bali,2024-11-14,32400.0,30000.0,32485.714285714286,0,0,0
I,Semua Provinsi,2024-11-14,48100.0,32400.0,34714.28571428572,0,0,0
1,Kota Denpasar,2024-11-14,31750.0,48100.0,34464.28571428572,0,0,0
I,Semua Provinsi,2024-11-15,47950.0,31750.0,36314.28571428572,0,0,0
II,Bali,2024-11-15,30900.0,47950.0,36014.28571428572,0,0,0
1,Kota Denpasar,2024-11-15,30500.0,30900.0,35942.857142857145,0,0,0
a,Pasar Badung,2024-11-15,30000.0,30500.0,35942.857142857145,0,0,0
b,Pasar Kreneng,2024-11-15,31000.0,30000.0,35742.857142857145,0,0,0
2,Kota Singaraja,2024-11-15,31250.0,31000.0,33335.71428571428,0,0,0
a,Pasar Anyar,2024-11-15,33500.0,31250.0,33585.71428571428,0,0,0
b,Pasar Banyuasri,2024-11-15,29000.0,33500.0,30878.571428571428,0,0,0
b,Pasar Banyuasri,2024-11-18,29000.0,29000.0,30607.14285714286,0,0,0
a,Pasar Anyar,2024-11-18,32000.0,29000.0,30821.428571428572,0,0,0
2,Kota Singaraja,2024-11-18,30500.0,32000.0,30892.85714285714,0,0,0
b,Pasar Kreneng,2024-11-18,31000.0,30500.0,30892.85714285714,0,0,0
a,Pasar Badung,2024-11-18,30000.0,31000.0,30714.285714285714,0,0,0
II,Bali,2024-11-18,30500.0,30000.0,30285.714285714286,0,0,0
I,Semua Provinsi,2024-11-18,46650.0,30500.0,32807.142857142855,0,0,0
1,Kota Denpasar,2024-11-18,30500.0,46650.0,33021.42857142857,0,0,0
I,Semua Provinsi,2024-11-19,47050.0,30500.0,35171.42857142857,0,0,0
II,Bali,2024-11-19,28250.0,47050.0,34850.0,0,0,0
1,Kota Denpasar,2024-11-19,28250.0,28250.0,34457.142857142855,0,0,0
a,Pasar Badung,2024-11-19,30000.0,28250.0,34457.142857142855,0,0,0
b,Pasar Kreneng,2024-11-19,26500.0,30000.0,33885.71428571428,0,0,0
2,Kota Singaraja,2024-11-19,28250.0,26500.0,31257.14285714286,0,0,0
a,Pasar Anyar,2024-11-19,29000.0,28250.0,31042.85714285714,0,0,0
b,Pasar Banyuasri,2024-11-19,27500.0,29000.0,28250.0,0,0,0
2,Kota Singaraja,2024-11-20,27000.0,27500.0,28071.428571428572,0,0,0
a,Pasar Anyar,2024-11-20,29000.0,27000.0,28178.571428571428,0,0,0
b,Pasar Banyuasri,2024-11-20,25000.0,29000.0,27464.285714285714,0,0,0
b,Pasar Kreneng,2024-11-20,25000.0,25000.0,27250.0,0,0,0
1,Kota Denpasar,2024-11-20,25000.0,25000.0,26785.714285714286,0,0,0
II,Bali,2024-11-20,26000.0,25000.0,26357.14285714286,0,0,0
I,Semua Provinsi,2024-11-20,46250.0,26000.0,29035.714285714286,0,0,0
a,Pasar Badung,2024-11-20,25000.0,46250.0,28750.0,0,0,0
I,Semua Provinsi,2024-11-21,45850.0,25000.0,31157.14285714286,0,0,0
II,Bali,2024-11-21,24900.0,45850.0,31142.85714285714,0,0,0
1,Kota Denpasar,2024-11-21,25000.0,24900.0,31142.85714285714,0,0,0
a,Pasar Badung,2024-11-21,25000.0,25000.0,31142.85714285714,0,0,0
b,Pasar Kreneng,2024-11-21,25000.0,25000.0,31000.0,0,0,0
2,Kota Singaraja,2024-11-21,24750.0,25000.0,27928.571428571428,0,0,0
a,Pasar Anyar,2024-11-21,27000.0,24750.0,28214.285714285714,0,0,0
b,Pasar Banyuasri,2024-11-21,22500.0,27000.0,24878.571428571428,0,0,0
b,Pasar Banyuasri,2024-11-22,27500.0,22500.0,25250.0,0,0,0
a,Pasar Anyar,2024-11-22,27000.0,27500.0,25535.714285714286,0,0,0
2,Kota Singaraja,2024-11-22,27250.0,27000.0,25857.14285714286,0,0,0
b,Pasar Kreneng,2024-11-22,25000.0,27250.0,25857.14285714286,0,0,0
a,Pasar Badung,2024-11-22,25000.0,25000.0,25892.85714285714,0,0,0
1,Kota Denpasar,2024-11-22,25000.0,25000.0,25607.14285714286,0,0,0
II,Bali,2024-11-22,26150.0,25000.0,26128.571428571428,0,0,0
I,Semua Provinsi,2024-11-22,45650.0,26150.0,28721.428571428572,0,0,0
I,Semua Provinsi,2024-11-25,44350.0,45650.0,31200.0,0,0,0
II,Bali,2024-11-25,24000.0,44350.0,30735.714285714286,0,0,0
1,Kota Denpasar,2024-11-25,24250.0,24000.0,30628.571428571428,0,0,0
a,Pasar Badung,2024-11-25,25000.0,24250.0,30628.571428571428,0,0,0
b,Pasar Kreneng,2024-11-25,23500.0,25000.0,30414.285714285714,0,0,0
2,Kota Singaraja,2024-11-25,23750.0,23500.0,30071.428571428572,0,0,0
a,Pasar Anyar,2024-11-25,25000.0,23750.0,27121.428571428572,0,0,0
b,Pasar Banyuasri,2024-11-25,22500.0,25000.0,24000.0,0,0,0
b,Pasar Banyuasri,2024-11-26,22500.0,22500.0,23785.714285714286,0,0,0
a,Pasar Anyar,2024-11-26,25000.0,22500.0,23892.85714285714,0,0,0
2,Kota Singaraja,2024-11-26,23750.0,25000.0,23714.285714285714,0,0,0
b,Pasar Kreneng,2024-11-26,23500.0,23750.0,23714.285714285714,0,0,0
a,Pasar Badung,2024-11-26,20000.0,23500.0,23178.571428571428,0,0,0
1,Kota Denpasar,2024-11-26,21750.0,20000.0,22714.285714285714,0,0,0
II,Bali,2024-11-26,22750.0,21750.0,22750.0,0,0,0
I,Semua Provinsi,2024-11-26,44150.0,22750.0,25842.85714285714,0,0,0
I,Semua Provinsi,2024-11-27,42150.0,44150.0,28292.85714285714,0,0,0
II,Bali,2024-11-27,22750.0,42150.0,28150.0,0,0,0
1,Kota Denpasar,2024-11-27,21750.0,22750.0,27900.0,0,0,0
a,Pasar Badung,2024-11-27,20000.0,21750.0,27900.0,0,0,0
b,Pasar Kreneng,2024-11-27,23500.0,20000.0,28150.0,0,0,0
2,Kota Singaraja,2024-11-27,23750.0,23500.0,28292.85714285714,0,0,0
a,Pasar Anyar,2024-11-27,25000.0,23750.0,25557.14285714286,0,0,0
b,Pasar Banyuasri,2024-11-27,22500.0,25000.0,22750.0,0,0,0
b,Pasar Banyuasri,2024-11-28,25500.0,22500.0,23142.85714285714,0,0,0
a,Pasar Anyar,2024-11-28,27500.0,25500.0,23964.285714285714,0,0,0
2,Kota Singaraja,2024-11-28,26500.0,27500.0,24892.85714285714,0,0,0
b,Pasar Kreneng,2024-11-28,25000.0,26500.0,25107.14285714286,0,0,0
a,Pasar Badung,2024-11-28,25000.0,25000.0,25285.714285714286,0,0,0
1,Kota Denpasar,2024-11-28,25000.0,25000.0,25285.714285714286,0,0,0
II,Bali,2024-11-28,25750.0,25000.0,25750.0,0,0,0
I,Semua Provinsi,2024-11-28,44600.0,25750.0,28478.571428571428,0,0,0
I,Semua Provinsi,2024-11-29,44600.0,44600.0,30921.428571428572,0,0,0
II,Bali,2024-11-29,26650.0,44600.0,30942.85714285714,0,0,0
1,Kota Denpasar,2024-11-29,25000.0,26650.0,30942.85714285714,0,0,0
a,Pasar Badung,2024-11-29,25000.0,25000.0,30942.85714285714,0,0,0
b,Pasar Kreneng,2024-11-29,25000.0,25000.0,30942.85714285714,0,0,0
2,Kota Singaraja,2024-11-29,28250.0,25000.0,31300.0,0,0,0
a,Pasar Anyar,2024-11-29,29000.0,28250.0,29071.428571428572,0,0,0
b,Pasar Banyuasri,2024-11-29,27500.0,29000.0,26628.571428571428,0,0,0
a,Pasar Anyar,2024-12-02,29000.0,27500.0,26964.285714285714,0,0,0
2,Kota Singaraja,2024-12-02,25750.0,29000.0,27071.428571428572,0,0,0
b,Pasar Kreneng,2024-12-02,26500.0,25750.0,27285.714285714286,0,0,0
b,Pasar Banyuasri,2024-12-02,22500.0,26500.0,26928.571428571428,0,0,0
1,Kota Denpasar,2024-12-02,25750.0,22500.0,26571.428571428572,0,0,0
II,Bali,2024-12-02,25750.0,25750.0,26107.14285714286,0,0,0
I,Semua Provinsi,2024-12-02,44100.0,25750.0,28478.571428571428,0,0,0
a,Pasar Badung,2024-12-02,25000.0,44100.0,27907.14285714286,0,0,0
I,Semua Provinsi,2024-12-03,44150.0,25000.0,30535.714285714286,0,0,0
II,Bali,2024-12-03,24750.0,44150.0,30285.714285714286,0,0,0
1,Kota Denpasar,2024-12-03,25750.0,24750.0,30750.0,0,0,0
a,Pasar Badung,2024-12-03,25000.0,25750.0,30642.85714285714,0,0,0
b,Pasar Kreneng,2024-12-03,26500.0,25000.0,30750.0,0,0,0
2,Kota Singaraja,2024-12-03,23750.0,26500.0,27842.85714285714,0,0,0
a,Pasar Anyar,2024-12-03,25000.0,23750.0,27842.85714285714,0,0,0
b,Pasar Banyuasri,2024-12-03,22500.0,25000.0,24750.0,0,0,0
b,Pasar Banyuasri,2024-12-04,25000.0,22500.0,24785.714285714286,0,0,0
a,Pasar Anyar,2024-12-04,25000.0,25000.0,24678.571428571428,0,0,0
2,Kota Singaraja,2024-12-04,25000.0,25000.0,24678.571428571428,0,0,0
b,Pasar Kreneng,2024-12-04,27500.0,25000.0,24821.428571428572,0,0,0
a,Pasar Badung,2024-12-04,30000.0,27500.0,25714.285714285714,0,0,0
1,Kota Denpasar,2024-12-04,28750.0,30000.0,26250.0,0,0,0
II,Bali,2024-12-04,26900.0,28750.0,26878.571428571428,0,0,0
I,Semua Provinsi,2024-12-04,44050.0,26900.0,29600.0,0,0,0
I,Semua Provinsi,2024-12-05,44200.0,44050.0,32342.85714285714,0,0,0
II,Bali,2024-12-05,28900.0,44200.0,32900.0,0,0,0
1,Kota Denpasar,2024-12-05,30000.0,28900.0,33257.142857142855,0,0,0
a,Pasar Badung,2024-12-05,30000.0,30000.0,33257.142857142855,0,0,0
b,Pasar Kreneng,2024-12-05,30000.0,30000.0,33435.71428571428,0,0,0
2,Kota Singaraja,2024-12-05,27750.0,30000.0,33557.142857142855,0,0,0
a,Pasar Anyar,2024-12-05,28000.0,27750.0,31264.285714285714,0,0,0
b,Pasar Banyuasri,2024-12-05,27500.0,28000.0,28878.571428571428,0,0,0
a,Pasar Anyar,2024-12-06,29000.0,27500.0,28892.85714285714,0,0,0
2,Kota Singaraja,2024-12-06,27750.0,29000.0,28571.428571428572,0,0,0
b,Pasar Kreneng,2024-12-06,30000.0,27750.0,28571.428571428572,0,0,0
b,Pasar Banyuasri,2024-12-06,26500.0,30000.0,28071.428571428572,0,0,0
1,Kota Denpasar,2024-12-06,30000.0,26500.0,28392.85714285714,0,0,0
II,Bali,2024-12-06,28900.0,30000.0,28521.428571428572,0,0,0
I,Semua Provinsi,2024-12-06,43950.0,28900.0,30871.428571428572,0,0,0
a,Pasar Badung,2024-12-06,30000.0,43950.0,31014.285714285714,0,0,0
I,Semua Provinsi,2024-12-09,44450.0,30000.0,33400.0,0,0,0
II,Bali,2024-12-09,29650.0,44450.0,33350.0,0,0,0
1,Kota Denpasar,2024-12-09,30500.0,29650.0,33921.42857142857,0,0,0
a,Pasar Badung,2024-12-09,30000.0,30500.0,33921.42857142857,0,0,0
b,Pasar Kreneng,2024-12-09,31000.0,30000.0,34221.42857142857,0,0,0
2,Kota Singaraja,2024-12-09,28750.0,31000.0,32050.0,0,0,0
a,Pasar Anyar,2024-12-09,30000.0,28750.0,32050.0,0,0,0
b,Pasar Banyuasri,2024-12-09,27500.0,30000.0,29628.571428571428,0,0,0
a,Pasar Anyar,2024-12-10,33500.0,27500.0,30178.571428571428,0,0,0
2,Kota Singaraja,2024-12-10,32750.0,33500.0,30500.0,0,0,0
b,Pasar Kreneng,2024-12-10,41000.0,32750.0,32071.428571428572,0,0,0
b,Pasar Banyuasri,2024-12-10,32000.0,41000.0,32214.285714285714,0,0,0
1,Kota Denpasar,2024-12-10,40500.0,32000.0,33892.857142857145,0,0,0
II,Bali,2024-12-10,36650.0,40500.0,34842.857142857145,0,0,0
I,Semua Provinsi,2024-12-10,44850.0,36650.0,37321.42857142857,0,0,0
a,Pasar Badung,2024-12-10,40000.0,44850.0,38250.0,0,0,0
a,Pasar Anyar,2024-12-11,33500.0,40000.0,38357.142857142855,0,0,0
2,Kota Singaraja,2024-12-11,31750.0,33500.0,37035.71428571428,0,0,0
b,Pasar Kreneng,2024-12-11,41000.0,31750.0,38321.42857142857,0,0,0
b,Pasar Banyuasri,2024-12-11,30000.0,41000.0,36821.42857142857,0,0,0
1,Kota Denpasar,2024-12-11,38000.0,30000.0,37014.28571428572,0,0,0
II,Bali,2024-12-11,34900.0,38000.0,35592.857142857145,0,0,0
I,Semua Provinsi,2024-12-11,45300.0,34900.0,36350.0,0,0,0
a,Pasar Badung,2024-12-11,35000.0,45300.0,36564.28571428572,0,0,0
I,Semua Provinsi,2024-12-12,45200.0,35000.0,38485.71428571428,0,0,0
II,Bali,2024-12-12,34500.0,45200.0,37557.142857142855,0,0,0
1,Kota Denpasar,2024-12-12,38000.0,34500.0,38700.0,0,0,0
a,Pasar Badung,2024-12-12,35000.0,38000.0,38271.42857142857,0,0,0
b,Pasar Kreneng,2024-12-12,41000.0,35000.0,39142.857142857145,0,0,0
2,Kota Singaraja,2024-12-12,31000.0,41000.0,37100.0,0,0,0
a,Pasar Anyar,2024-12-12,33500.0,31000.0,36885.71428571428,0,0,0
b,Pasar Banyuasri,2024-12-12,28500.0,33500.0,34500.0,0,0,0
2,Kota Singaraja,2024-12-13,30500.0,28500.0,33928.57142857143,0,0,0
b,Pasar Banyuasri,2024-12-13,27500.0,30500.0,32428.571428571428,0,0,0
a,Pasar Anyar,2024-12-13,33500.0,27500.0,32214.285714285714,0,0,0
b,Pasar Kreneng,2024-12-13,41000.0,33500.0,32214.285714285714,0,0,0
I,Semua Provinsi,2024-12-13,44500.0,41000.0,34142.857142857145,0,0,0
1,Kota Denpasar,2024-12-13,38000.0,44500.0,34785.71428571428,0,0,0
a,Pasar Badung,2024-12-13,35000.0,38000.0,35714.28571428572,0,0,0
II,Bali,2024-12-13,34250.0,35000.0,36250.0,0,0,0
I,Semua Provinsi,2024-12-16,47800.0,34250.0,39150.0,0,0,0
II,Bali,2024-12-16,45250.0,47800.0,40828.57142857143,0,0,0
1,Kota Denpasar,2024-12-16,48250.0,45250.0,41864.28571428572,0,0,0
a,Pasar Badung,2024-12-16,50000.0,48250.0,42650.0,0,0,0
b,Pasar Kreneng,2024-12-16,46500.0,50000.0,43864.28571428572,0,0,0
2,Kota Singaraja,2024-12-16,42250.0,46500.0,44900.0,0,0,0
a,Pasar Anyar,2024-12-16,45500.0,42250.0,46507.142857142855,0,0,0
b,Pasar Banyuasri,2024-12-16,39000.0,45500.0,45250.0,0,0,0
b,Pasar Banyuasri,2024-12-17,35000.0,39000.0,43785.71428571428,0,0,0
a,Pasar Anyar,2024-12-17,45500.0,35000.0,43392.857142857145,0,0,0
2,Kota Singaraja,2024-12-17,40250.0,45500.0,42000.0,0,0,0
b,Pasar Kreneng,2024-12-17,44000.0,40250.0,41642.857142857145,0,0,0
II,Bali,2024-12-17,41150.0,44000.0,41485.71428571428,0,0,0
1,Kota Denpasar,2024-12-17,42000.0,41150.0,40985.71428571428,0,0,0
I,Semua Provinsi,2024-12-17,48000.0,42000.0,42271.42857142857,0,0,0
a,Pasar Badung,2024-12-17,40000.0,48000.0,42985.71428571428,0,0,0
2,Kota Singaraja,2024-12-18,37000.0,40000.0,41771.42857142857,0,0,0
b,Pasar Banyuasri,2024-12-18,34000.0,37000.0,40878.57142857143,0,0,0
a,Pasar Anyar,2024-12-18,40000.0,34000.0,40307.142857142855,0,0,0
b,Pasar Kreneng,2024-12-18,44000.0,40000.0,40714.28571428572,0,0,0
II,Bali,2024-12-18,39500.0,44000.0,40357.142857142855,0,0,0
1,Kota Denpasar,2024-12-18,42000.0,39500.0,39500.0,0,0,0
I,Semua Provinsi,2024-12-18,47900.0,42000.0,40628.57142857143,0,0,0
a,Pasar Badung,2024-12-18,40000.0,47900.0,41057.142857142855,0,0,0
I,Semua Provinsi,2024-12-19,48050.0,40000.0,43064.28571428572,0,0,0
II,Bali,2024-12-19,41400.0,48050.0,43264.28571428572,0,0,0
1,Kota Denpasar,2024-12-19,46250.0,41400.0,43585.71428571428,0,0,0
a,Pasar Badung,2024-12-19,45000.0,46250.0,44371.42857142857,0,0,0
b,Pasar Kreneng,2024-12-19,47500.0,45000.0,45157.142857142855,0,0,0
2,Kota Singaraja,2024-12-19,36500.0,47500.0,43528.57142857143,0,0,0
a,Pasar Anyar,2024-12-19,40000.0,36500.0,43528.57142857143,0,0,0
b,Pasar Banyuasri,2024-12-19,33000.0,40000.0,41378.57142857143,0,0,0
2,Kota Singaraja,2024-12-20,41750.0,33000.0,41428.57142857143,0,0,0
b,Pasar Banyuasri,2024-12-20,38500.0,41750.0,40321.42857142857,0,0,0
a,Pasar Anyar,2024-12-20,45000.0,38500.0,40321.42857142857,0,0,0
b,Pasar Kreneng,2024-12-20,47500.0,45000.0,40321.42857142857,0,0,0
II,Bali,2024-12-20,44000.0,47500.0,41392.857142857145,0,0,0
1,Kota Denpasar,2024-12-20,46250.0,44000.0,42285.71428571428,0,0,0
I,Semua Provinsi,2024-12-20,49600.0,46250.0,44657.142857142855,0,0,0
a,Pasar Badung,2024-12-20,45000.0,49600.0,45121.42857142857,0,0,0
I,Semua Provinsi,2024-12-23,56250.0,45000.0,47657.142857142855,0,0,0
II,Bali,2024-12-23,54400.0,56250.0,49000.0,0,0,0
1,Kota Denpasar,2024-12-23,54500.0,54400.0,50000.0,0,0,0
a,Pasar Badung,2024-12-23,50000.0,54500.0,50857.142857142855,0,0,0
b,Pasar Kreneng,2024-12-23,59000.0,50000.0,52678.57142857143,0,0,0
2,Kota Singaraja,2024-12-23,54250.0,59000.0,53342.857142857145,0,0,0
a,Pasar Anyar,2024-12-23,55000.0,54250.0,54771.42857142857,0,0,0
b,Pasar Banyuasri,2024-12-23,53500.0,55000.0,54378.57142857143,0,0,0
b,Pasar Banyuasri,2024-12-24,51000.0,53500.0,53892.857142857145,0,0,0
a,Pasar Anyar,2024-12-24,52500.0,51000.0,53607.142857142855,0,0,0
2,Kota Singaraja,2024-12-24,51750.0,52500.0,53857.142857142855,0,0,0
b,Pasar Kreneng,2024-12-24,52500.0,51750.0,52928.57142857143,0,0,0
1,Kota Denpasar,2024-12-24,51250.0,52500.0,52500.0,0,0,0
II,Bali,2024-12-24,51500.0,51250.0,52000.0,0,0,0
I,Semua Provinsi,2024-12-24,60000.0,51500.0,52928.57142857143,0,0,0
a,Pasar Badung,2024-12-24,50000.0,60000.0,52785.71428571428,0,0,0
I,Semua Provinsi,2024-12-25,59750.0,50000.0,53821.42857142857,0,0,0
II,Bali,2024-12-25,51500.0,59750.0,53785.71428571428,0,0,0
1,Kota Denpasar,2024-12-25,51250.0,51500.0,53607.142857142855,0,0,0
a,Pasar Badung,2024-12-25,50000.0,51250.0,53428.57142857143,0,0,0
b,Pasar Kreneng,2024-12-25,52500.0,50000.0,53571.42857142857,0,0,0
2,Kota Singaraja,2024-12-25,51750.0,52500.0,52392.857142857145,0,0,0
a,Pasar Anyar,2024-12-25,52500.0,51750.0,52750.0,0,0,0
b,Pasar Banyuasri,2024-12-25,51000.0,52500.0,51500.0,0,0,0
2,Kota Singaraja,2024-12-26,51750.0,51000.0,51535.71428571428,0,0,0
b,Pasar Banyuasri,2024-12-26,51000.0,51750.0,51500.0,0,0,0
a,Pasar Anyar,2024-12-26,52500.0,51000.0,51857.142857142855,0,0,0
b,Pasar Kreneng,2024-12-26,52500.0,52500.0,51857.142857142855,0,0,0
II,Bali,2024-12-26,51500.0,52500.0,51821.42857142857,0,0,0
1,Kota Denpasar,2024-12-26,51250.0,51500.0,51642.857142857145,0,0,0
I,Semua Provinsi,2024-12-26,60650.0,51250.0,53021.42857142857,0,0,0
a,Pasar Badung,2024-12-26,50000.0,60650.0,52771.42857142857,0,0,0
I,Semua Provinsi,2024-12-27,64350.0,50000.0,54678.57142857143,0,0,0
II,Bali,2024-12-27,57400.0,64350.0,55378.57142857143,0,0,0
1,Kota Denpasar,2024-12-27,56250.0,57400.0,55914.28571428572,0,0,0
a,Pasar Badung,2024-12-27,60000.0,56250.0,57128.57142857143,0,0,0
b,Pasar Kreneng,2024-12-27,52500.0,60000.0,57307.142857142855,0,0,0
2,Kota Singaraja,2024-12-27,58500.0,52500.0,57000.0,0,0,0
a,Pasar Anyar,2024-12-27,60000.0,58500.0,58428.57142857143,0,0,0
b,Pasar Banyuasri,2024-12-27,57000.0,60000.0,57378.57142857143,0,0,0
b,Pasar Banyuasri,2024-12-30,61000.0,57000.0,57892.857142857145,0,0,0
a,Pasar Anyar,2024-12-30,65000.0,61000.0,59142.857142857145,0,0,0
b,Pasar Kreneng,2024-12-30,75000.0,65000.0,61285.71428571428,0,0,0
2,Kota Singaraja,2024-12-30,63000.0,75000.0,62785.71428571428,0,0,0
1,Kota Denpasar,2024-12-30,75000.0,63000.0,65142.857142857145,0,0,0
II,Bali,2024-12-30,69000.0,75000.0,66428.57142857143,0,0,0
I,Semua Provinsi,2024-12-30,68000.0,69000.0,68000.0,0,0,0
a,Pasar Badung,2024-12-30,75000.0,68000.0,70000.0,0,0,0
I,Semua Provinsi,2024-12-31,69950.0,75000.0,70707.14285714286,0,0,0
II,Bali,2024-12-31,76900.0,69950.0,70978.57142857143,0,0,0
1,Kota Denpasar,2024-12-31,81250.0,76900.0,73585.71428571429,0,0,0
a,Pasar Badung,2024-12-31,80000.0,81250.0,74300.0,0,0,0
b,Pasar Kreneng,2024-12-31,82500.0,80000.0,76228.57142857143,0,0,0
2,Kota Singaraja,2024-12-31,72500.0,82500.0,76871.42857142857,0,0,0
a,Pasar Anyar,2024-12-31,75000.0,72500.0,76871.42857142857,0,0,0
b,Pasar Banyuasri,2024-12-31,70000.0,75000.0,76878.57142857143,0,0,0
b,Pasar Banyuasri,2025-01-01,70000.0,70000.0,75892.85714285714,0,0,0
a,Pasar Anyar,2025-01-01,75000.0,70000.0,75000.0,0,0,0
2,Kota Singaraja,2025-01-01,72500.0,75000.0,73928.57142857143,0,0,0
b,Pasar Kreneng,2025-01-01,82500.0,72500.0,73928.57142857143,0,0,0
1,Kota Denpasar,2025-01-01,81250.0,82500.0,75178.57142857143,0,0,0
II,Bali,2025-01-01,76900.0,81250.0,75450.0,0,0,0
I,Semua Provinsi,2025-01-01,69150.0,76900.0,75328.57142857143,0,0,0
a,Pasar Badung,2025-01-01,80000.0,69150.0,76757.14285714286,0,0,0
I,Semua Provinsi,2025-01-02,74300.0,80000.0,76657.14285714286,0,0,0
II,Bali,2025-01-02,80000.0,74300.0,77728.57142857143,0,0,0
1,Kota Denpasar,2025-01-02,82500.0,80000.0,77728.57142857143,0,0,0
a,Pasar Badung,2025-01-02,80000.0,82500.0,77550.0,0,0,0
b,Pasar Kreneng,2025-01-02,85000.0,80000.0,78707.14285714286,0,0,0
2,Kota Singaraja,2025-01-02,77500.0,85000.0,79900.0,0,0,0
a,Pasar Anyar,2025-01-02,72500.0,77500.0,78828.57142857143,0,0,0
b,Pasar Banyuasri,2025-01-02,82500.0,72500.0,80000.0,0,0,0
b,Pasar Banyuasri,2025-01-03,80000.0,82500.0,80000.0,0,0,0
a,Pasar Anyar,2025-01-03,75000.0,80000.0,78928.57142857143,0,0,0
2,Kota Singaraja,2025-01-03,77500.0,75000.0,78571.42857142857,0,0,0
b,Pasar Kreneng,2025-01-03,85000.0,77500.0,78571.42857142857,0,0,0
a,Pasar Badung,2025-01-03,80000.0,85000.0,78928.57142857143,0,0,0
II,Bali,2025-01-03,80000.0,80000.0,80000.0,0,0,0
I,Semua Provinsi,2025-01-03,75950.0,80000.0,79064.28571428571,0,0,0
1,Kota Denpasar,2025-01-03,82500.0,75950.0,79421.42857142857,0,0,0
I,Semua Provinsi,2025-01-06,83750.0,82500.0,80671.42857142857,0,0,0
II,Bali,2025-01-06,88750.0,83750.0,82278.57142857143,0,0,0
1,Kota Denpasar,2025-01-06,92500.0,88750.0,83350.0,0,0,0
a,Pasar Badung,2025-01-06,85000.0,92500.0,84064.28571428571,0,0,0
b,Pasar Kreneng,2025-01-06,100000.0,85000.0,86921.42857142857,0,0,0
2,Kota Singaraja,2025-01-06,85000.0,100000.0,88214.28571428571,0,0,0
a,Pasar Anyar,2025-01-06,77500.0,85000.0,87500.0,0,0,0
b,Pasar Banyuasri,2025-01-06,92500.0,77500.0,88750.0,0,0,0
2,Kota Singaraja,2025-01-07,84500.0,92500.0,88142.85714285714,0,0,0
b,Pasar Banyuasri,2025-01-07,89000.0,84500.0,87642.85714285714,0,0,0
a,Pasar Anyar,2025-01-07,80000.0,89000.0,86928.57142857143,0,0,0
b,Pasar Kreneng,2025-01-07,100000.0,80000.0,86928.57142857143,0,0,0
a,Pasar Badung,2025-01-07,100000.0,100000.0,89071.42857142857,0,0,0
1,Kota Denpasar,2025-01-07,100000.0,100000.0,92285.71428571429,0,0,0
II,Bali,2025-01-07,92250.0,100000.0,92250.0,0,0,0
I,Semua Provinsi,2025-01-07,84850.0,92250.0,92300.0,0,0,0
I,Semua Provinsi,2025-01-08,84950.0,84850.0,91721.42857142857,0,0,0
II,Bali,2025-01-08,94150.0,84950.0,93742.85714285714,0,0,0
1,Kota Denpasar,2025-01-08,101250.0,94150.0,93921.42857142857,0,0,0
a,Pasar Badung,2025-01-08,110000.0,101250.0,95350.0,0,0,0
b,Pasar Kreneng,2025-01-08,92500.0,110000.0,94278.57142857143,0,0,0
2,Kota Singaraja,2025-01-08,87000.0,92500.0,93528.57142857143,0,0,0
a,Pasar Anyar,2025-01-08,85000.0,87000.0,93550.0,0,0,0
b,Pasar Banyuasri,2025-01-08,89000.0,85000.0,94128.57142857143,0,0,0
b,Pasar Banyuasri,2025-01-09,89000.0,89000.0,93392.85714285714,0,0,0
a,Pasar Anyar,2025-01-09,85000.0,89000.0,91071.42857142857,0,0,0
2,Kota Singaraja,2025-01-09,87000.0,85000.0,87785.71428571429,0,0,0
b,Pasar Kreneng,2025-01-09,105000.0,87000.0,89571.42857142857,0,0,0
1,Kota Denpasar,2025-01-09,107500.0,105000.0,92500.0,0,0,0
II,Bali,2025-01-09,97250.0,107500.0,94250.0,0,0,0
I,Semua Provinsi,2025-01-09,84500.0,97250.0,93607.14285714286,0,0,0
a,Pasar Badung,2025-01-09,110000.0,84500.0,96607.14285714286,0,0,0
I,Semua Provinsi,2025-01-10,84450.0,110000.0,96528.57142857143,0,0,0
II,Bali,2025-01-10,97500.0,84450.0,98028.57142857143,0,0,0
1,Kota Denpasar,2025-01-10,107500.0,97500.0,98385.71428571429,0,0,0
a,Pasar Badung,2025-01-10,110000.0,107500.0,98742.85714285714,0,0,0
b,Pasar Kreneng,2025-01-10,105000.0,110000.0,99850.0,0,0,0
2,Kota Singaraja,2025-01-10,87500.0,105000.0,100278.57142857143,0,0,0
a,Pasar Anyar,2025-01-10,80000.0,87500.0,95992.85714285714,0,0,0
b,Pasar Banyuasri,2025-01-10,95000.0,80000.0,97500.0,0,0,0
2,Kota Singaraja,2025-01-13,82500.0,95000.0,95357.14285714286,0,0,0
b,Pasar Banyuasri,2025-01-13,85000.0,82500.0,92142.85714285714,0,0,0
a,Pasar Anyar,2025-01-13,80000.0,85000.0,87857.14285714286,0,0,0
b,Pasar Kreneng,2025-01-13,97500.0,80000.0,86785.71428571429,0,0,0
a,Pasar Badung,2025-01-13,90000.0,97500.0,87142.85714285714,0,0,0
1,Kota Denpasar,2025-01-13,93750.0,90000.0,89107.14285714286,0,0,0
II,Bali,2025-01-13,88150.0,93750.0,88128.57142857143,0,0,0
I,Semua Provinsi,2025-01-13,85800.0,88150.0,88600.0,0,0,0
I,Semua Provinsi,2025-01-14,84850.0,85800.0,88578.57142857143,0,0,0
II,Bali,2025-01-14,88150.0,84850.0,89742.85714285714,0,0,0
1,Kota Denpasar,2025-01-14,92500.0,88150.0,89028.57142857143,0,0,0
a,Pasar Badung,2025-01-14,90000.0,92500.0,89028.57142857143,0,0,0
b,Pasar Kreneng,2025-01-14,95000.0,90000.0,89207.14285714286,0,0,0
2,Kota Singaraja,2025-01-14,83750.0,95000.0,88578.57142857143,0,0,0
a,Pasar Anyar,2025-01-14,80000.0,83750.0,87750.0,0,0,0
b,Pasar Banyuasri,2025-01-14,87500.0,80000.0,88128.57142857143,0,0,0
b,Pasar Banyuasri,2025-01-15,87500.0,87500.0,88035.71428571429,0,0,0
a,Pasar Anyar,2025-01-15,85000.0,87500.0,86964.28571428571,0,0,0
2,Kota Singaraja,2025-01-15,86250.0,85000.0,86428.57142857143,0,0,0
b,Pasar Kreneng,2025-01-15,92500.0,86250.0,86071.42857142857,0,0,0
a,Pasar Badung,2025-01-15,90000.0,92500.0,86964.28571428571,0,0,0
1,Kota Denpasar,2025-01-15,91250.0,90000.0,88571.42857142857,0,0,0
II,Bali,2025-01-15,88750.0,91250.0,88750.0,0,0,0
I,Semua Provinsi,2025-01-15,85350.0,88750.0,88442.85714285714,0,0,0
I,Semua Provinsi,2025-01-16,84300.0,85350.0,88342.85714285714,0,0,0
II,Bali,2025-01-16,83500.0,84300.0,87950.0,0,0,0
1,Kota Denpasar,2025-01-16,91250.0,83500.0,87771.42857142857,0,0,0
a,Pasar Badung,2025-01-16,90000.0,91250.0,87771.42857142857,0,0,0
b,Pasar Kreneng,2025-01-16,92500.0,90000.0,87950.0,0,0,0
2,Kota Singaraja,2025-01-16,75750.0,92500.0,86092.85714285714,0,0,0
a,Pasar Anyar,2025-01-16,77500.0,75750.0,84971.42857142857,0,0,0
b,Pasar Banyuasri,2025-01-16,74000.0,77500.0,83500.0,0,0,0
a,Pasar Anyar,2025-01-17,70000.0,74000.0,81571.42857142857,0,0,0
2,Kota Singaraja,2025-01-17,67500.0,70000.0,78178.57142857143,0,0,0
b,Pasar Kreneng,2025-01-17,92500.0,67500.0,78535.71428571429,0,0,0
b,Pasar Banyuasri,2025-01-17,65000.0,92500.0,74607.14285714286,0,0,0
1,Kota Denpasar,2025-01-17,81250.0,65000.0,75392.85714285714,0,0,0
II,Bali,2025-01-17,74400.0,81250.0,74950.0,0,0,0
I,Semua Provinsi,2025-01-17,81450.0,74400.0,76014.28571428571,0,0,0
a,Pasar Badung,2025-01-17,70000.0,81450.0,76014.28571428571,0,0,0
I,Semua Provinsi,2025-01-20,75700.0,70000.0,77185.71428571429,0,0,0
II,Bali,2025-01-20,65650.0,75700.0,73350.0,0,0,0
1,Kota Denpasar,2025-01-20,67500.0,65650.0,73707.14285714286,0,0,0
a,Pasar Badung,2025-01-20,65000.0,67500.0,71385.71428571429,0,0,0
b,Pasar Kreneng,2025-01-20,70000.0,65000.0,70757.14285714286,0,0,0
2,Kota Singaraja,2025-01-20,63750.0,70000.0,68228.57142857143,0,0,0
a,Pasar Anyar,2025-01-20,65000.0,63750.0,67514.28571428571,0,0,0
b,Pasar Banyuasri,2025-01-20,62500.0,65000.0,65628.57142857143,0,0,0
b,Pasar Banyuasri,2025-01-21,66000.0,62500.0,65678.57142857143,0,0,0
a,Pasar Anyar,2025-01-21,67500.0,66000.0,65678.57142857143,0,0,0
2,Kota Singaraja,2025-01-21,66750.0,67500.0,65928.57142857143,0,0,0
b,Pasar Kreneng,2025-01-21,70000.0,66750.0,65928.57142857143,0,0,0
a,Pasar Badung,2025-01-21,65000.0,70000.0,66107.14285714286,0,0,0
1,Kota Denpasar,2025-01-21,67500.0,65000.0,66464.28571428571,0,0,0
II,Bali,2025-01-21,67150.0,67500.0,67128.57142857143,0,0,0
I,Semua Provinsi,2025-01-21,74200.0,67150.0,68300.0,0,0,0
I,Semua Provinsi,2025-01-22,72850.0,74200.0,69064.28571428571,0,0,0
II,Bali,2025-01-22,64750.0,72850.0,68778.57142857143,0,0,0
1,Kota Denpasar,2025-01-22,67500.0,64750.0,68421.42857142857,0,0,0
a,Pasar Badung,2025-01-22,65000.0,67500.0,68421.42857142857,0,0,0
b,Pasar Kreneng,2025-01-22,70000.0,65000.0,68778.57142857143,0,0,0
2,Kota Singaraja,2025-01-22,62000.0,70000.0,68042.85714285714,0,0,0
a,Pasar Anyar,2025-01-22,62500.0,62000.0,66371.42857142857,0,0,0
b,Pasar Banyuasri,2025-01-22,61500.0,62500.0,64750.0,0,0,0
a,Pasar Anyar,2025-01-23,65000.0,61500.0,64785.71428571428,0,0,0
2,Kota Singaraja,2025-01-23,63000.0,65000.0,64142.857142857145,0,0,0
b,Pasar Kreneng,2025-01-23,67500.0,63000.0,64500.0,0,0,0
b,Pasar Banyuasri,2025-01-23,61000.0,67500.0,63214.28571428572,0,0,0
1,Kota Denpasar,2025-01-23,66250.0,61000.0,63821.42857142857,0,0,0
II,Bali,2025-01-23,64650.0,66250.0,64128.57142857143,0,0,0
I,Semua Provinsi,2025-01-23,72000.0,64650.0,65628.57142857143,0,0,0
a,Pasar Badung,2025-01-23,65000.0,72000.0,65628.57142857143,0,0,0
I,Semua Provinsi,2025-01-24,71300.0,65000.0,66814.28571428571,0,0,0
II,Bali,2025-01-24,67150.0,71300.0,66764.28571428571,0,0,0
1,Kota Denpasar,2025-01-24,70000.0,67150.0,68050.0,0,0,0
a,Pasar Badung,2025-01-24,70000.0,70000.0,68585.71428571429,0,0,0
b,Pasar Kreneng,2025-01-24,70000.0,70000.0,69350.0,0,0,0
2,Kota Singaraja,2025-01-24,64250.0,70000.0,68242.85714285714,0,0,0
a,Pasar Anyar,2025-01-24,65000.0,64250.0,68242.85714285714,0,0,0
b,Pasar Banyuasri,2025-01-24,63500.0,65000.0,67128.57142857143,0,0,0
a,Pasar Anyar,2025-01-27,65000.0,63500.0,66821.42857142857,0,0,0
2,Kota Singaraja,2025-01-27,64250.0,65000.0,66000.0,0,0,0
b,Pasar Kreneng,2025-01-27,70000.0,64250.0,66000.0,0,0,0
b,Pasar Banyuasri,2025-01-27,63500.0,70000.0,65071.42857142857,0,0,0
1,Kota Denpasar,2025-01-27,70000.0,63500.0,65892.85714285714,0,0,0
II,Bali,2025-01-27,67150.0,70000.0,66200.0,0,0,0
I,Semua Provinsi,2025-01-27,70850.0,67150.0,67250.0,0,0,0
a,Pasar Badung,2025-01-27,70000.0,70850.0,67964.28571428571,0,0,0
a,Pasar Anyar,2025-01-28,66500.0,70000.0,68285.71428571429,0,0,0
2,Kota Singaraja,2025-01-28,64500.0,66500.0,67500.0,0,0,0
b,Pasar Kreneng,2025-01-28,70000.0,64500.0,68428.57142857143,0,0,0
b,Pasar Banyuasri,2025-01-28,62500.0,70000.0,67357.14285714286,0,0,0
1,Kota Denpasar,2025-01-28,70000.0,62500.0,67764.28571428571,0,0,0
II,Bali,2025-01-28,67250.0,70000.0,67250.0,0,0,0
I,Semua Provinsi,2025-01-28,70600.0,67250.0,67335.71428571429,0,0,0
a,Pasar Badung,2025-01-28,70000.0,70600.0,67835.71428571429,0,0,0
I,Semua Provinsi,2025-01-29,70600.0,70000.0,68707.14285714286,0,0,0
II,Bali,2025-01-29,67250.0,70600.0,68314.28571428571,0,0,0
1,Kota Denpasar,2025-01-29,70000.0,67250.0,69385.71428571429,0,0,0
a,Pasar Badung,2025-01-29,70000.0,70000.0,69385.71428571429,0,0,0
b,Pasar Kreneng,2025-01-29,70000.0,70000.0,69778.57142857143,0,0,0
2,Kota Singaraja,2025-01-29,64500.0,70000.0,68907.14285714286,0,0,0
a,Pasar Anyar,2025-01-29,66500.0,64500.0,68407.14285714286,0,0,0
b,Pasar Banyuasri,2025-01-29,62500.0,66500.0,67250.0,0,0,0
2,Kota Singaraja,2025-01-30,63250.0,62500.0,66678.57142857143,0,0,0
a,Pasar Anyar,2025-01-30,66500.0,63250.0,66178.57142857143,0,0,0
b,Pasar Banyuasri,2025-01-30,60000.0,66500.0,64750.0,0,0,0
b,Pasar Kreneng,2025-01-30,65000.0,60000.0,64035.71428571428,0,0,0
1,Kota Denpasar,2025-01-30,62500.0,65000.0,63750.0,0,0,0
I,Semua Provinsi,2025-01-30,68550.0,62500.0,64042.857142857145,0,0,0
a,Pasar Badung,2025-01-30,60000.0,68550.0,63685.71428571428,0,0,0
II,Bali,2025-01-30,62900.0,60000.0,63635.71428571428,0,0,0
I,Semua Provinsi,2025-01-31,68950.0,62900.0,63985.71428571428,0,0,0
II,Bali,2025-01-31,63900.0,68950.0,64542.857142857145,0,0,0
1,Kota Denpasar,2025-01-31,62500.0,63900.0,64185.71428571428,0,0,0
a,Pasar Badung,2025-01-31,60000.0,62500.0,63828.57142857143,0,0,0
b,Pasar Kreneng,2025-01-31,65000.0,60000.0,63321.42857142857,0,0,0
2,Kota Singaraja,2025-01-31,65250.0,65000.0,64071.42857142857,0,0,0
a,Pasar Anyar,2025-01-31,68000.0,65250.0,64800.0,0,0,0
b,Pasar Banyuasri,2025-01-31,62500.0,68000.0,63878.57142857143,0,0,0
b,Pasar Kreneng,2025-02-03,62500.0,62500.0,63678.57142857143,0,0,0
b,Pasar Banyuasri,2025-02-03,59000.0,62500.0,63178.57142857143,0,0,0
a,Pasar Anyar,2025-02-03,65000.0,59000.0,63892.857142857145,0,0,0
2,Kota Singaraja,2025-02-03,62000.0,65000.0,63464.28571428572,0,0,0
II,Bali,2025-02-03,64150.0,62000.0,63307.142857142855,0,0,0
a,Pasar Badung,2025-02-03,70000.0,64150.0,63592.857142857145,0,0,0
1,Kota Denpasar,2025-02-03,66250.0,70000.0,64128.57142857143,0,0,0
I,Semua Provinsi,2025-02-03,67800.0,66250.0,64885.71428571428,0,0,0
2,Kota Singaraja,2025-02-04,62000.0,67800.0,65314.28571428572,0,0,0
a,Pasar Anyar,2025-02-04,65000.0,62000.0,65314.28571428572,0,0,0
b,Pasar Banyuasri,2025-02-04,59000.0,65000.0,64885.71428571428,0,0,0
b,Pasar Kreneng,2025-02-04,62500.0,59000.0,64650.0,0,0,0
II,Bali,2025-02-04,64150.0,62500.0,63814.28571428572,0,0,0
1,Kota Denpasar,2025-02-04,66250.0,64150.0,63814.28571428572,0,0,0
I,Semua Provinsi,2025-02-04,67800.0,66250.0,63814.28571428572,0,0,0
a,Pasar Badung,2025-02-04,70000.0,67800.0,64957.142857142855,0,0,0
a,Pasar Anyar,2025-02-05,61500.0,70000.0,64457.142857142855,0,0,0
b,Pasar Banyuasri,2025-02-05,59000.0,61500.0,64457.142857142855,0,0,0
2,Kota Singaraja,2025-02-05,60250.0,59000.0,64135.71428571428,0,0,0
b,Pasar Kreneng,2025-02-05,66500.0,60250.0,64471.42857142857,0,0,0
1,Kota Denpasar,2025-02-05,63250.0,66500.0,64042.857142857145,0,0,0
II,Bali,2025-02-05,61750.0,63250.0,63178.57142857143,0,0,0
I,Semua Provinsi,2025-02-05,68000.0,61750.0,62892.857142857145,0,0,0
a,Pasar Badung,2025-02-05,60000.0,68000.0,62678.57142857143,0,0,0
b,Pasar Banyuasri,2025-02-06,58000.0,60000.0,62535.71428571428,0,0,0
a,Pasar Anyar,2025-02-06,60000.0,58000.0,62500.0,0,0,0
2,Kota Singaraja,2025-02-06,59000.0,60000.0,61428.57142857143,0,0,0
b,Pasar Kreneng,2025-02-06,60000.0,59000.0,60964.28571428572,0,0,0
II,Bali,2025-02-06,59500.0,60000.0,60642.857142857145,0,0,0
1,Kota Denpasar,2025-02-06,60000.0,59500.0,59500.0,0,0,0
I,Semua Provinsi,2025-02-06,68450.0,60000.0,60707.142857142855,0,0,0
a,Pasar Badung,2025-02-06,60000.0,68450.0,60992.857142857145,0,0,0
a,Pasar Anyar,2025-02-07,60000.0,60000.0,60992.857142857145,0,0,0
2,Kota Singaraja,2025-02-07,58250.0,60000.0,60885.71428571428,0,0,0
b,Pasar Kreneng,2025-02-07,60000.0,58250.0,60885.71428571428,0,0,0
b,Pasar Banyuasri,2025-02-07,56500.0,60000.0,60457.142857142855,0,0,0
1,Kota Denpasar,2025-02-07,60000.0,56500.0,60457.142857142855,0,0,0
II,Bali,2025-02-07,59150.0,60000.0,59128.57142857143,0,0,0
I,Semua Provinsi,2025-02-07,68400.0,59150.0,60328.57142857143,0,0,0
a,Pasar Badung,2025-02-07,60000.0,68400.0,60328.57142857143,0,0,0
I,Semua Provinsi,2025-02-10,68750.0,60000.0,61828.57142857143,0,0,0
II,Bali,2025-02-10,55900.0,68750.0,61242.857142857145,0,0,0
1,Kota Denpasar,2025-02-10,57500.0,55900.0,61385.71428571428,0,0,0
a,Pasar Badung,2025-02-10,60000.0,57500.0,61385.71428571428,0,0,0
b,Pasar Kreneng,2025-02-10,55000.0,60000.0,60792.857142857145,0,0,0
2,Kota Singaraja,2025-02-10,54250.0,55000.0,58771.42857142857,0,0,0
a,Pasar Anyar,2025-02-10,57500.0,54250.0,58414.28571428572,0,0,0
b,Pasar Banyuasri,2025-02-10,51000.0,57500.0,55878.57142857143,0,0,0
2,Kota Singaraja,2025-02-11,56500.0,51000.0,55964.28571428572,0,0,0
a,Pasar Anyar,2025-02-11,57500.0,56500.0,55964.28571428572,0,0,0
b,Pasar Kreneng,2025-02-11,57500.0,57500.0,55607.142857142855,0,0,0
b,Pasar Banyuasri,2025-02-11,55500.0,57500.0,55678.57142857143,0,0,0
1,Kota Denpasar,2025-02-11,58750.0,55500.0,56321.42857142857,0,0,0
II,Bali,2025-02-11,57650.0,58750.0,56342.857142857145,0,0,0
I,Semua Provinsi,2025-02-11,68700.0,57650.0,58871.42857142857,0,0,0
a,Pasar Badung,2025-02-11,60000.0,68700.0,59371.42857142857,0,0,0
b,Pasar Banyuasri,2025-02-12,55500.0,60000.0,59085.71428571428,0,0,0
a,Pasar Anyar,2025-02-12,57500.0,55500.0,59085.71428571428,0,0,0
2,Kota Singaraja,2025-02-12,56500.0,57500.0,59228.57142857143,0,0,0
b,Pasar Kreneng,2025-02-12,57500.0,56500.0,59050.0,0,0,0
II,Bali,2025-02-12,57650.0,57500.0,59050.0,0,0,0
1,Kota Denpasar,2025-02-12,58750.0,57650.0,57628.57142857143,0,0,0
a,Pasar Badung,2025-02-12,60000.0,58750.0,57628.57142857143,0,0,0
I,Semua Provinsi,2025-02-12,68800.0,60000.0,59528.57142857143,0,0,0
I,Semua Provinsi,2025-02-13,68650.0,68800.0,61121.42857142857,0,0,0
II,Bali,2025-02-13,57400.0,68650.0,61250.0,0,0,0
1,Kota Denpasar,2025-02-13,58750.0,57400.0,61428.57142857143,0,0,0
a,Pasar Badung,2025-02-13,60000.0,58750.0,61764.28571428572,0,0,0
b,Pasar Kreneng,2025-02-13,57500.0,60000.0,61585.71428571428,0,0,0
2,Kota Singaraja,2025-02-13,56000.0,57500.0,61014.28571428572,0,0,0
a,Pasar Anyar,2025-02-13,57500.0,56000.0,59400.0,0,0,0
b,Pasar Banyuasri,2025-02-13,54500.0,57500.0,57378.57142857143,0,0,0
b,Pasar Kreneng,2025-02-14,57500.0,54500.0,57392.857142857145,0,0,0
b,Pasar Banyuasri,2025-02-14,54500.0,57500.0,56785.71428571428,0,0,0
a,Pasar Anyar,2025-02-14,60000.0,54500.0,56785.71428571428,0,0,0
2,Kota Singaraja,2025-02-14,57250.0,60000.0,56750.0,0,0,0
a,Pasar Badung,2025-02-14,60000.0,57250.0,57321.42857142857,0,0,0
1,Kota Denpasar,2025-02-14,58750.0,60000.0,57500.0,0,0,0
II,Bali,2025-02-14,58000.0,58750.0,58000.0,0,0,0
I,Semua Provinsi,2025-02-14,68600.0,58000.0,59585.71428571428,0,0,0
I,Semua Provinsi,2025-02-17,69300.0,68600.0,61700.0,0,0,0
II,Bali,2025-02-17,63150.0,69300.0,62150.0,0,0,0
1,Kota Denpasar,2025-02-17,68000.0,63150.0,63685.71428571428,0,0,0
a,Pasar Badung,2025-02-17,65000.0,68000.0,64400.0,0,0,0
b,Pasar Kreneng,2025-02-17,71000.0,65000.0,66150.0,0,0,0
2,Kota Singaraja,2025-02-17,58250.0,71000.0,66185.71428571429,0,0,0
a,Pasar Anyar,2025-02-17,60000.0,58250.0,64957.142857142855,0,0,0
b,Pasar Banyuasri,2025-02-17,56500.0,60000.0,63128.57142857143,0,0,0
a,Pasar Anyar,2025-02-18,65000.0,56500.0,63392.857142857145,0,0,0
2,Kota Singaraja,2025-02-18,62000.0,65000.0,62535.71428571428,0,0,0
b,Pasar Banyuasri,2025-02-18,59000.0,62000.0,61678.57142857143,0,0,0
b,Pasar Kreneng,2025-02-18,70000.0,59000.0,61535.71428571428,0,0,0
1,Kota Denpasar,2025-02-18,67500.0,70000.0,62857.142857142855,0,0,0
II,Bali,2025-02-18,64750.0,67500.0,63535.71428571428,0,0,0
I,Semua Provinsi,2025-02-18,70200.0,64750.0,65492.857142857145,0,0,0
a,Pasar Badung,2025-02-18,65000.0,70200.0,65492.857142857145,0,0,0
I,Semua Provinsi,2025-02-19,71050.0,65000.0,66785.71428571429,0,0,0
II,Bali,2025-02-19,67500.0,71050.0,68000.0,0,0,0
1,Kota Denpasar,2025-02-19,67500.0,67500.0,67642.85714285714,0,0,0
a,Pasar Badung,2025-02-19,65000.0,67500.0,67285.71428571429,0,0,0
b,Pasar Kreneng,2025-02-19,70000.0,65000.0,68035.71428571429,0,0,0
2,Kota Singaraja,2025-02-19,67500.0,70000.0,67650.0,0,0,0
a,Pasar Anyar,2025-02-19,69000.0,67500.0,68221.42857142857,0,0,0
b,Pasar Banyuasri,2025-02-19,66000.0,69000.0,67500.0,0,0,0
b,Pasar Banyuasri,2025-02-20,70000.0,66000.0,67857.14285714286,0,0,0
a,Pasar Anyar,2025-02-20,75000.0,70000.0,68928.57142857143,0,0,0
2,Kota Singaraja,2025-02-20,72500.0,75000.0,70000.0,0,0,0
b,Pasar Kreneng,2025-02-20,70000.0,72500.0,70000.0,0,0,0
a,Pasar Badung,2025-02-20,65000.0,70000.0,69642.85714285714,0,0,0
II,Bali,2025-02-20,70000.0,65000.0,69785.71428571429,0,0,0
I,Semua Provinsi,2025-02-20,72200.0,70000.0,70671.42857142857,0,0,0
1,Kota Denpasar,2025-02-20,67500.0,72200.0,70314.28571428571,0,0,0
I,Semua Provinsi,2025-02-21,74450.0,67500.0,70235.71428571429,0,0,0
II,Bali,2025-02-21,70900.0,74450.0,70007.14285714286,0,0,0
1,Kota Denpasar,2025-02-21,67500.0,70900.0,69650.0,0,0,0
a,Pasar Badung,2025-02-21,65000.0,67500.0,69650.0,0,0,0
b,Pasar Kreneng,2025-02-21,70000.0,65000.0,69650.0,0,0,0
2,Kota Singaraja,2025-02-21,74250.0,70000.0,69942.85714285714,0,0,0
a,Pasar Anyar,2025-02-21,75000.0,74250.0,71014.28571428571,0,0,0
b,Pasar Banyuasri,2025-02-21,73500.0,75000.0,70878.57142857143,0,0,0
b,Pasar Kreneng,2025-02-24,82500.0,73500.0,72535.71428571429,0,0,0
a,Pasar Anyar,2025-02-24,85000.0,82500.0,75035.71428571429,0,0,0
2,Kota Singaraja,2025-02-24,82500.0,85000.0,77535.71428571429,0,0,0
b,Pasar Banyuasri,2025-02-24,80000.0,82500.0,78964.28571428571,0,0,0
a,Pasar Badung,2025-02-24,100000.0,80000.0,82642.85714285714,0,0,0
II,Bali,2025-02-24,86900.0,100000.0,84342.85714285714,0,0,0
I,Semua Provinsi,2025-02-24,80650.0,86900.0,85364.28571428571,0,0,0
1,Kota Denpasar,2025-02-24,91250.0,80650.0,86614.28571428571,0,0,0
I,Semua Provinsi,2025-02-25,84100.0,91250.0,86485.71428571429,0,0,0
II,Bali,2025-02-25,103750.0,84100.0,89521.42857142857,0,0,0
1,Kota Denpasar,2025-02-25,108750.0,103750.0,93628.57142857143,0,0,0
a,Pasar Badung,2025-02-25,110000.0,108750.0,95057.14285714286,0,0,0
b,Pasar Kreneng,2025-02-25,107500.0,110000.0,98000.0,0,0,0
2,Kota Singaraja,2025-02-25,98750.0,107500.0,100585.71428571429,0,0,0
a,Pasar Anyar,2025-02-25,102500.0,98750.0,102192.85714285714,0,0,0
b,Pasar Banyuasri,2025-02-25,95000.0,102500.0,103750.0,0,0,0
b,Pasar Banyuasri,2025-02-26,99000.0,95000.0,103071.42857142857,0,0,0
a,Pasar Anyar,2025-02-26,102500.0,99000.0,102178.57142857143,0,0,0
2,Kota Singaraja,2025-02-26,100750.0,102500.0,100857.14285714286,0,0,0
b,Pasar Kreneng,2025-02-26,112500.0,100750.0,101571.42857142857,0,0,0
I,Semua Provinsi,2025-02-26,87000.0,112500.0,99892.85714285714,0,0,0
1,Kota Denpasar,2025-02-26,106250.0,87000.0,100428.57142857143,0,0,0
II,Bali,2025-02-26,103500.0,106250.0,101642.85714285714,0,0,0
a,Pasar Badung,2025-02-26,100000.0,103500.0,101785.71428571429,0,0,0
2,Kota Singaraja,2025-02-27,91250.0,100000.0,100178.57142857143,0,0,0
b,Pasar Banyuasri,2025-02-27,90000.0,91250.0,98642.85714285714,0,0,0
a,Pasar Anyar,2025-02-27,92500.0,90000.0,95785.71428571429,0,0,0
b,Pasar Kreneng,2025-02-27,105000.0,92500.0,98357.14285714286,0,0,0
I,Semua Provinsi,2025-02-27,88900.0,105000.0,95878.57142857143,0,0,0
1,Kota Denpasar,2025-02-27,102500.0,88900.0,95735.71428571429,0,0,0
II,Bali,2025-02-27,96900.0,102500.0,95292.85714285714,0,0,0
a,Pasar Badung,2025-02-27,100000.0,96900.0,96542.85714285714,0,0,0
I,Semua Provinsi,2025-02-28,87950.0,100000.0,96250.0,0,0,0
II,Bali,2025-02-28,85000.0,87950.0,95178.57142857143,0,0,0
1,Kota Denpasar,2025-02-28,87500.0,85000.0,92678.57142857143,0,0,0
a,Pasar Badung,2025-02-28,70000.0,87500.0,89978.57142857143,0,0,0
b,Pasar Kreneng,2025-02-28,105000.0,70000.0,90335.71428571429,0,0,0
2,Kota Singaraja,2025-02-28,82500.0,105000.0,88278.57142857143,0,0,0
a,Pasar Anyar,2025-02-28,90000.0,82500.0,86850.0,0,0,0
b,Pasar Banyuasri,2025-02-28,75000.0,90000.0,85000.0,0,0,0
2,Kota Singaraja,2025-03-03,115000.0,75000.0,89285.71428571429,0,0,0
b,Pasar Banyuasri,2025-03-03,112500.0,115000.0,92857.14285714286,0,0,0
a,Pasar Anyar,2025-03-03,117500.0,112500.0,99642.85714285714,0,0,0
b,Pasar Kreneng,2025-03-03,130000.0,117500.0,103214.28571428571,0,0,0
I,Semua Provinsi,2025-03-03,103600.0,130000.0,106228.57142857143,0,0,0
1,Kota Denpasar,2025-03-03,130000.0,103600.0,111942.85714285714,0,0,0
II,Bali,2025-03-03,122500.0,130000.0,118728.57142857143,0,0,0
a,Pasar Badung,2025-03-03,130000.0,122500.0,120871.42857142857,0,0,0
I,Semua Provinsi,2025-03-04,104100.0,130000.0,119671.42857142857,0,0,0
II,Bali,2025-03-04,103400.0,104100.0,117657.14285714286,0,0,0
1,Kota Denpasar,2025-03-04,105000.0,103400.0,114085.71428571429,0,0,0
a,Pasar Badung,2025-03-04,100000.0,105000.0,113571.42857142857,0,0,0
b,Pasar Kreneng,2025-03-04,110000.0,100000.0,110714.28571428571,0,0,0
2,Kota Singaraja,2025-03-04,101750.0,110000.0,107750.0,0,0,0
a,Pasar Anyar,2025-03-04,105000.0,101750.0,104178.57142857143,0,0,0
b,Pasar Banyuasri,2025-03-04,98500.0,105000.0,103378.57142857143,0,0,0
b,Pasar Banyuasri,2025-03-05,80000.0,98500.0,100035.71428571429,0,0,0
a,Pasar Anyar,2025-03-05,80000.0,80000.0,96464.28571428571,0,0,0
2,Kota Singaraja,2025-03-05,80000.0,80000.0,93607.14285714286,0,0,0
b,Pasar Kreneng,2025-03-05,85000.0,80000.0,90035.71428571429,0,0,0
1,Kota Denpasar,2025-03-05,82500.0,85000.0,87285.71428571429,0,0,0
II,Bali,2025-03-05,81250.0,82500.0,83892.85714285714,0,0,0
I,Semua Provinsi,2025-03-05,100500.0,81250.0,84178.57142857143,0,0,0
a,Pasar Badung,2025-03-05,80000.0,100500.0,84178.57142857143,0,0,0
I,Semua Provinsi,2025-03-06,96950.0,80000.0,86600.0,0,0,0
II,Bali,2025-03-06,78400.0,96950.0,86371.42857142857,0,0,0
1,Kota Denpasar,2025-03-06,82500.0,78400.0,86014.28571428571,0,0,0
a,Pasar Badung,2025-03-06,80000.0,82500.0,85657.14285714286,0,0,0
b,Pasar Kreneng,2025-03-06,85000.0,80000.0,86192.85714285714,0,0,0
2,Kota Singaraja,2025-03-06,74250.0,85000.0,82442.85714285714,0,0,0
a,Pasar Anyar,2025-03-06,75000.0,74250.0,81728.57142857143,0,0,0
b,Pasar Banyuasri,2025-03-06,73500.0,75000.0,78378.57142857143,0,0,0
2,Kota Singaraja,2025-03-07,80000.0,73500.0,78607.14285714286,0,0,0
b,Pasar Banyuasri,2025-03-07,77500.0,80000.0,77892.85714285714,0,0,0
a,Pasar Anyar,2025-03-07,82500.0,77500.0,78250.0,0,0,0
b,Pasar Kreneng,2025-03-07,105000.0,82500.0,81107.14285714286,0,0,0
I,Semua Provinsi,2025-03-07,93000.0,105000.0,83785.71428571429,0,0,0
1,Kota Denpasar,2025-03-07,102500.0,93000.0,87714.28571428571,0,0,0
a,Pasar Badung,2025-03-07,100000.0,102500.0,91500.0,0,0,0
II,Bali,2025-03-07,91250.0,100000.0,93107.14285714286,0,0,0
I,Semua Provinsi,2025-03-10,88800.0,91250.0,94721.42857142857,0,0,0
II,Bali,2025-03-10,85000.0,88800.0,95078.57142857143,0,0,0
1,Kota Denpasar,2025-03-10,90000.0,85000.0,92935.71428571429,0,0,0
a,Pasar Badung,2025-03-10,90000.0,90000.0,92507.14285714286,0,0,0
b,Pasar Kreneng,2025-03-10,90000.0,90000.0,90721.42857142857,0,0,0
2,Kota Singaraja,2025-03-10,80000.0,90000.0,87864.28571428571,0,0,0
a,Pasar Anyar,2025-03-10,80000.0,80000.0,86257.14285714286,0,0,0
b,Pasar Banyuasri,2025-03-10,80000.0,80000.0,85000.0,0,0,0
b,Pasar Kreneng,2025-03-11,95000.0,80000.0,86428.57142857143,0,0,0
b,Pasar Banyuasri,2025-03-11,85000.0,95000.0,85714.28571428571,0,0,0
a,Pasar Anyar,2025-03-11,87500.0,85000.0,85357.14285714286,0,0,0
2,Kota Singaraja,2025-03-11,86250.0,87500.0,84821.42857142857,0,0,0
a,Pasar Badung,2025-03-11,90000.0,86250.0,86250.0,0,0,0
1,Kota Denpasar,2025-03-11,92500.0,90000.0,88035.71428571429,0,0,0
II,Bali,2025-03-11,89400.0,92500.0,89378.57142857143,0,0,0
I,Semua Provinsi,2025-03-11,87700.0,89400.0,88335.71428571429,0,0,0
I,Semua Provinsi,2025-03-12,87450.0,87700.0,88685.71428571429,0,0,0
II,Bali,2025-03-12,92500.0,87450.0,89400.0,0,0,0
1,Kota Denpasar,2025-03-12,96250.0,92500.0,90828.57142857143,0,0,0
a,Pasar Badung,2025-03-12,95000.0,96250.0,91542.85714285714,0,0,0
b,Pasar Kreneng,2025-03-12,97500.0,95000.0,92257.14285714286,0,0,0
2,Kota Singaraja,2025-03-12,88750.0,97500.0,92164.28571428571,0,0,0
a,Pasar Anyar,2025-03-12,92500.0,88750.0,92850.0,0,0,0
b,Pasar Banyuasri,2025-03-12,85000.0,92500.0,92500.0,0,0,0
a,Pasar Anyar,2025-03-13,92500.0,85000.0,92500.0,0,0,0
2,Kota Singaraja,2025-03-13,92500.0,92500.0,91964.28571428571,0,0,0
b,Pasar Banyuasri,2025-03-13,92500.0,92500.0,91607.14285714286,0,0,0
b,Pasar Kreneng,2025-03-13,105000.0,92500.0,92678.57142857143,0,0,0
1,Kota Denpasar,2025-03-13,100000.0,105000.0,94285.71428571429,0,0,0
II,Bali,2025-03-13,96250.0,100000.0,94821.42857142857,0,0,0
I,Semua Provinsi,2025-03-13,87350.0,96250.0,95157.14285714286,0,0,0
a,Pasar Badung,2025-03-13,95000.0,87350.0,95514.28571428571,0,0,0
I,Semua Provinsi,2025-03-14,87650.0,95000.0,94821.42857142857,0,0,0
II,Bali,2025-03-14,96250.0,87650.0,95357.14285714286,0,0,0
1,Kota Denpasar,2025-03-14,100000.0,96250.0,94642.85714285714,0,0,0
a,Pasar Badung,2025-03-14,95000.0,100000.0,93928.57142857143,0,0,0
b,Pasar Kreneng,2025-03-14,105000.0,95000.0,95178.57142857143,0,0,0
2,Kota Singaraja,2025-03-14,92500.0,105000.0,95914.28571428571,0,0,0
a,Pasar Anyar,2025-03-14,95000.0,92500.0,95914.28571428571,0,0,0
b,Pasar Banyuasri,2025-03-14,90000.0,95000.0,96250.0,0,0,0
b,Pasar Banyuasri,2025-03-17,90000.0,90000.0,95357.14285714286,0,0,0
a,Pasar Anyar,2025-03-17,95000.0,90000.0,94642.85714285714,0,0,0
2,Kota Singaraja,2025-03-17,92500.0,95000.0,94285.71428571429,0,0,0
b,Pasar Kreneng,2025-03-17,115000.0,92500.0,95714.28571428571,0,0,0
a,Pasar Badung,2025-03-17,105000.0,115000.0,97500.0,0,0,0
II,Bali,2025-03-17,101250.0,105000.0,98392.85714285714,0,0,0
I,Semua Provinsi,2025-03-17,87650.0,101250.0,98057.14285714286,0,0,0
1,Kota Denpasar,2025-03-17,110000.0,87650.0,100914.28571428571,0,0,0
I,Semua Provinsi,2025-03-18,88600.0,110000.0,100000.0,0,0,0
II,Bali,2025-03-18,105250.0,88600.0,101821.42857142857,0,0,0
1,Kota Denpasar,2025-03-18,113750.0,105250.0,101642.85714285714,0,0,0
a,Pasar Badung,2025-03-18,110000.0,113750.0,102357.14285714286,0,0,0
b,Pasar Kreneng,2025-03-18,117500.0,110000.0,104678.57142857143,0,0,0
2,Kota Singaraja,2025-03-18,96750.0,117500.0,105978.57142857143,0,0,0
a,Pasar Anyar,2025-03-18,100000.0,96750.0,104550.0,0,0,0
b,Pasar Banyuasri,2025-03-18,93500.0,100000.0,105250.0,0,0,0
2,Kota Singaraja,2025-03-19,101750.0,93500.0,104750.0,0,0,0
b,Pasar Banyuasri,2025-03-19,98500.0,101750.0,102571.42857142857,0,0,0
a,Pasar Anyar,2025-03-19,105000.0,98500.0,101857.14285714286,0,0,0
b,Pasar Kreneng,2025-03-19,117500.0,105000.0,101857.14285714286,0,0,0
I,Semua Provinsi,2025-03-19,89200.0,117500.0,100778.57142857143,0,0,0
1,Kota Denpasar,2025-03-19,113750.0,89200.0,102742.85714285714,0,0,0
II,Bali,2025-03-19,107750.0,113750.0,104778.57142857143,0,0,0
a,Pasar Badung,2025-03-19,110000.0,107750.0,105957.14285714286,0,0,0
I,Semua Provinsi,2025-03-20,88750.0,110000.0,104564.28571428571,0,0,0
II,Bali,2025-03-20,100900.0,88750.0,103978.57142857143,0,0,0
1,Kota Denpasar,2025-03-20,105000.0,100900.0,102192.85714285714,0,0,0
a,Pasar Badung,2025-03-20,100000.0,105000.0,103735.71428571429,0,0,0
b,Pasar Kreneng,2025-03-20,110000.0,100000.0,103200.0,0,0,0
2,Kota Singaraja,2025-03-20,96750.0,110000.0,101628.57142857143,0,0,0
a,Pasar Anyar,2025-03-20,100000.0,96750.0,100200.0,0,0,0
b,Pasar Banyuasri,2025-03-20,93500.0,100000.0,100878.57142857143,0,0,0
b,Pasar Banyuasri,2025-03-21,86500.0,93500.0,98821.42857142857,0,0,0
a,Pasar Anyar,2025-03-21,90000.0,86500.0,96678.57142857143,0,0,0
2,Kota Singaraja,2025-03-21,88250.0,90000.0,95000.0,0,0,0
b,Pasar Kreneng,2025-03-21,110000.0,88250.0,95000.0,0,0,0
I,Semua Provinsi,2025-03-21,88450.0,110000.0,93814.28571428571,0,0,0
1,Kota Denpasar,2025-03-21,105000.0,88450.0,94528.57142857143,0,0,0
II,Bali,2025-03-21,96650.0,105000.0,94978.57142857143,0,0,0
a,Pasar Badung,2025-03-21,100000.0,96650.0,96907.14285714286,0,0,0
2,Kota Singaraja,2025-03-24,100500.0,100000.0,98407.14285714286,1,0,0
b,Pasar Banyuasri,2025-03-24,96000.0,100500.0,99514.28571428571,1,0,0
a,Pasar Anyar,2025-03-24,105000.0,96000.0,98800.0,1,0,0
b,Pasar Kreneng,2025-03-24,110000.0,105000.0,101878.57142857143,1,0,0
I,Semua Provinsi,2025-03-24,92050.0,110000.0,100028.57142857143,1,0,0
1,Kota Denpasar,2025-03-24,110000.0,92050.0,101935.71428571429,1,0,0
II,Bali,2025-03-24,105250.0,110000.0,102685.71428571429,1,0,0
a,Pasar Badung,2025-03-24,110000.0,105250.0,104042.85714285714,1,0,0
I,Semua Provinsi,2025-03-25,93450.0,110000.0,103678.57142857143,1,0,0
II,Bali,2025-03-25,102750.0,93450.0,103357.14285714286,1,0,0
1,Kota Denpasar,2025-03-25,103750.0,102750.0,102464.28571428571,1,0,0
a,Pasar Badung,2025-03-25,100000.0,103750.0,103600.0,1,0,0
b,Pasar Kreneng,2025-03-25,107500.0,100000.0,103242.85714285714,1,0,0
2,Kota Singaraja,2025-03-25,101750.0,107500.0,102742.85714285714,1,0,0
a,Pasar Anyar,2025-03-25,105000.0,101750.0,102028.57142857143,1,0,0
b,Pasar Banyuasri,2025-03-25,98500.0,105000.0,102750.0,1,0,0
2,Kota Singaraja,2025-03-26,98750.0,98500.0,102178.57142857143,1,0,0
b,Pasar Banyuasri,2025-03-26,97500.0,98750.0,101285.71428571429,1,0,0
a,Pasar Anyar,2025-03-26,100000.0,97500.0,101285.71428571429,1,0,0
b,Pasar Kreneng,2025-03-26,107500.0,100000.0,101285.71428571429,1,0,0
I,Semua Provinsi,2025-03-26,95400.0,107500.0,100378.57142857143,1,0,0
1,Kota Denpasar,2025-03-26,103750.0,95400.0,100200.0,1,0,0
II,Bali,2025-03-26,101250.0,103750.0,100592.85714285714,1,0,0
a,Pasar Badung,2025-03-26,100000.0,101250.0,100771.42857142857,1,0,0
I,Semua Provinsi,2025-03-27,96550.0,100000.0,100635.71428571429,1,0,0
II,Bali,2025-03-27,104400.0,96550.0,101264.28571428571,1,0,0
1,Kota Denpasar,2025-03-27,111250.0,104400.0,101800.0,1,0,0
a,Pasar Badung,2025-03-27,100000.0,111250.0,102457.14285714286,1,0,0
b,Pasar Kreneng,2025-03-27,122500.0,100000.0,105135.71428571429,1,0,0
2,Kota Singaraja,2025-03-27,97500.0,122500.0,104600.0,1,0,0
a,Pasar Anyar,2025-03-27,100000.0,97500.0,104600.0,1,0,0
b,Pasar Banyuasri,2025-03-27,95000.0,100000.0,104378.57142857143,1,0,0
b,Pasar Banyuasri,2025-03-28,95000.0,95000.0,103035.71428571429,1,0,0
a,Pasar Anyar,2025-03-28,100000.0,95000.0,101428.57142857143,1,0,0
2,Kota Singaraja,2025-03-28,97500.0,100000.0,101071.42857142857,1,0,0
b,Pasar Kreneng,2025-03-28,122500.0,97500.0,101071.42857142857,1,0,0
1,Kota Denpasar,2025-03-28,111250.0,122500.0,103035.71428571429,1,0,0
II,Bali,2025-03-28,104400.0,111250.0,103664.28571428571,1,0,0
I,Semua Provinsi,2025-03-28,95000.0,104400.0,103664.28571428571,1,0,0
a,Pasar Badung,2025-03-28,100000.0,95000.0,104378.57142857143,1,0,0
I,Semua Provinsi,2025-03-31,95200.0,100000.0,103692.85714285714,0,0,1
II,Bali,2025-03-31,104400.0,95200.0,104678.57142857143,0,0,1
1,Kota Denpasar,2025-03-31,111250.0,104400.0,103071.42857142857,0,0,1
a,Pasar Badung,2025-03-31,100000.0,111250.0,101464.28571428571,0,0,1
b,Pasar Kreneng,2025-03-31,122500.0,100000.0,104050.0,0,0,1
2,Kota Singaraja,2025-03-31,97500.0,122500.0,104407.14285714286,0,0,1
a,Pasar Anyar,2025-03-31,100000.0,97500.0,104407.14285714286,0,0,1
b,Pasar Banyuasri,2025-03-31,95000.0,100000.0,104378.57142857143,0,0,1
2,Kota Singaraja,2025-04-01,97500.0,95000.0,103392.85714285714,0,0,1
b,Pasar Banyuasri,2025-04-01,95000.0,97500.0,101071.42857142857,0,0,1
a,Pasar Anyar,2025-04-01,100000.0,95000.0,101071.42857142857,0,0,1
b,Pasar Kreneng,2025-04-01,122500.0,100000.0,101071.42857142857,0,0,1
I,Semua Provinsi,2025-04-01,97450.0,122500.0,101064.28571428571,0,0,1
1,Kota Denpasar,2025-04-01,111250.0,97450.0,102671.42857142857,0,0,1
a,Pasar Badung,2025-04-01,100000.0,111250.0,103385.71428571429,0,0,1
II,Bali,2025-04-01,104400.0,100000.0,104371.42857142857,0,0,1
I,Semua Provinsi,2025-04-02,97250.0,104400.0,104692.85714285714,0,0,0
II,Bali,2025-04-02,104400.0,97250.0,105321.42857142857,0,0,0
1,Kota Denpasar,2025-04-02,111250.0,104400.0,103714.28571428571,0,0,0
a,Pasar Badung,2025-04-02,100000.0,111250.0,104078.57142857143,0,0,0
b,Pasar Kreneng,2025-04-02,122500.0,100000.0,105685.71428571429,0,0,0
2,Kota Singaraja,2025-04-02,97500.0,122500.0,105328.57142857143,0,0,0
a,Pasar Anyar,2025-04-02,100000.0,97500.0,104700.0,0,0,0
b,Pasar Banyuasri,2025-04-02,95000.0,100000.0,104378.57142857143,0,0,0
b,Pasar Kreneng,2025-04-03,122500.0,95000.0,106964.28571428571,0,0,0
b,Pasar Banyuasri,2025-04-03,95000.0,122500.0,104642.85714285714,0,0,0
a,Pasar Anyar,2025-04-03,100000.0,95000.0,104642.85714285714,0,0,0
2,Kota Singaraja,2025-04-03,97500.0,100000.0,101071.42857142857,0,0,0
a,Pasar Badung,2025-04-03,100000.0,97500.0,101428.57142857143,0,0,0
1,Kota Denpasar,2025-04-03,111250.0,100000.0,103035.71428571429,0,0,0
II,Bali,2025-04-03,104400.0,111250.0,104378.57142857143,0,0,0
I,Semua Provinsi,2025-04-03,97500.0,104400.0,100807.14285714286,0,0,0
I,Semua Provinsi,2025-04-04,97400.0,97500.0,101150.0,0,0,0
II,Bali,2025-04-04,104400.0,97400.0,101778.57142857143,0,0,0
1,Kota Denpasar,2025-04-04,111250.0,104400.0,103742.85714285714,0,0,0
a,Pasar Badung,2025-04-04,100000.0,111250.0,103742.85714285714,0,0,0
b,Pasar Kreneng,2025-04-04,122500.0,100000.0,105350.0,0,0,0
2,Kota Singaraja,2025-04-04,97500.0,122500.0,104364.28571428571,0,0,0
a,Pasar Anyar,2025-04-04,100000.0,97500.0,104721.42857142857,0,0,0
b,Pasar Banyuasri,2025-04-04,95000.0,100000.0,104378.57142857143,0,0,0
a,Pasar Anyar,2025-04-07,102500.0,95000.0,104107.14285714286,0,0,0
2,Kota Singaraja,2025-04-07,96750.0,102500.0,102035.71428571429,0,0,0
b,Pasar Banyuasri,2025-04-07,91000.0,96750.0,100750.0,0,0,0
b,Pasar Kreneng,2025-04-07,122500.0,91000.0,100750.0,0,0,0
1,Kota Denpasar,2025-04-07,111250.0,122500.0,102714.28571428571,0,0,0
II,Bali,2025-04-07,104000.0,111250.0,103285.71428571429,0,0,0
I,Semua Provinsi,2025-04-07,97150.0,104000.0,103592.85714285714,0,0,0
a,Pasar Badung,2025-04-07,100000.0,97150.0,103235.71428571429,0,0,0
I,Semua Provinsi,2025-04-08,85850.0,100000.0,101678.57142857143,0,0,0
II,Bali,2025-04-08,92500.0,85850.0,101892.85714285714,0,0,0
1,Kota Denpasar,2025-04-08,95000.0,92500.0,97964.28571428571,0,0,0
a,Pasar Badung,2025-04-08,90000.0,95000.0,94928.57142857143,0,0,0
b,Pasar Kreneng,2025-04-08,100000.0,90000.0,94357.14285714286,0,0,0
2,Kota Singaraja,2025-04-08,90000.0,100000.0,93335.71428571429,0,0,0
a,Pasar Anyar,2025-04-08,90000.0,90000.0,91907.14285714286,0,0,0
b,Pasar Banyuasri,2025-04-08,90000.0,90000.0,92500.0,0,0,0
b,Pasar Banyuasri,2025-04-09,86500.0,90000.0,91642.85714285714,0,0,0
a,Pasar Anyar,2025-04-09,87500.0,86500.0,90571.42857142857,0,0,0
2,Kota Singaraja,2025-04-09,87000.0,87500.0,90142.85714285714,0,0,0
b,Pasar Kreneng,2025-04-09,85000.0,87000.0,88000.0,0,0,0
a,Pasar Badung,2025-04-09,85000.0,85000.0,87285.71428571429,0,0,0
II,Bali,2025-04-09,86000.0,85000.0,86714.28571428571,0,0,0
I,Semua Provinsi,2025-04-09,85050.0,86000.0,86007.14285714286,0,0,0
1,Kota Denpasar,2025-04-09,85000.0,85050.0,85792.85714285714,0,0,0
I,Semua Provinsi,2025-04-10,85750.0,85000.0,85542.85714285714,0,0,0
II,Bali,2025-04-10,82500.0,85750.0,84900.0,0,0,0
1,Kota Denpasar,2025-04-10,77500.0,82500.0,83828.57142857143,0,0,0
a,Pasar Badung,2025-04-10,80000.0,77500.0,83114.28571428571,0,0,0
b,Pasar Kreneng,2025-04-10,75000.0,80000.0,81542.85714285714,0,0,0
2,Kota Singaraja,2025-04-10,87500.0,75000.0,81892.85714285714,0,0,0
a,Pasar Anyar,2025-04-10,90000.0,87500.0,82607.14285714286,0,0,0
b,Pasar Banyuasri,2025-04-10,85000.0,90000.0,82500.0,0,0,0
2,Kota Singaraja,2025-04-11,95000.0,85000.0,84285.71428571429,0,0,0
b,Pasar Banyuasri,2025-04-11,90000.0,95000.0,86071.42857142857,0,0,0
a,Pasar Anyar,2025-04-11,100000.0,90000.0,88928.57142857143,0,0,0
b,Pasar Kreneng,2025-04-11,82500.0,100000.0,90000.0,0,0,0
a,Pasar Badung,2025-04-11,85000.0,82500.0,89642.85714285714,0,0,0
1,Kota Denpasar,2025-04-11,83750.0,85000.0,88750.0,0,0,0
II,Bali,2025-04-11,89400.0,83750.0,89378.57142857143,0,0,0
I,Semua Provinsi,2025-04-11,85550.0,89400.0,88028.57142857143,0,0,0
I,Semua Provinsi,2025-04-14,86500.0,85550.0,87528.57142857143,0,0,0
II,Bali,2025-04-14,79400.0,86500.0,84585.71428571429,0,0,0
1,Kota Denpasar,2025-04-14,78750.0,79400.0,84050.0,0,0,0
a,Pasar Badung,2025-04-14,80000.0,78750.0,83335.71428571429,0,0,0
b,Pasar Kreneng,2025-04-14,77500.0,80000.0,82442.85714285714,0,0,0
2,Kota Singaraja,2025-04-14,80000.0,77500.0,81100.0,0,0,0
a,Pasar Anyar,2025-04-14,80000.0,80000.0,80307.14285714286,0,0,0
b,Pasar Banyuasri,2025-04-14,80000.0,80000.0,79378.57142857143,0,0,0
b,Pasar Banyuasri,2025-04-15,85000.0,80000.0,80178.57142857143,0,0,0
a,Pasar Anyar,2025-04-15,85000.0,85000.0,81071.42857142857,0,0,0
2,Kota Singaraja,2025-04-15,85000.0,85000.0,81785.71428571429,0,0,0
b,Pasar Kreneng,2025-04-15,81000.0,85000.0,82285.71428571429,0,0,0
1,Kota Denpasar,2025-04-15,80500.0,81000.0,82357.14285714286,0,0,0
II,Bali,2025-04-15,82750.0,80500.0,82750.0,0,0,0
I,Semua Provinsi,2025-04-15,87450.0,82750.0,83814.28571428571,0,0,0
a,Pasar Badung,2025-04-15,80000.0,87450.0,83100.0,0,0,0
I,Semua Provinsi,2025-04-16,88300.0,80000.0,83571.42857142857,1,0,0
II,Bali,2025-04-16,81500.0,88300.0,83071.42857142857,1,0,0
1,Kota Denpasar,2025-04-16,80500.0,81500.0,83000.0,1,0,0
a,Pasar Badung,2025-04-16,80000.0,80500.0,82928.57142857143,1,0,0
b,Pasar Kreneng,2025-04-16,81000.0,80000.0,82678.57142857143,1,0,0
2,Kota Singaraja,2025-04-16,82500.0,81000.0,81971.42857142857,1,0,0
a,Pasar Anyar,2025-04-16,82500.0,82500.0,82328.57142857143,1,0,0
b,Pasar Banyuasri,2025-04-16,82500.0,82500.0,81500.0,1,0,0
2,Kota Singaraja,2025-04-17,77500.0,82500.0,80928.57142857143,1,0,0
b,Pasar Banyuasri,2025-04-17,77500.0,77500.0,80500.0,1,0,0
a,Pasar Anyar,2025-04-17,77500.0,77500.0,80142.85714285714,1,0,0
b,Pasar Kreneng,2025-04-17,70000.0,77500.0,78571.42857142857,1,0,0
a,Pasar Badung,2025-04-17,65000.0,70000.0,76071.42857142857,1,0,0
1,Kota Denpasar,2025-04-17,67500.0,65000.0,73928.57142857143,1,0,0
II,Bali,2025-04-17,72500.0,67500.0,72500.0,1,0,0
I,Semua Provinsi,2025-04-17,88600.0,72500.0,74085.71428571429,1,0,0
I,Semua Provinsi,2025-04-18,88550.0,88600.0,75664.28571428571,1,0,0
II,Bali,2025-04-18,72500.0,88550.0,74950.0,1,0,0
1,Kota Denpasar,2025-04-18,67500.0,72500.0,74592.85714285714,1,0,0
a,Pasar Badung,2025-04-18,65000.0,67500.0,74592.85714285714,1,0,0
b,Pasar Kreneng,2025-04-18,70000.0,65000.0,74950.0,1,0,0
2,Kota Singaraja,2025-04-18,77500.0,70000.0,75664.28571428571,1,0,0
a,Pasar Anyar,2025-04-18,77500.0,77500.0,74078.57142857143,1,0,0
b,Pasar Banyuasri,2025-04-18,77500.0,77500.0,72500.0,1,0,0
b,Pasar Banyuasri,2025-04-21,65000.0,77500.0,71428.57142857143,1,0,0
a,Pasar Anyar,2025-04-21,67500.0,65000.0,71428.57142857143,1,0,0
2,Kota Singaraja,2025-04-21,66250.0,67500.0,71607.14285714286,1,0,0
b,Pasar Kreneng,2025-04-21,75000.0,66250.0,72321.42857142857,1,0,0
a,Pasar Badung,2025-04-21,60000.0,75000.0,69821.42857142857,1,0,0
1,Kota Denpasar,2025-04-21,67500.0,60000.0,68392.85714285714,1,0,0
II,Bali,2025-04-21,66900.0,67500.0,66878.57142857143,1,0,0
I,Semua Provinsi,2025-04-21,83650.0,66900.0,69542.85714285714,1,0,0
I,Semua Provinsi,2025-04-22,82850.0,83650.0,71735.71428571429,1,0,0
II,Bali,2025-04-22,65650.0,82850.0,71650.0,1,0,0
1,Kota Denpasar,2025-04-22,67500.0,65650.0,70578.57142857143,1,0,0
a,Pasar Badung,2025-04-22,60000.0,67500.0,70578.57142857143,1,0,0
b,Pasar Kreneng,2025-04-22,75000.0,60000.0,71650.0,1,0,0
2,Kota Singaraja,2025-04-22,63750.0,75000.0,71200.0,1,0,0
a,Pasar Anyar,2025-04-22,67500.0,63750.0,68892.85714285714,1,0,0
b,Pasar Banyuasri,2025-04-22,60000.0,67500.0,65628.57142857143,1,0,0
a,Pasar Anyar,2025-04-23,67500.0,60000.0,65892.85714285714,0,1,0
2,Kota Singaraja,2025-04-23,63750.0,67500.0,65357.142857142855,0,1,0
b,Pasar Kreneng,2025-04-23,75000.0,63750.0,67500.0,0,1,0
b,Pasar Banyuasri,2025-04-23,60000.0,75000.0,65357.142857142855,0,1,0
1,Kota Denpasar,2025-04-23,67500.0,60000.0,65892.85714285714,0,1,0
II,Bali,2025-04-23,65650.0,67500.0,65628.57142857143,0,1,0
I,Semua Provinsi,2025-04-23,81650.0,65650.0,68721.42857142857,0,1,0
a,Pasar Badung,2025-04-23,60000.0,81650.0,67650.0,0,1,0
I,Semua Provinsi,2025-04-24,80100.0,60000.0,69985.71428571429,0,0,1
II,Bali,2025-04-24,61250.0,80100.0,68021.42857142857,0,0,1
1,Kota Denpasar,2025-04-24,67500.0,61250.0,69092.85714285714,0,0,1
a,Pasar Badung,2025-04-24,60000.0,67500.0,68021.42857142857,0,0,1
b,Pasar Kreneng,2025-04-24,75000.0,60000.0,69357.14285714286,0,0,1
2,Kota Singaraja,2025-04-24,55000.0,75000.0,65550.0,0,0,1
a,Pasar Anyar,2025-04-24,50000.0,55000.0,64121.42857142857,0,0,1
b,Pasar Banyuasri,2025-04-24,60000.0,50000.0,61250.0,0,0,1
b,Pasar Banyuasri,2025-04-25,45000.0,60000.0,58928.57142857143,0,0,1
a,Pasar Anyar,2025-04-25,50000.0,45000.0,56428.57142857143,0,0,1
2,Kota Singaraja,2025-04-25,47500.0,50000.0,54642.857142857145,0,0,1
b,Pasar Kreneng,2025-04-25,47500.0,47500.0,50714.28571428572,0,0,1
a,Pasar Badung,2025-04-25,40000.0,47500.0,48571.42857142857,0,0,1
1,Kota Denpasar,2025-04-25,43750.0,40000.0,47678.57142857143,0,0,1
II,Bali,2025-04-25,45650.0,43750.0,45628.57142857143,0,0,1
I,Semua Provinsi,2025-04-25,76450.0,45650.0,50121.42857142857,0,0,1
I,Semua Provinsi,2025-04-28,71950.0,76450.0,53257.142857142855,1,0,0
II,Bali,2025-04-28,37000.0,71950.0,51757.142857142855,1,0,0
1,Kota Denpasar,2025-04-28,35000.0,37000.0,49971.42857142857,1,0,0
a,Pasar Badung,2025-04-28,35000.0,35000.0,49257.142857142855,1,0,0
b,Pasar Kreneng,2025-04-28,35000.0,35000.0,48007.142857142855,1,0,0
2,Kota Singaraja,2025-04-28,39000.0,35000.0,47057.142857142855,1,0,0
a,Pasar Anyar,2025-04-28,40000.0,39000.0,41850.0,1,0,0
b,Pasar Banyuasri,2025-04-28,38000.0,40000.0,37000.0,1,0,0
a,Pasar Anyar,2025-04-29,40000.0,38000.0,37428.57142857143,1,0,0
2,Kota Singaraja,2025-04-29,38750.0,40000.0,37964.28571428572,1,0,0
b,Pasar Kreneng,2025-04-29,40000.0,38750.0,38678.57142857143,1,0,0
b,Pasar Banyuasri,2025-04-29,37500.0,40000.0,39035.71428571428,1,0,0
1,Kota Denpasar,2025-04-29,37500.0,37500.0,38821.42857142857,1,0,0
II,Bali,2025-04-29,38150.0,37500.0,38557.142857142855,1,0,0
I,Semua Provinsi,2025-04-29,70450.0,38150.0,43192.857142857145,1,0,0
a,Pasar Badung,2025-04-29,35000.0,70450.0,42478.57142857143,1,0,0
I,Semua Provinsi,2025-04-30,69100.0,35000.0,46814.28571428572,1,0,0
II,Bali,2025-04-30,37750.0,69100.0,46492.857142857145,1,0,0
1,Kota Denpasar,2025-04-30,36250.0,37750.0,46314.28571428572,1,0,0
a,Pasar Badung,2025-04-30,35000.0,36250.0,45957.142857142855,1,0,0
b,Pasar Kreneng,2025-04-30,37500.0,35000.0,45864.28571428572,1,0,0
2,Kota Singaraja,2025-04-30,39250.0,37500.0,41407.142857142855,1,0,0
a,Pasar Anyar,2025-04-30,40000.0,39250.0,42121.42857142857,1,0,0
b,Pasar Banyuasri,2025-04-30,38500.0,40000.0,37750.0,1,0,0
a,Pasar Anyar,2025-05-01,40000.0,38500.0,38071.42857142857,1,0,0
2,Kota Singaraja,2025-05-01,39250.0,40000.0,38500.0,1,0,0
b,Pasar Kreneng,2025-05-01,37500.0,39250.0,38857.142857142855,1,0,0
b,Pasar Banyuasri,2025-05-01,38500.0,37500.0,39000.0,1,0,0
1,Kota Denpasar,2025-05-01,36250.0,38500.0,38571.42857142857,1,0,0
II,Bali,2025-05-01,37750.0,36250.0,38250.0,1,0,0
I,Semua Provinsi,2025-05-01,69050.0,37750.0,42614.28571428572,1,0,0
a,Pasar Badung,2025-05-01,35000.0,69050.0,41900.0,1,0,0
a,Pasar Anyar,2025-05-02,40000.0,35000.0,42007.142857142855,1,0,0
2,Kota Singaraja,2025-05-02,37500.0,40000.0,42007.142857142855,1,0,0
b,Pasar Kreneng,2025-05-02,37500.0,37500.0,41864.28571428572,1,0,0
b,Pasar Banyuasri,2025-05-02,35000.0,37500.0,41685.71428571428,1,0,0
1,Kota Denpasar,2025-05-02,36250.0,35000.0,41471.42857142857,1,0,0
II,Bali,2025-05-02,36900.0,36250.0,36878.57142857143,1,0,0
I,Semua Provinsi,2025-05-02,66550.0,36900.0,41385.71428571428,1,0,0
a,Pasar Badung,2025-05-02,35000.0,66550.0,40671.42857142857,1,0,0
I,Semua Provinsi,2025-05-05,64900.0,35000.0,44585.71428571428,0,0,1
II,Bali,2025-05-05,35250.0,64900.0,44264.28571428572,0,0,1
1,Kota Denpasar,2025-05-05,36250.0,35250.0,44442.857142857145,0,0,1
a,Pasar Badung,2025-05-05,35000.0,36250.0,44264.28571428572,0,0,1
b,Pasar Kreneng,2025-05-05,37500.0,35000.0,44350.0,0,0,1
2,Kota Singaraja,2025-05-05,34250.0,37500.0,39735.71428571428,0,0,1
a,Pasar Anyar,2025-05-05,35000.0,34250.0,39735.71428571428,0,0,1
b,Pasar Banyuasri,2025-05-05,33500.0,35000.0,35250.0,0,0,1
a,Pasar Anyar,2025-05-06,33500.0,33500.0,35000.0,0,0,1
b,Pasar Banyuasri,2025-05-06,30000.0,33500.0,34107.142857142855,0,0,1
2,Kota Singaraja,2025-05-06,31750.0,30000.0,33642.857142857145,0,0,1
b,Pasar Kreneng,2025-05-06,31000.0,31750.0,32714.285714285714,0,0,1
a,Pasar Badung,2025-05-06,35000.0,31000.0,32821.42857142857,0,0,1
1,Kota Denpasar,2025-05-06,33000.0,35000.0,32535.714285714286,0,0,1
II,Bali,2025-05-06,32400.0,33000.0,32378.571428571428,0,0,1
I,Semua Provinsi,2025-05-06,63900.0,32400.0,36721.42857142857,0,0,1
I,Semua Provinsi,2025-05-07,63000.0,63900.0,41435.71428571428,0,0,0
II,Bali,2025-05-07,29900.0,63000.0,41171.42857142857,0,0,0
1,Kota Denpasar,2025-05-07,30500.0,29900.0,41100.0,0,0,0
a,Pasar Badung,2025-05-07,30000.0,30500.0,40385.71428571428,0,0,0
b,Pasar Kreneng,2025-05-07,31000.0,30000.0,40100.0,0,0,0
2,Kota Singaraja,2025-05-07,29250.0,31000.0,39650.0,0,0,0
a,Pasar Anyar,2025-05-07,31000.0,29250.0,34950.0,0,0,0
b,Pasar Banyuasri,2025-05-07,27500.0,31000.0,29878.571428571428,0,0,0
b,Pasar Banyuasri,2025-05-08,25500.0,27500.0,29250.0,0,0,0
a,Pasar Anyar,2025-05-08,27500.0,25500.0,28821.428571428572,0,0,0
2,Kota Singaraja,2025-05-08,26500.0,27500.0,28321.428571428572,0,0,0
b,Pasar Kreneng,2025-05-08,29000.0,26500.0,28035.714285714286,0,0,0
a,Pasar Badung,2025-05-08,30000.0,29000.0,28142.85714285714,0,0,0
1,Kota Denpasar,2025-05-08,29500.0,30000.0,27928.571428571428,0,0,0
II,Bali,2025-05-08,28000.0,29500.0,28000.0,0,0,0
I,Semua Provinsi,2025-05-08,62200.0,28000.0,33242.857142857145,0,0,0
I,Semua Provinsi,2025-05-09,61600.0,62200.0,38114.28571428572,0,0,0
II,Bali,2025-05-09,27900.0,61600.0,38314.28571428572,0,0,0
1,Kota Denpasar,2025-05-09,29500.0,27900.0,38385.71428571428,0,0,0
a,Pasar Badung,2025-05-09,30000.0,29500.0,38385.71428571428,0,0,0
b,Pasar Kreneng,2025-05-09,29000.0,30000.0,38314.28571428572,0,0,0
2,Kota Singaraja,2025-05-09,26250.0,29000.0,38064.28571428572,0,0,0
a,Pasar Anyar,2025-05-09,27500.0,26250.0,33107.142857142855,0,0,0
b,Pasar Banyuasri,2025-05-09,25000.0,27500.0,27878.571428571428,0,0,0
b,Pasar Banyuasri,2025-05-12,26500.0,25000.0,27678.571428571428,0,0,0
a,Pasar Anyar,2025-05-12,28500.0,26500.0,27535.714285714286,0,0,0
2,Kota Singaraja,2025-05-12,27500.0,28500.0,27178.571428571428,0,0,0
b,Pasar Kreneng,2025-05-12,26500.0,27500.0,26821.428571428572,0,0,0
a,Pasar Badung,2025-05-12,30000.0,26500.0,27357.14285714286,0,0,0
1,Kota Denpasar,2025-05-12,28250.0,30000.0,27464.285714285714,0,0,0
II,Bali,2025-05-12,27900.0,28250.0,27878.571428571428,0,0,0
I,Semua Provinsi,2025-05-12,61550.0,27900.0,32885.71428571428,0,0,0
I,Semua Provinsi,2025-05-13,61100.0,61550.0,37542.857142857145,0,0,0
II,Bali,2025-05-13,27150.0,61100.0,37492.857142857145,0,0,0
1,Kota Denpasar,2025-05-13,28250.0,27150.0,37742.857142857145,0,0,0
a,Pasar Badung,2025-05-13,30000.0,28250.0,37742.857142857145,0,0,0
b,Pasar Kreneng,2025-05-13,26500.0,30000.0,37492.857142857145,0,0,0
2,Kota Singaraja,2025-05-13,26000.0,26500.0,37221.42857142857,0,0,0
a,Pasar Anyar,2025-05-13,26000.0,26000.0,32142.85714285714,0,0,0
b,Pasar Banyuasri,2025-05-13,26000.0,26000.0,27128.571428571428,0,0,0
b,Pasar Banyuasri,2025-05-14,24500.0,26000.0,26750.0,0,0,0
a,Pasar Anyar,2025-05-14,28500.0,24500.0,26785.714285714286,0,0,0
2,Kota Singaraja,2025-05-14,26500.0,28500.0,26285.714285714286,0,0,0
b,Pasar Kreneng,2025-05-14,26000.0,26500.0,26214.285714285714,0,0,0
a,Pasar Badung,2025-05-14,30000.0,26000.0,26785.714285714286,0,0,0
1,Kota Denpasar,2025-05-14,28000.0,30000.0,27071.428571428572,0,0,0
II,Bali,2025-05-14,27250.0,28000.0,27250.0,0,0,0
I,Semua Provinsi,2025-05-14,59450.0,27250.0,32242.85714285714,0,0,0
I,Semua Provinsi,2025-05-15,58500.0,59450.0,36528.57142857143,0,0,0
II,Bali,2025-05-15,28750.0,58500.0,36850.0,0,0,0
1,Kota Denpasar,2025-05-15,31250.0,28750.0,37600.0,0,0,0
a,Pasar Badung,2025-05-15,30000.0,31250.0,37600.0,0,0,0
b,Pasar Kreneng,2025-05-15,32500.0,30000.0,38242.857142857145,0,0,0
2,Kota Singaraja,2025-05-15,26250.0,32500.0,38100.0,0,0,0
a,Pasar Anyar,2025-05-15,27500.0,26250.0,33535.71428571428,0,0,0
b,Pasar Banyuasri,2025-05-15,25000.0,27500.0,28750.0,0,0,0
a,Pasar Anyar,2025-05-16,26500.0,25000.0,28428.571428571428,0,0,0
2,Kota Singaraja,2025-05-16,26250.0,26500.0,27714.285714285714,0,0,0
b,Pasar Kreneng,2025-05-16,32500.0,26250.0,28071.428571428572,0,0,0
b,Pasar Banyuasri,2025-05-16,26000.0,32500.0,27142.85714285714,0,0,0
1,Kota Denpasar,2025-05-16,31250.0,26000.0,27857.14285714286,0,0,0
II,Bali,2025-05-16,28750.0,31250.0,28035.714285714286,0,0,0
I,Semua Provinsi,2025-05-16,57600.0,28750.0,32692.85714285714,0,0,0
a,Pasar Badung,2025-05-16,30000.0,57600.0,33192.857142857145,0,0,0
I,Semua Provinsi,2025-05-19,55550.0,30000.0,37378.57142857143,0,0,0
II,Bali,2025-05-19,27900.0,55550.0,36721.42857142857,0,0,0
1,Kota Denpasar,2025-05-19,31250.0,27900.0,37471.42857142857,0,0,0
a,Pasar Badung,2025-05-19,30000.0,31250.0,37292.857142857145,0,0,0
b,Pasar Kreneng,2025-05-19,32500.0,30000.0,37828.57142857143,0,0,0
2,Kota Singaraja,2025-05-19,24500.0,32500.0,33100.0,0,0,0
a,Pasar Anyar,2025-05-19,25000.0,24500.0,32385.714285714286,0,0,0
b,Pasar Banyuasri,2025-05-19,24000.0,25000.0,27878.571428571428,0,0,0
b,Pasar Banyuasri,2025-05-20,23500.0,24000.0,27250.0,0,0,0
a,Pasar Anyar,2025-05-20,26500.0,23500.0,26571.428571428572,0,0,0
2,Kota Singaraja,2025-05-20,25000.0,26500.0,25857.14285714286,0,0,0
b,Pasar Kreneng,2025-05-20,28500.0,25000.0,25285.714285714286,0,0,0
a,Pasar Badung,2025-05-20,27500.0,28500.0,25714.285714285714,0,0,0
1,Kota Denpasar,2025-05-20,28000.0,27500.0,26142.85714285714,0,0,0
II,Bali,2025-05-20,26500.0,28000.0,26500.0,0,0,0
I,Semua Provinsi,2025-05-20,54500.0,26500.0,30928.571428571428,0,0,0
I,Semua Provinsi,2025-05-21,54150.0,54500.0,34878.57142857143,0,0,0
II,Bali,2025-05-21,26650.0,54150.0,35114.28571428572,0,0,0
1,Kota Denpasar,2025-05-21,28000.0,26650.0,35042.857142857145,0,0,0
a,Pasar Badung,2025-05-21,27500.0,28000.0,35042.857142857145,0,0,0
b,Pasar Kreneng,2025-05-21,28500.0,27500.0,35114.28571428572,0,0,0
2,Kota Singaraja,2025-05-21,25250.0,28500.0,34935.71428571428,0,0,0
a,Pasar Anyar,2025-05-21,26500.0,25250.0,30935.714285714286,0,0,0
b,Pasar Banyuasri,2025-05-21,24000.0,26500.0,26628.571428571428,0,0,0
a,Pasar Anyar,2025-05-22,25000.0,24000.0,26392.85714285714,0,0,0
2,Kota Singaraja,2025-05-22,24250.0,25000.0,25857.14285714286,0,0,0
b,Pasar Kreneng,2025-05-22,27500.0,24250.0,25857.14285714286,0,0,0
b,Pasar Banyuasri,2025-05-22,23500.0,27500.0,25142.85714285714,0,0,0
1,Kota Denpasar,2025-05-22,26250.0,23500.0,25285.714285714286,0,0,0
II,Bali,2025-05-22,25250.0,26250.0,25107.14285714286,0,0,0
I,Semua Provinsi,2025-05-22,53900.0,25250.0,29378.571428571428,0,0,0
a,Pasar Badung,2025-05-22,25000.0,53900.0,29378.571428571428,0,0,0
I,Semua Provinsi,2025-05-23,53000.0,25000.0,33485.71428571428,0,0,0
II,Bali,2025-05-23,24750.0,53000.0,33092.857142857145,0,0,0
1,Kota Denpasar,2025-05-23,26250.0,24750.0,33485.71428571428,0,0,0
a,Pasar Badung,2025-05-23,25000.0,26250.0,33307.142857142855,0,0,0
b,Pasar Kreneng,2025-05-23,27500.0,25000.0,33628.57142857143,0,0,0
2,Kota Singaraja,2025-05-23,23250.0,27500.0,29250.0,0,0,0
a,Pasar Anyar,2025-05-23,23500.0,23250.0,29035.714285714286,0,0,0
b,Pasar Banyuasri,2025-05-23,23000.0,23500.0,24750.0,0,0,0
a,Pasar Anyar,2025-05-26,25000.0,23000.0,24785.714285714286,0,0,0
2,Kota Singaraja,2025-05-26,24000.0,25000.0,24464.285714285714,0,0,0
b,Pasar Kreneng,2025-05-26,28500.0,24000.0,24964.285714285714,0,0,0
b,Pasar Banyuasri,2025-05-26,23000.0,28500.0,24321.428571428572,0,0,0
1,Kota Denpasar,2025-05-26,26750.0,23000.0,24821.428571428572,0,0,0
II,Bali,2025-05-26,25400.0,26750.0,25092.85714285714,0,0,0
I,Semua Provinsi,2025-05-26,52000.0,25400.0,29235.714285714286,0,0,0
a,Pasar Badung,2025-05-26,25000.0,52000.0,29235.714285714286,0,0,0
a,Pasar Anyar,2025-05-27,27000.0,25000.0,29664.285714285714,0,0,0
2,Kota Singaraja,2025-05-27,25250.0,27000.0,29200.0,0,0,0
b,Pasar Kreneng,2025-05-27,30000.0,25250.0,30200.0,0,0,0
b,Pasar Banyuasri,2025-05-27,23500.0,30000.0,29735.714285714286,0,0,0
1,Kota Denpasar,2025-05-27,27500.0,23500.0,30035.714285714286,0,0,0
II,Bali,2025-05-27,26400.0,27500.0,26378.571428571428,0,0,0
I,Semua Provinsi,2025-05-27,51900.0,26400.0,30221.428571428572,0,0,0
a,Pasar Badung,2025-05-27,25000.0,51900.0,29935.714285714286,0,0,0
I,Semua Provinsi,2025-05-28,51550.0,25000.0,33692.857142857145,0,0,0
II,Bali,2025-05-28,26250.0,51550.0,33157.142857142855,0,0,0
1,Kota Denpasar,2025-05-28,27500.0,26250.0,33728.57142857143,0,0,0
a,Pasar Badung,2025-05-28,25000.0,27500.0,33371.42857142857,0,0,0
b,Pasar Kreneng,2025-05-28,30000.0,25000.0,33885.71428571428,0,0,0
2,Kota Singaraja,2025-05-28,25000.0,30000.0,30042.85714285714,0,0,0
a,Pasar Anyar,2025-05-28,27000.0,25000.0,30328.571428571428,0,0,0
b,Pasar Banyuasri,2025-05-28,23000.0,27000.0,26250.0,0,0,0
2,Kota Singaraja,2025-05-29,24250.0,23000.0,25964.285714285714,0,0,0
b,Pasar Banyuasri,2025-05-29,22500.0,24250.0,25250.0,0,0,0
a,Pasar Anyar,2025-05-29,26000.0,22500.0,25392.85714285714,0,0,0
a,Pasar Badung,2025-05-29,25000.0,26000.0,24678.571428571428,0,0,0
1,Kota Denpasar,2025-05-29,27500.0,25000.0,25035.714285714286,0,0,0
b,Pasar Kreneng,2025-05-29,30000.0,27500.0,25464.285714285714,0,0,0
II,Bali,2025-05-29,25900.0,30000.0,25878.571428571428,0,0,0
I,Semua Provinsi,2025-05-29,51550.0,25900.0,29778.571428571428,0,0,0
I,Semua Provinsi,2025-05-30,51450.0,51550.0,33914.28571428572,0,0,0
II,Bali,2025-05-30,25750.0,51450.0,33878.57142857143,0,0,0
1,Kota Denpasar,2025-05-30,27500.0,25750.0,34235.71428571428,0,0,0
a,Pasar Badung,2025-05-30,25000.0,27500.0,33878.57142857143,0,0,0
b,Pasar Kreneng,2025-05-30,30000.0,25000.0,33878.57142857143,0,0,0
2,Kota Singaraja,2025-05-30,24000.0,30000.0,33607.142857142855,0,0,0
a,Pasar Anyar,2025-05-30,26000.0,24000.0,29957.14285714286,0,0,0
b,Pasar Banyuasri,2025-05-30,22000.0,26000.0,25750.0,0,0,0
b,Pasar Banyuasri,2025-06-02,38000.0,22000.0,27500.0,0,0,0
a,Pasar Anyar,2025-06-02,40000.0,38000.0,29285.714285714286,0,0,0
2,Kota Singaraja,2025-06-02,39000.0,40000.0,31285.714285714286,0,0,0
b,Pasar Kreneng,2025-06-02,50000.0,39000.0,34142.857142857145,0,0,0
1,Kota Denpasar,2025-06-02,42500.0,50000.0,36785.71428571428,0,0,0
II,Bali,2025-06-02,40750.0,42500.0,38892.857142857145,0,0,0
I,Semua Provinsi,2025-06-02,55400.0,40750.0,43664.28571428572,0,0,0
a,Pasar Badung,2025-06-02,35000.0,55400.0,43235.71428571428,0,0,0
I,Semua Provinsi,2025-06-03,56400.0,35000.0,45578.57142857143,0,0,0
II,Bali,2025-06-03,41400.0,56400.0,45921.42857142857,0,0,0
1,Kota Denpasar,2025-06-03,43250.0,41400.0,44957.142857142855,0,0,0
a,Pasar Badung,2025-06-03,40000.0,43250.0,44600.0,0,0,0
b,Pasar Kreneng,2025-06-03,46500.0,40000.0,45421.42857142857,0,0,0
2,Kota Singaraja,2025-06-03,39500.0,46500.0,43150.0,0,0,0
a,Pasar Anyar,2025-06-03,40000.0,39500.0,43864.28571428572,0,0,0
b,Pasar Banyuasri,2025-06-03,39000.0,40000.0,41378.57142857143,0,0,0
2,Kota Singaraja,2025-06-04,37000.0,39000.0,40750.0,0,0,0
b,Pasar Banyuasri,2025-06-04,34000.0,37000.0,39428.57142857143,0,0,0
a,Pasar Anyar,2025-06-04,40000.0,34000.0,39428.57142857143,0,0,0
b,Pasar Kreneng,2025-06-04,42500.0,40000.0,38857.142857142855,0,0,0
1,Kota Denpasar,2025-06-04,38750.0,42500.0,38750.0,0,0,0
II,Bali,2025-06-04,37900.0,38750.0,38450.0,0,0,0
I,Semua Provinsi,2025-06-04,57050.0,37900.0,41028.57142857143,0,0,0
a,Pasar Badung,2025-06-04,35000.0,57050.0,40742.857142857145,0,0,0
b,Pasar Banyuasri,2025-06-05,31500.0,35000.0,40385.71428571428,0,0,0
I,Semua Provinsi,2025-06-05,57850.0,31500.0,42935.71428571428,0,0,0
II,Bali,2025-06-05,36000.0,57850.0,42007.142857142855,0,0,0
1,Kota Denpasar,2025-06-05,38750.0,36000.0,42007.142857142855,0,0,0
a,Pasar Badung,2025-06-05,35000.0,38750.0,41592.857142857145,0,0,0
b,Pasar Kreneng,2025-06-05,42500.0,35000.0,39514.28571428572,0,0,0
2,Kota Singaraja,2025-06-05,33250.0,42500.0,39264.28571428572,0,0,0
a,Pasar Anyar,2025-06-05,35000.0,33250.0,39764.28571428572,0,0,0
b,Pasar Banyuasri,2025-06-06,31500.0,35000.0,36000.0,0,0,0
a,Pasar Anyar,2025-06-06,35000.0,31500.0,35857.142857142855,0,0,0
2,Kota Singaraja,2025-06-06,33250.0,35000.0,35071.42857142857,0,0,0
b,Pasar Kreneng,2025-06-06,42500.0,33250.0,36142.857142857145,0,0,0
1,Kota Denpasar,2025-06-06,38750.0,42500.0,35607.142857142855,0,0,0
II,Bali,2025-06-06,36000.0,38750.0,36000.0,0,0,0
I,Semua Provinsi,2025-06-06,57850.0,36000.0,39264.28571428572,0,0,0
a,Pasar Badung,2025-06-06,35000.0,57850.0,39764.28571428572,0,0,0
b,Pasar Kreneng,2025-06-09,42500.0,35000.0,40835.71428571428,0,0,0
2,Kota Singaraja,2025-06-09,37750.0,42500.0,41478.57142857143,0,0,0
a,Pasar Badung,2025-06-09,35000.0,37750.0,40407.142857142855,0,0,0
a,Pasar Anyar,2025-06-09,37500.0,35000.0,40228.57142857143,0,0,0
II,Bali,2025-06-09,38250.0,37500.0,40550.0,0,0,0
I,Semua Provinsi,2025-06-09,57600.0,38250.0,40514.28571428572,0,0,0
1,Kota Denpasar,2025-06-09,38750.0,57600.0,41050.0,0,0,0
b,Pasar Banyuasri,2025-06-09,38000.0,38750.0,40407.142857142855,0,0,0
a,Pasar Anyar,2025-06-10,38500.0,38000.0,40514.28571428572,0,0,0
2,Kota Singaraja,2025-06-10,37500.0,38500.0,40871.42857142857,0,0,0
b,Pasar Banyuasri,2025-06-10,36500.0,37500.0,40728.57142857143,0,0,0
b,Pasar Kreneng,2025-06-10,45000.0,36500.0,41692.857142857145,0,0,0
a,Pasar Badung,2025-06-10,40000.0,45000.0,39178.57142857143,0,0,0
1,Kota Denpasar,2025-06-10,42500.0,40000.0,39714.28571428572,0,0,0
II,Bali,2025-06-10,40000.0,42500.0,40000.0,0,0,0
I,Semua Provinsi,2025-06-10,60400.0,40000.0,43128.57142857143,0,0,0
I,Semua Provinsi,2025-06-11,59200.0,60400.0,46228.57142857143,0,0,0
II,Bali,2025-06-11,39650.0,59200.0,46678.57142857143,0,0,0
1,Kota Denpasar,2025-06-11,42500.0,39650.0,46321.42857142857,0,0,0
a,Pasar Badung,2025-06-11,40000.0,42500.0,46321.42857142857,0,0,0
b,Pasar Kreneng,2025-06-11,45000.0,40000.0,46678.57142857143,0,0,0
2,Kota Singaraja,2025-06-11,36750.0,45000.0,46214.28571428572,0,0,0
a,Pasar Anyar,2025-06-11,38500.0,36750.0,43085.71428571428,0,0,0
b,Pasar Banyuasri,2025-06-11,35000.0,38500.0,39628.57142857143,0,0,0
b,Pasar Banyuasri,2025-06-12,32500.0,35000.0,38607.142857142855,0,0,0
a,Pasar Anyar,2025-06-12,38500.0,32500.0,38035.71428571428,0,0,0
2,Kota Singaraja,2025-06-12,35500.0,38500.0,37392.857142857145,0,0,0
b,Pasar Kreneng,2025-06-12,41500.0,35500.0,36892.857142857145,0,0,0
1,Kota Denpasar,2025-06-12,38250.0,41500.0,37107.142857142855,0,0,0
II,Bali,2025-06-12,36900.0,38250.0,36878.57142857143,0,0,0
I,Semua Provinsi,2025-06-12,57050.0,36900.0,40028.57142857143,0,0,0
a,Pasar Badung,2025-06-12,35000.0,57050.0,40385.71428571428,0,0,0
I,Semua Provinsi,2025-06-13,56600.0,35000.0,42971.42857142857,0,0,0
II,Bali,2025-06-13,38750.0,56600.0,43435.71428571428,0,0,0
1,Kota Denpasar,2025-06-13,38250.0,38750.0,42971.42857142857,0,0,0
a,Pasar Badung,2025-06-13,35000.0,38250.0,42507.142857142855,0,0,0
b,Pasar Kreneng,2025-06-13,41500.0,35000.0,43164.28571428572,0,0,0
2,Kota Singaraja,2025-06-13,39250.0,41500.0,40621.42857142857,0,0,0
a,Pasar Anyar,2025-06-13,38500.0,39250.0,41121.42857142857,0,0,0
b,Pasar Banyuasri,2025-06-13,40000.0,38500.0,38750.0,0,0,0
2,Kota Singaraja,2025-06-16,43750.0,40000.0,39464.28571428572,0,0,0
b,Pasar Banyuasri,2025-06-16,42500.0,43750.0,40071.42857142857,0,0,0
a,Pasar Anyar,2025-06-16,45000.0,42500.0,41500.0,0,0,0
b,Pasar Kreneng,2025-06-16,45000.0,45000.0,42000.0,0,0,0
a,Pasar Badung,2025-06-16,40000.0,45000.0,42107.142857142855,0,0,0
1,Kota Denpasar,2025-06-16,42500.0,40000.0,42678.57142857143,0,0,0
II,Bali,2025-06-16,43150.0,42500.0,43128.57142857143,0,0,0
I,Semua Provinsi,2025-06-16,58300.0,43150.0,45207.142857142855,0,0,0
I,Semua Provinsi,2025-06-17,58550.0,58300.0,47500.0,0,0,0
II,Bali,2025-06-17,48250.0,58550.0,47964.28571428572,0,0,0
1,Kota Denpasar,2025-06-17,53750.0,48250.0,49214.28571428572,0,0,0
a,Pasar Badung,2025-06-17,50000.0,53750.0,50642.857142857145,0,0,0
b,Pasar Kreneng,2025-06-17,57500.0,50000.0,52785.71428571428,0,0,0
2,Kota Singaraja,2025-06-17,42750.0,57500.0,52728.57142857143,0,0,0
a,Pasar Anyar,2025-06-17,44000.0,42750.0,50685.71428571428,0,0,0
b,Pasar Banyuasri,2025-06-17,41500.0,44000.0,48250.0,0,0,0
b,Pasar Banyuasri,2025-06-18,55500.0,41500.0,49285.71428571428,0,0,0
a,Pasar Anyar,2025-06-18,53500.0,55500.0,49250.0,0,0,0
2,Kota Singaraja,2025-06-18,54500.0,53500.0,49892.857142857145,0,0,0
b,Pasar Kreneng,2025-06-18,57500.0,54500.0,49892.857142857145,0,0,0
a,Pasar Badung,2025-06-18,50000.0,57500.0,50928.57142857143,0,0,0
1,Kota Denpasar,2025-06-18,53750.0,50000.0,52321.42857142857,0,0,0
II,Bali,2025-06-18,54150.0,53750.0,54128.57142857143,0,0,0
I,Semua Provinsi,2025-06-18,59000.0,54150.0,54628.57142857143,0,0,0
I,Semua Provinsi,2025-06-19,60450.0,59000.0,55621.42857142857,0,0,0
II,Bali,2025-06-19,71250.0,60450.0,58014.28571428572,0,0,0
1,Kota Denpasar,2025-06-19,73750.0,71250.0,60335.71428571428,0,0,0
a,Pasar Badung,2025-06-19,80000.0,73750.0,64621.42857142857,0,0,0
b,Pasar Kreneng,2025-06-19,67500.0,80000.0,66585.71428571429,0,0,0
2,Kota Singaraja,2025-06-19,68750.0,67500.0,68671.42857142857,0,0,0
a,Pasar Anyar,2025-06-19,67500.0,68750.0,69885.71428571429,0,0,0
b,Pasar Banyuasri,2025-06-19,70000.0,67500.0,71250.0,0,0,0
a,Pasar Anyar,2025-06-20,79000.0,70000.0,72357.14285714286,0,0,0
2,Kota Singaraja,2025-06-20,77000.0,79000.0,72821.42857142857,0,0,0
b,Pasar Kreneng,2025-06-20,67500.0,77000.0,71035.71428571429,0,0,0
b,Pasar Banyuasri,2025-06-20,75000.0,67500.0,72107.14285714286,0,0,0
1,Kota Denpasar,2025-06-20,73750.0,75000.0,72821.42857142857,0,0,0
II,Bali,2025-06-20,75400.0,73750.0,73950.0,0,0,0
I,Semua Provinsi,2025-06-20,63850.0,75400.0,73071.42857142857,0,0,0
a,Pasar Badung,2025-06-20,80000.0,63850.0,73214.28571428571,0,0,0
a,Pasar Anyar,2025-06-23,62500.0,80000.0,71142.85714285714,0,0,0
2,Kota Singaraja,2025-06-23,60500.0,62500.0,70142.85714285714,0,0,0
b,Pasar Banyuasri,2025-06-23,58500.0,60500.0,67785.71428571429,0,0,0
b,Pasar Kreneng,2025-06-23,57500.0,58500.0,65464.28571428572,0,0,0
a,Pasar Badung,2025-06-23,60000.0,57500.0,63264.28571428572,0,0,0
1,Kota Denpasar,2025-06-23,58750.0,60000.0,62535.71428571428,0,0,0
II,Bali,2025-06-23,59650.0,58750.0,59628.57142857143,0,0,0
I,Semua Provinsi,2025-06-23,66200.0,59650.0,60157.142857142855,0,0,0
I,Semua Provinsi,2025-06-24,66600.0,66200.0,61028.57142857143,0,0,0
II,Bali,2025-06-24,66500.0,66600.0,62171.42857142857,0,0,0
1,Kota Denpasar,2025-06-24,71250.0,66500.0,64135.71428571428,0,0,0
a,Pasar Badung,2025-06-24,70000.0,71250.0,65564.28571428571,0,0,0
b,Pasar Kreneng,2025-06-24,72500.0,70000.0,67528.57142857143,0,0,0
2,Kota Singaraja,2025-06-24,61750.0,72500.0,67828.57142857143,0,0,0
a,Pasar Anyar,2025-06-24,62500.0,61750.0,67300.0,0,0,0
b,Pasar Banyuasri,2025-06-24,61000.0,62500.0,66500.0,0,0,0
b,Pasar Banyuasri,2025-06-25,66000.0,61000.0,66428.57142857143,0,0,0
a,Pasar Anyar,2025-06-25,65000.0,66000.0,65535.71428571428,0,0,0
2,Kota Singaraja,2025-06-25,65500.0,65000.0,64892.857142857145,0,0,0
b,Pasar Kreneng,2025-06-25,72500.0,65500.0,64892.857142857145,0,0,0
1,Kota Denpasar,2025-06-25,71250.0,72500.0,66250.0,0,0,0
II,Bali,2025-06-25,68400.0,71250.0,67092.85714285714,0,0,0
I,Semua Provinsi,2025-06-25,65750.0,68400.0,67771.42857142857,0,0,0
a,Pasar Badung,2025-06-25,70000.0,65750.0,68342.85714285714,0,0,0
I,Semua Provinsi,2025-06-26,65550.0,70000.0,68421.42857142857,0,0,0
II,Bali,2025-06-26,69000.0,65550.0,68921.42857142857,0,0,0
1,Kota Denpasar,2025-06-26,72500.0,69000.0,68921.42857142857,0,0,0
a,Pasar Badung,2025-06-26,70000.0,72500.0,68742.85714285714,0,0,0
b,Pasar Kreneng,2025-06-26,75000.0,70000.0,69685.71428571429,0,0,0
2,Kota Singaraja,2025-06-26,65500.0,75000.0,69650.0,0,0,0
a,Pasar Anyar,2025-06-26,65000.0,65500.0,68935.71428571429,0,0,0
b,Pasar Banyuasri,2025-06-26,66000.0,65000.0,69000.0,0,0,0
2,Kota Singaraja,2025-06-27,64250.0,66000.0,68321.42857142857,0,0,0
b,Pasar Banyuasri,2025-06-27,63500.0,64250.0,67035.71428571429,0,0,0
a,Pasar Anyar,2025-06-27,65000.0,63500.0,66321.42857142857,0,0,0
b,Pasar Kreneng,2025-06-27,75000.0,65000.0,66321.42857142857,0,0,0
a,Pasar Badung,2025-06-27,70000.0,75000.0,66964.28571428571,0,0,0
1,Kota Denpasar,2025-06-27,72500.0,70000.0,68035.71428571429,0,0,0
II,Bali,2025-06-27,68400.0,72500.0,68378.57142857143,0,0,0
I,Semua Provinsi,2025-06-27,65600.0,68400.0,68571.42857142857,0,0,0
I,Semua Provinsi,2025-06-30,68200.0,65600.0,69242.85714285714,0,0,0
II,Bali,2025-06-30,63150.0,68200.0,68978.57142857143,0,0,0
1,Kota Denpasar,2025-06-30,65000.0,63150.0,67550.0,0,0,0
a,Pasar Badung,2025-06-30,65000.0,65000.0,66835.71428571429,0,0,0
b,Pasar Kreneng,2025-06-30,65000.0,65000.0,65764.28571428571,0,0,0
2,Kota Singaraja,2025-06-30,61250.0,65000.0,64742.857142857145,0,0,0
a,Pasar Anyar,2025-06-30,60000.0,61250.0,63942.857142857145,0,0,0
b,Pasar Banyuasri,2025-06-30,62500.0,60000.0,63128.57142857143,0,0,0
b,Pasar Banyuasri,2025-07-01,57500.0,62500.0,62321.42857142857,0,0,0
a,Pasar Anyar,2025-07-01,60000.0,57500.0,61607.142857142855,0,0,0
2,Kota Singaraja,2025-07-01,58750.0,60000.0,60714.28571428572,0,0,0
b,Pasar Kreneng,2025-07-01,65000.0,58750.0,60714.28571428572,0,0,0
a,Pasar Badung,2025-07-01,60000.0,65000.0,60535.71428571428,0,0,0
1,Kota Denpasar,2025-07-01,62500.0,60000.0,60892.857142857145,0,0,0
II,Bali,2025-07-01,60650.0,62500.0,60628.57142857143,0,0,0
I,Semua Provinsi,2025-07-01,68350.0,60650.0,62178.57142857143,0,0,0
I,Semua Provinsi,2025-07-02,69600.0,68350.0,63550.0,0,0,0
II,Bali,2025-07-02,59250.0,69600.0,63621.42857142857,0,0,0
1,Kota Denpasar,2025-07-02,62500.0,59250.0,63264.28571428572,0,0,0
a,Pasar Badung,2025-07-02,60000.0,62500.0,63264.28571428572,0,0,0
b,Pasar Kreneng,2025-07-02,65000.0,60000.0,63621.42857142857,0,0,0
2,Kota Singaraja,2025-07-02,56000.0,65000.0,62957.142857142855,0,0,0
a,Pasar Anyar,2025-07-02,58500.0,56000.0,61550.0,0,0,0
b,Pasar Banyuasri,2025-07-02,53500.0,58500.0,59250.0,0,0,0
a,Pasar Anyar,2025-07-03,60000.0,53500.0,59357.142857142855,0,0,0
2,Kota Singaraja,2025-07-03,57500.0,60000.0,58642.857142857145,0,0,0
b,Pasar Kreneng,2025-07-03,65000.0,57500.0,59357.142857142855,0,0,0
b,Pasar Banyuasri,2025-07-03,55000.0,65000.0,57928.57142857143,0,0,0
1,Kota Denpasar,2025-07-03,65000.0,55000.0,59214.28571428572,0,0,0
II,Bali,2025-07-03,61250.0,65000.0,59607.142857142855,0,0,0
I,Semua Provinsi,2025-07-03,70650.0,61250.0,62057.142857142855,0,0,0
a,Pasar Badung,2025-07-03,65000.0,70650.0,62771.42857142857,0,0,0
I,Semua Provinsi,2025-07-04,71800.0,65000.0,64814.28571428572,0,0,0
II,Bali,2025-07-04,65500.0,71800.0,64885.71428571428,0,0,0
1,Kota Denpasar,2025-07-04,65000.0,65500.0,66314.28571428571,0,0,0
a,Pasar Badung,2025-07-04,65000.0,65000.0,66314.28571428571,0,0,0
b,Pasar Kreneng,2025-07-04,65000.0,65000.0,66850.0,0,0,0
2,Kota Singaraja,2025-07-04,66000.0,65000.0,66185.71428571429,0,0,0
a,Pasar Anyar,2025-07-04,65000.0,66000.0,66185.71428571429,0,0,0
b,Pasar Banyuasri,2025-07-04,67000.0,65000.0,65500.0,0,0,0
b,Pasar Banyuasri,2025-07-07,54500.0,67000.0,63928.57142857143,0,0,0
a,Pasar Anyar,2025-07-07,60000.0,54500.0,63214.28571428572,0,0,0
2,Kota Singaraja,2025-07-07,57250.0,60000.0,62107.142857142855,0,0,0
b,Pasar Kreneng,2025-07-07,67500.0,57250.0,62464.28571428572,0,0,0
a,Pasar Badung,2025-07-07,60000.0,67500.0,61607.142857142855,0,0,0
1,Kota Denpasar,2025-07-07,63750.0,60000.0,61428.57142857143,0,0,0
II,Bali,2025-07-07,60500.0,63750.0,60500.0,0,0,0
I,Semua Provinsi,2025-07-07,73450.0,60500.0,63207.142857142855,0,0,0
I,Semua Provinsi,2025-07-08,73900.0,73450.0,65192.857142857145,0,0,0
II,Bali,2025-07-08,63150.0,73900.0,66035.71428571429,0,0,0
1,Kota Denpasar,2025-07-08,63750.0,63150.0,65500.0,0,0,0
a,Pasar Badung,2025-07-08,60000.0,63750.0,65500.0,0,0,0
b,Pasar Kreneng,2025-07-08,67500.0,60000.0,66035.71428571429,0,0,0
2,Kota Singaraja,2025-07-08,62500.0,67500.0,66321.42857142857,0,0,0
a,Pasar Anyar,2025-07-08,65000.0,62500.0,65114.28571428572,0,0,0
b,Pasar Banyuasri,2025-07-08,60000.0,65000.0,63128.57142857143,0,0,0
a,Pasar Anyar,2025-07-09,60000.0,60000.0,62678.57142857143,0,0,0
2,Kota Singaraja,2025-07-09,60500.0,60000.0,62214.28571428572,0,0,0
b,Pasar Kreneng,2025-07-09,67500.0,60500.0,63285.71428571428,0,0,0
b,Pasar Banyuasri,2025-07-09,61000.0,67500.0,62357.142857142855,0,0,0
1,Kota Denpasar,2025-07-09,63750.0,61000.0,62535.71428571428,0,0,0
II,Bali,2025-07-09,62150.0,63750.0,62128.57142857143,0,0,0
I,Semua Provinsi,2025-07-09,74750.0,62150.0,64235.71428571428,0,0,0
a,Pasar Badung,2025-07-09,60000.0,74750.0,64235.71428571428,0,0,0
I,Semua Provinsi,2025-07-10,74450.0,60000.0,66228.57142857143,0,0,0
II,Bali,2025-07-10,62500.0,74450.0,65514.28571428572,0,0,0
1,Kota Denpasar,2025-07-10,63750.0,62500.0,65907.14285714286,0,0,0
a,Pasar Badung,2025-07-10,60000.0,63750.0,65371.42857142857,0,0,0
b,Pasar Kreneng,2025-07-10,67500.0,60000.0,66135.71428571429,0,0,0
2,Kota Singaraja,2025-07-10,61250.0,67500.0,64207.142857142855,0,0,0
a,Pasar Anyar,2025-07-10,60000.0,61250.0,64207.142857142855,0,0,0
b,Pasar Banyuasri,2025-07-10,62500.0,60000.0,62500.0,0,0,0
a,Pasar Anyar,2025-07-11,60000.0,62500.0,62142.857142857145,0,0,0
2,Kota Singaraja,2025-07-11,60750.0,60000.0,61714.28571428572,0,0,0
b,Pasar Kreneng,2025-07-11,67500.0,60750.0,62785.71428571428,0,0,0
b,Pasar Banyuasri,2025-07-11,61500.0,67500.0,61928.57142857143,0,0,0
1,Kota Denpasar,2025-07-11,63750.0,61500.0,62285.71428571428,0,0,0
II,Bali,2025-07-11,62250.0,63750.0,62607.142857142855,0,0,0
I,Semua Provinsi,2025-07-11,74600.0,62250.0,64335.71428571428,0,0,0
a,Pasar Badung,2025-07-11,60000.0,74600.0,64335.71428571428,0,0,0
a,Pasar Anyar,2025-07-14,60000.0,60000.0,64228.57142857143,0,0,0
2,Kota Singaraja,2025-07-14,59500.0,60000.0,63085.71428571428,0,0,0
b,Pasar Kreneng,2025-07-14,70000.0,59500.0,64300.0,0,0,0
b,Pasar Banyuasri,2025-07-14,59000.0,70000.0,63621.42857142857,0,0,0
1,Kota Denpasar,2025-07-14,65000.0,59000.0,64014.28571428572,0,0,0
II,Bali,2025-07-14,62250.0,65000.0,62250.0,0,0,0
I,Semua Provinsi,2025-07-14,77200.0,62250.0,64707.142857142855,0,0,0
a,Pasar Badung,2025-07-14,60000.0,77200.0,64707.142857142855,0,0,0
I,Semua Provinsi,2025-07-15,77800.0,60000.0,67321.42857142857,0,0,0
II,Bali,2025-07-15,61650.0,77800.0,66128.57142857143,0,0,0
1,Kota Denpasar,2025-07-15,63750.0,61650.0,66807.14285714286,0,0,0
a,Pasar Badung,2025-07-15,60000.0,63750.0,66092.85714285714,0,0,0
b,Pasar Kreneng,2025-07-15,67500.0,60000.0,66842.85714285714,0,0,0
2,Kota Singaraja,2025-07-15,59500.0,67500.0,64314.28571428572,0,0,0
a,Pasar Anyar,2025-07-15,60000.0,59500.0,64314.28571428572,0,0,0
b,Pasar Banyuasri,2025-07-15,59000.0,60000.0,61628.57142857143,0,0,0
a,Pasar Anyar,2025-07-16,60000.0,59000.0,61392.857142857145,0,0,0
b,Pasar Banyuasri,2025-07-16,61500.0,60000.0,61071.42857142857,0,0,0
2,Kota Singaraja,2025-07-16,60750.0,61500.0,61178.57142857143,0,0,0
b,Pasar Kreneng,2025-07-16,67500.0,60750.0,61178.57142857143,0,0,0
a,Pasar Badung,2025-07-16,60000.0,67500.0,61250.0,0,0,0
1,Kota Denpasar,2025-07-16,63750.0,60000.0,61785.71428571428,0,0,0
II,Bali,2025-07-16,62250.0,63750.0,62250.0,0,0,0
I,Semua Provinsi,2025-07-16,77150.0,62250.0,64700.0,0,0,0
I,Semua Provinsi,2025-07-17,76800.0,77150.0,66885.71428571429,0,0,0
II,Bali,2025-07-17,59400.0,76800.0,66692.85714285714,0,0,0
1,Kota Denpasar,2025-07-17,63750.0,59400.0,66157.14285714286,0,0,0
a,Pasar Badung,2025-07-17,60000.0,63750.0,66157.14285714286,0,0,0
b,Pasar Kreneng,2025-07-17,67500.0,60000.0,66692.85714285714,0,0,0
2,Kota Singaraja,2025-07-17,55000.0,67500.0,65657.14285714286,0,0,0
a,Pasar Anyar,2025-07-17,57500.0,55000.0,62850.0,0,0,0
b,Pasar Banyuasri,2025-07-17,52500.0,57500.0,59378.57142857143,0,0,0
b,Pasar Banyuasri,2025-07-18,48500.0,52500.0,57821.42857142857,0,0,0
a,Pasar Anyar,2025-07-18,47500.0,48500.0,55500.0,0,0,0
2,Kota Singaraja,2025-07-18,48000.0,47500.0,53785.71428571428,0,0,0
b,Pasar Kreneng,2025-07-18,55000.0,48000.0,52000.0,0,0,0
a,Pasar Badung,2025-07-18,50000.0,55000.0,51285.71428571428,0,0,0
1,Kota Denpasar,2025-07-18,52500.0,50000.0,50571.42857142857,0,0,0
II,Bali,2025-07-18,50250.0,52500.0,50250.0,0,0,0
I,Semua Provinsi,2025-07-18,74450.0,50250.0,53957.142857142855,0,0,0
I,Semua Provinsi,2025-07-21,70850.0,74450.0,57292.857142857145,0,0,0
II,Bali,2025-07-21,49250.0,70850.0,57471.42857142857,0,0,0
1,Kota Denpasar,2025-07-21,54000.0,49250.0,57328.57142857143,0,0,0
a,Pasar Badung,2025-07-21,45000.0,54000.0,56614.28571428572,0,0,0
b,Pasar Kreneng,2025-07-21,63000.0,45000.0,58114.28571428572,0,0,0
2,Kota Singaraja,2025-07-21,44500.0,63000.0,57292.857142857145,0,0,0
a,Pasar Anyar,2025-07-21,45000.0,44500.0,53085.71428571428,0,0,0
b,Pasar Banyuasri,2025-07-21,44000.0,45000.0,49250.0,0,0,0
b,Pasar Banyuasri,2025-07-22,42000.0,44000.0,48214.28571428572,0,0,0
a,Pasar Anyar,2025-07-22,42500.0,42000.0,46571.42857142857,0,0,0
2,Kota Singaraja,2025-07-22,42250.0,42500.0,46178.57142857143,0,0,0
a,Pasar Badung,2025-07-22,40000.0,42250.0,42892.857142857145,0,0,0
II,Bali,2025-07-22,43000.0,40000.0,42678.57142857143,0,0,0
1,Kota Denpasar,2025-07-22,43750.0,43000.0,42500.0,0,0,0
I,Semua Provinsi,2025-07-22,69600.0,43750.0,46157.142857142855,0,0,0
b,Pasar Kreneng,2025-07-22,47500.0,69600.0,46942.857142857145,0,0,0
I,Semua Provinsi,2025-07-23,68650.0,47500.0,50678.57142857143,0,0,0
II,Bali,2025-07-23,40650.0,68650.0,50450.0,0,0,0
1,Kota Denpasar,2025-07-23,42500.0,40650.0,50807.142857142855,0,0,0
a,Pasar Badung,2025-07-23,40000.0,42500.0,50378.57142857143,0,0,0
b,Pasar Kreneng,2025-07-23,45000.0,40000.0,50557.142857142855,0,0,0
2,Kota Singaraja,2025-07-23,38750.0,45000.0,46150.0,0,0,0
a,Pasar Anyar,2025-07-23,40000.0,38750.0,45078.57142857143,0,0,0
b,Pasar Banyuasri,2025-07-23,37500.0,40000.0,40628.57142857143,0,0,0
b,Pasar Banyuasri,2025-07-24,37500.0,37500.0,40178.57142857143,0,0,0
a,Pasar Anyar,2025-07-24,40000.0,37500.0,39821.42857142857,0,0,0
2,Kota Singaraja,2025-07-24,38750.0,40000.0,39642.857142857145,0,0,0
b,Pasar Kreneng,2025-07-24,45000.0,38750.0,39642.857142857145,0,0,0
1,Kota Denpasar,2025-07-24,42500.0,45000.0,40178.57142857143,0,0,0
II,Bali,2025-07-24,40650.0,42500.0,40271.42857142857,0,0,0
I,Semua Provinsi,2025-07-24,67050.0,40650.0,44492.857142857145,0,0,0
a,Pasar Badung,2025-07-24,40000.0,67050.0,44850.0,0,0,0
a,Pasar Anyar,2025-07-25,40000.0,40000.0,44850.0,0,0,0
I,Semua Provinsi,2025-07-25,65700.0,40000.0,48700.0,0,0,0
II,Bali,2025-07-25,41500.0,65700.0,48200.0,0,0,0
1,Kota Denpasar,2025-07-25,43750.0,41500.0,48378.57142857143,0,0,0
a,Pasar Badung,2025-07-25,40000.0,43750.0,48285.71428571428,0,0,0
b,Pasar Kreneng,2025-07-25,47500.0,40000.0,45492.857142857145,0,0,0
2,Kota Singaraja,2025-07-25,39250.0,47500.0,45385.71428571428,0,0,0
b,Pasar Banyuasri,2025-07-25,38500.0,39250.0,45171.42857142857,0,0,0
b,Pasar Banyuasri,2025-07-28,32500.0,38500.0,40428.57142857143,0,0,0
2,Kota Singaraja,2025-07-28,35000.0,32500.0,39500.0,0,0,0
b,Pasar Kreneng,2025-07-28,37500.0,35000.0,38607.142857142855,0,0,0
a,Pasar Anyar,2025-07-28,37500.0,37500.0,38250.0,0,0,0
1,Kota Denpasar,2025-07-28,38750.0,37500.0,37000.0,0,0,0
II,Bali,2025-07-28,36900.0,38750.0,36664.28571428572,0,0,0
a,Pasar Badung,2025-07-28,40000.0,36900.0,36878.57142857143,0,0,0
I,Semua Provinsi,2025-07-28,63100.0,40000.0,41250.0,0,0,0
I,Semua Provinsi,2025-07-29,62250.0,63100.0,45142.857142857145,0,0,0
II,Bali,2025-07-29,34400.0,62250.0,44700.0,0,0,0
1,Kota Denpasar,2025-07-29,35750.0,34400.0,44450.0,0,0,0
a,Pasar Badung,2025-07-29,35000.0,35750.0,43914.28571428572,0,0,0
b,Pasar Kreneng,2025-07-29,36500.0,35000.0,43857.142857142855,0,0,0
2,Kota Singaraja,2025-07-29,33000.0,36500.0,42857.142857142855,0,0,0
a,Pasar Anyar,2025-07-29,35000.0,33000.0,38842.857142857145,0,0,0
b,Pasar Banyuasri,2025-07-29,31000.0,35000.0,34378.57142857143,0,0,0
b,Pasar Banyuasri,2025-07-30,31000.0,31000.0,33892.857142857145,0,0,0
a,Pasar Anyar,2025-07-30,35000.0,31000.0,33785.71428571428,0,0,0
2,Kota Singaraja,2025-07-30,33000.0,35000.0,33500.0,0,0,0
b,Pasar Kreneng,2025-07-30,36500.0,33000.0,33500.0,0,0,0
a,Pasar Badung,2025-07-30,35000.0,36500.0,33785.71428571428,0,0,0
1,Kota Denpasar,2025-07-30,35750.0,35000.0,33892.857142857145,0,0,0
II,Bali,2025-07-30,34400.0,35750.0,34378.57142857143,0,0,0
I,Semua Provinsi,2025-07-30,61700.0,34400.0,38764.28571428572,0,0,0
I,Semua Provinsi,2025-07-31,60950.0,61700.0,42471.42857142857,0,0,0
II,Bali,2025-07-31,35000.0,60950.0,42757.142857142855,0,0,0
1,Kota Denpasar,2025-07-31,35750.0,35000.0,42650.0,0,0,0
a,Pasar Badung,2025-07-31,35000.0,35750.0,42650.0,0,0,0
b,Pasar Kreneng,2025-07-31,36500.0,35000.0,42757.142857142855,0,0,0
2,Kota Singaraja,2025-07-31,34250.0,36500.0,42735.71428571428,0,0,0
a,Pasar Anyar,2025-07-31,34000.0,34250.0,38778.57142857143,0,0,0
b,Pasar Banyuasri,2025-07-31,34500.0,34000.0,35000.0,0,0,0
b,Pasar Banyuasri,2025-08-01,30000.0,34500.0,34285.71428571428,0,0,0
2,Kota Singaraja,2025-08-01,30750.0,30000.0,33571.42857142857,0,0,0
b,Pasar Kreneng,2025-08-01,36500.0,30750.0,33785.71428571428,0,0,0
a,Pasar Anyar,2025-08-01,31500.0,36500.0,33071.42857142857,0,0,0
1,Kota Denpasar,2025-08-01,35750.0,31500.0,33285.71428571428,0,0,0
II,Bali,2025-08-01,33250.0,35750.0,33178.57142857143,0,0,0
I,Semua Provinsi,2025-08-01,60000.0,33250.0,36821.42857142857,0,0,0
a,Pasar Badung,2025-08-01,35000.0,60000.0,37535.71428571428,0,0,0
I,Semua Provinsi,2025-08-04,59450.0,35000.0,41635.71428571428,0,0,0
II,Bali,2025-08-04,34500.0,59450.0,41350.0,0,0,0
1,Kota Denpasar,2025-08-04,35000.0,34500.0,41850.0,0,0,0
a,Pasar Badung,2025-08-04,35000.0,35000.0,41742.857142857145,0,0,0
b,Pasar Kreneng,2025-08-04,35000.0,35000.0,41992.857142857145,0,0,0
2,Kota Singaraja,2025-08-04,34000.0,35000.0,38278.57142857143,0,0,0
a,Pasar Anyar,2025-08-04,31500.0,34000.0,37778.57142857143,0,0,0
b,Pasar Banyuasri,2025-08-04,36500.0,31500.0,34500.0,0,0,0
b,Pasar Banyuasri,2025-08-05,32500.0,36500.0,34214.28571428572,0,0,0
2,Kota Singaraja,2025-08-05,32000.0,32500.0,33785.71428571428,0,0,0
b,Pasar Kreneng,2025-08-05,40000.0,32000.0,34500.0,0,0,0
a,Pasar Anyar,2025-08-05,31500.0,40000.0,34000.0,0,0,0
1,Kota Denpasar,2025-08-05,40000.0,31500.0,34857.142857142855,0,0,0
II,Bali,2025-08-05,36000.0,40000.0,35500.0,0,0,0
I,Semua Provinsi,2025-08-05,59250.0,36000.0,38750.0,0,0,0
a,Pasar Badung,2025-08-05,40000.0,59250.0,39821.42857142857,0,0,0
b,Pasar Banyuasri,2025-08-06,35000.0,40000.0,40250.0,0,0,0
2,Kota Singaraja,2025-08-06,35000.0,35000.0,39535.71428571428,0,0,0
b,Pasar Kreneng,2025-08-06,40000.0,35000.0,40750.0,0,0,0
a,Pasar Anyar,2025-08-06,35000.0,40000.0,40035.71428571428,0,0,0
1,Kota Denpasar,2025-08-06,40000.0,35000.0,40607.142857142855,0,0,0
II,Bali,2025-08-06,37500.0,40000.0,37500.0,0,0,0
I,Semua Provinsi,2025-08-06,58700.0,37500.0,40171.42857142857,0,0,0
a,Pasar Badung,2025-08-06,40000.0,58700.0,40885.71428571428,0,0,0
b,Pasar Banyuasri,2025-08-07,35500.0,40000.0,40957.142857142855,0,0,0
I,Semua Provinsi,2025-08-07,58150.0,35500.0,43550.0,0,0,0
II,Bali,2025-08-07,37650.0,58150.0,43928.57142857143,0,0,0
1,Kota Denpasar,2025-08-07,40000.0,37650.0,43928.57142857143,0,0,0
a,Pasar Badung,2025-08-07,40000.0,40000.0,44285.71428571428,0,0,0
b,Pasar Kreneng,2025-08-07,40000.0,40000.0,41614.28571428572,0,0,0
2,Kota Singaraja,2025-08-07,35250.0,40000.0,40935.71428571428,0,0,0
a,Pasar Anyar,2025-08-07,35000.0,35250.0,40864.28571428572,0,0,0
a,Pasar Anyar,2025-08-08,35000.0,35000.0,37557.142857142855,0,0,0
2,Kota Singaraja,2025-08-08,35500.0,35000.0,37250.0,0,0,0
b,Pasar Banyuasri,2025-08-08,36000.0,35500.0,36678.57142857143,0,0,0
b,Pasar Kreneng,2025-08-08,40000.0,36000.0,36678.57142857143,0,0,0
a,Pasar Badung,2025-08-08,40000.0,40000.0,36678.57142857143,0,0,0
1,Kota Denpasar,2025-08-08,40000.0,40000.0,37357.142857142855,0,0,0
II,Bali,2025-08-08,37750.0,40000.0,37750.0,0,0,0
I,Semua Provinsi,2025-08-08,58250.0,37750.0,41071.42857142857,0,0,0
I,Semua Provinsi,2025-08-11,56650.0,58250.0,44092.857142857145,0,0,0
II,Bali,2025-08-11,30900.0,56650.0,43364.28571428572,0,0,0
1,Kota Denpasar,2025-08-11,30750.0,30900.0,42042.857142857145,0,0,0
a,Pasar Badung,2025-08-11,30000.0,30750.0,40614.28571428572,0,0,0
b,Pasar Kreneng,2025-08-11,31500.0,30000.0,39400.0,0,0,0
2,Kota Singaraja,2025-08-11,31000.0,31500.0,38435.71428571428,0,0,0
a,Pasar Anyar,2025-08-11,30000.0,31000.0,34400.0,0,0,0
b,Pasar Banyuasri,2025-08-11,32000.0,30000.0,30878.571428571428,0,0,0
b,Pasar Banyuasri,2025-08-12,30000.0,32000.0,30750.0,0,0,0
a,Pasar Anyar,2025-08-12,30000.0,30000.0,30642.85714285714,0,0,0
2,Kota Singaraja,2025-08-12,30000.0,30000.0,30642.85714285714,0,0,0
b,Pasar Kreneng,2025-08-12,31500.0,30000.0,30642.85714285714,0,0,0
1,Kota Denpasar,2025-08-12,30750.0,31500.0,30607.14285714286,0,0,0
II,Bali,2025-08-12,30400.0,30750.0,30664.285714285714,0,0,0
I,Semua Provinsi,2025-08-12,55500.0,30400.0,34021.42857142857,0,0,0
a,Pasar Badung,2025-08-12,30000.0,55500.0,34021.42857142857,0,0,0
I,Semua Provinsi,2025-08-13,54100.0,30000.0,37464.28571428572,0,0,0
II,Bali,2025-08-13,30400.0,54100.0,37521.42857142857,0,0,0
1,Kota Denpasar,2025-08-13,30750.0,30400.0,37414.28571428572,0,0,0
a,Pasar Badung,2025-08-13,30000.0,30750.0,37307.142857142855,0,0,0
b,Pasar Kreneng,2025-08-13,31500.0,30000.0,37464.28571428572,0,0,0
2,Kota Singaraja,2025-08-13,30000.0,31500.0,33821.42857142857,0,0,0
a,Pasar Anyar,2025-08-13,30000.0,30000.0,33821.42857142857,0,0,0
b,Pasar Banyuasri,2025-08-13,30000.0,30000.0,30378.571428571428,0,0,0
2,Kota Singaraja,2025-08-14,30000.0,30000.0,30321.428571428572,0,0,0
b,Pasar Banyuasri,2025-08-14,30000.0,30000.0,30214.285714285714,0,0,0
a,Pasar Anyar,2025-08-14,30000.0,30000.0,30214.285714285714,0,0,0
b,Pasar Kreneng,2025-08-14,31500.0,30000.0,30214.285714285714,0,0,0
a,Pasar Badung,2025-08-14,30000.0,31500.0,30214.285714285714,0,0,0
1,Kota Denpasar,2025-08-14,30750.0,30000.0,30321.428571428572,0,0,0
II,Bali,2025-08-14,30400.0,30750.0,30378.571428571428,0,0,0
I,Semua Provinsi,2025-08-14,53500.0,30400.0,33735.71428571428,0,0,0
I,Semua Provinsi,2025-08-15,53000.0,53500.0,37021.42857142857,0,0,0
II,Bali,2025-08-15,30400.0,53000.0,37078.57142857143,0,0,0
1,Kota Denpasar,2025-08-15,30750.0,30400.0,36971.42857142857,0,0,0
a,Pasar Badung,2025-08-15,30000.0,30750.0,36971.42857142857,0,0,0
b,Pasar Kreneng,2025-08-15,31500.0,30000.0,37078.57142857143,0,0,0
2,Kota Singaraja,2025-08-15,30000.0,31500.0,37021.42857142857,0,0,0
a,Pasar Anyar,2025-08-15,30000.0,30000.0,33664.28571428572,0,0,0
b,Pasar Banyuasri,2025-08-15,30000.0,30000.0,30378.571428571428,0,0,0
b,Pasar Banyuasri,2025-08-18,30000.0,30000.0,30321.428571428572,0,0,0
a,Pasar Anyar,2025-08-18,30000.0,30000.0,30214.285714285714,0,0,0
2,Kota Singaraja,2025-08-18,30000.0,30000.0,30214.285714285714,0,0,0
b,Pasar Kreneng,2025-08-18,31500.0,30000.0,30214.285714285714,0,0,0
a,Pasar Badung,2025-08-18,30000.0,31500.0,30214.285714285714,0,0,0
1,Kota Denpasar,2025-08-18,30750.0,30000.0,30321.428571428572,0,0,0
II,Bali,2025-08-18,30400.0,30750.0,30378.571428571428,0,0,0
I,Semua Provinsi,2025-08-18,53100.0,30400.0,33678.57142857143,0,0,0
I,Semua Provinsi,2025-08-19,52850.0,53100.0,36942.857142857145,0,0,0
II,Bali,2025-08-19,31250.0,52850.0,37121.42857142857,0,0,0
1,Kota Denpasar,2025-08-19,31250.0,31250.0,37085.71428571428,0,0,0
a,Pasar Badung,2025-08-19,30000.0,31250.0,37085.71428571428,0,0,0
b,Pasar Kreneng,2025-08-19,32500.0,30000.0,37335.71428571428,0,0,0
2,Kota Singaraja,2025-08-19,31250.0,32500.0,37457.142857142855,0,0,0
a,Pasar Anyar,2025-08-19,30000.0,31250.0,34157.142857142855,0,0,0
b,Pasar Banyuasri,2025-08-19,32500.0,30000.0,31250.0,0,0,0
b,Pasar Banyuasri,2025-08-20,30000.0,32500.0,31071.428571428572,0,0,0
a,Pasar Anyar,2025-08-20,30000.0,30000.0,30892.85714285714,0,0,0
b,Pasar Kreneng,2025-08-20,32500.0,30000.0,31250.0,0,0,0
2,Kota Singaraja,2025-08-20,30000.0,32500.0,30892.85714285714,0,0,0
1,Kota Denpasar,2025-08-20,31250.0,30000.0,30892.85714285714,0,0,0
I,Semua Provinsi,2025-08-20,52600.0,31250.0,34121.42857142857,0,0,0
a,Pasar Badung,2025-08-20,30000.0,52600.0,33764.28571428572,0,0,0
II,Bali,2025-08-20,30650.0,30000.0,33857.142857142855,0,0,0
I,Semua Provinsi,2025-08-21,52650.0,30650.0,37092.857142857145,0,0,0
II,Bali,2025-08-21,29150.0,52650.0,36614.28571428572,0,0,0
1,Kota Denpasar,2025-08-21,28750.0,29150.0,36435.71428571428,0,0,0
a,Pasar Badung,2025-08-21,25000.0,28750.0,35542.857142857145,0,0,0
b,Pasar Kreneng,2025-08-21,32500.0,25000.0,32671.428571428572,0,0,0
2,Kota Singaraja,2025-08-21,29500.0,32500.0,32600.0,0,0,0
a,Pasar Anyar,2025-08-21,30000.0,29500.0,32507.14285714286,0,0,0
b,Pasar Banyuasri,2025-08-21,29000.0,30000.0,29128.571428571428,0,0,0
b,Pasar Kreneng,2025-08-22,32500.0,29000.0,29607.14285714286,0,0,0
b,Pasar Banyuasri,2025-08-22,27500.0,32500.0,29428.571428571428,0,0,0
a,Pasar Anyar,2025-08-22,30000.0,27500.0,30142.85714285714,0,0,0
2,Kota Singaraja,2025-08-22,28750.0,30000.0,29607.14285714286,0,0,0
a,Pasar Badung,2025-08-22,25000.0,28750.0,28964.285714285714,0,0,0
1,Kota Denpasar,2025-08-22,28750.0,25000.0,28785.714285714286,0,0,0
II,Bali,2025-08-22,28750.0,28750.0,28750.0,0,0,0
I,Semua Provinsi,2025-08-22,52400.0,28750.0,31592.85714285714,0,0,0
I,Semua Provinsi,2025-08-25,51350.0,52400.0,35000.0,0,0,0
II,Bali,2025-08-25,30000.0,51350.0,35000.0,0,0,0
1,Kota Denpasar,2025-08-25,28750.0,30000.0,35000.0,0,0,0
a,Pasar Badung,2025-08-25,30000.0,28750.0,35714.28571428572,0,0,0
b,Pasar Kreneng,2025-08-25,27500.0,30000.0,35535.71428571428,0,0,0
2,Kota Singaraja,2025-08-25,31250.0,27500.0,35892.857142857145,0,0,0
a,Pasar Anyar,2025-08-25,30000.0,31250.0,32692.85714285714,0,0,0
b,Pasar Banyuasri,2025-08-25,32500.0,30000.0,30000.0,0,0,0
a,Pasar Anyar,2025-08-26,27500.0,32500.0,29642.85714285714,0,0,0
2,Kota Singaraja,2025-08-26,29500.0,27500.0,29750.0,0,0,0
b,Pasar Banyuasri,2025-08-26,31500.0,29500.0,29964.285714285714,0,0,0
b,Pasar Kreneng,2025-08-26,27500.0,31500.0,29964.285714285714,0,0,0
1,Kota Denpasar,2025-08-26,26250.0,27500.0,29250.0,0,0,0
II,Bali,2025-08-26,27900.0,26250.0,28950.0,0,0,0
I,Semua Provinsi,2025-08-26,50800.0,27900.0,31564.285714285714,0,0,0
a,Pasar Badung,2025-08-26,25000.0,50800.0,31207.14285714286,0,0,0
I,Semua Provinsi,2025-08-27,50350.0,25000.0,34185.71428571428,0,0,0
II,Bali,2025-08-27,26400.0,50350.0,33457.142857142855,0,0,0
1,Kota Denpasar,2025-08-27,26250.0,26400.0,33278.57142857143,0,0,0
a,Pasar Badung,2025-08-27,25000.0,26250.0,33100.0,0,0,0
b,Pasar Kreneng,2025-08-27,27500.0,25000.0,33042.857142857145,0,0,0
2,Kota Singaraja,2025-08-27,26500.0,27500.0,29571.428571428572,0,0,0
a,Pasar Anyar,2025-08-27,25500.0,26500.0,29642.85714285714,0,0,0
b,Pasar Banyuasri,2025-08-27,27500.0,25500.0,26378.571428571428,0,0,0
b,Pasar Banyuasri,2025-08-28,27500.0,27500.0,26535.714285714286,0,0,0
a,Pasar Anyar,2025-08-28,25500.0,27500.0,26428.571428571428,0,0,0
2,Kota Singaraja,2025-08-28,26500.0,25500.0,26642.85714285714,0,0,0
b,Pasar Kreneng,2025-08-28,27500.0,26500.0,26642.85714285714,0,0,0
1,Kota Denpasar,2025-08-28,26250.0,27500.0,26607.14285714286,0,0,0
II,Bali,2025-08-28,26400.0,26250.0,26735.714285714286,0,0,0
I,Semua Provinsi,2025-08-28,49350.0,26400.0,29857.14285714286,0,0,0
a,Pasar Badung,2025-08-28,25000.0,49350.0,29500.0,0,0,0
b,Pasar Banyuasri,2025-08-29,27500.0,25000.0,29785.714285714286,0,0,0
a,Pasar Anyar,2025-08-29,25500.0,27500.0,29642.85714285714,0,0,0
2,Kota Singaraja,2025-08-29,26500.0,25500.0,29500.0,0,0,0
b,Pasar Kreneng,2025-08-29,27500.0,26500.0,29678.571428571428,0,0,0
1,Kota Denpasar,2025-08-29,26250.0,27500.0,29657.14285714286,0,0,0
II,Bali,2025-08-29,26400.0,26250.0,26378.571428571428,0,0,0
I,Semua Provinsi,2025-08-29,48850.0,26400.0,29785.714285714286,0,0,0
a,Pasar Badung,2025-08-29,25000.0,48850.0,29428.571428571428,0,0,0
3,Kab. Tabanan ,2025-09-01,37500.0,25000.0,31142.85714285714,0,0,0
b,Pasar Mengwi,2025-09-01,27500.0,37500.0,31285.714285714286,0,0,0
a,Pasar Kuta II,2025-09-01,25000.0,27500.0,30928.571428571428,0,0,0
b,Pasar Kediri Tabanan,2025-09-01,32500.0,25000.0,31821.428571428572,0,0,0
a,Pasar Tabanan,2025-09-01,42500.0,32500.0,34121.42857142857,0,0,0
b,Pasar Banyuasri,2025-09-01,29000.0,42500.0,31285.714285714286,0,0,0
4,Kab. Badung ,2025-09-01,26250.0,29000.0,31464.285714285714,0,0,0
2,Kota Singaraja,2025-09-01,27000.0,26250.0,29964.285714285714,0,0,0
I,Semua Provinsi,2025-09-01,48500.0,27000.0,32964.28571428572,0,0,0
II,Bali,2025-09-01,29900.0,48500.0,33664.28571428572,0,0,0
a,Pasar Anyar,2025-09-01,25000.0,29900.0,32592.85714285714,0,0,0
a,Pasar Badung,2025-09-01,30000.0,25000.0,30807.14285714286,0,0,0
b,Pasar Kreneng,2025-09-01,27500.0,30000.0,30592.85714285714,0,0,0
1,Kota Denpasar,2025-09-01,28750.0,27500.0,30950.0,0,0,0
3,Kab. Tabanan ,2025-09-02,36250.0,28750.0,32271.428571428572,0,0,0
b,Pasar Mengwi,2025-09-02,27500.0,36250.0,29271.428571428572,0,0,0
a,Pasar Kuta II,2025-09-02,25000.0,27500.0,28571.428571428572,0,0,0
4,Kab. Badung ,2025-09-02,26250.0,25000.0,28750.0,0,0,0
b,Pasar Kediri Tabanan,2025-09-02,30000.0,26250.0,28750.0,0,0,0
a,Pasar Tabanan,2025-09-02,42500.0,30000.0,30892.85714285714,0,0,0
b,Pasar Banyuasri,2025-09-02,27500.0,42500.0,30714.285714285714,0,0,0
a,Pasar Anyar,2025-09-02,25000.0,27500.0,29107.14285714286,0,0,0
b,Pasar Kreneng,2025-09-02,27500.0,25000.0,29107.14285714286,0,0,0
a,Pasar Badung,2025-09-02,30000.0,27500.0,29821.428571428572,0,0,0
1,Kota Denpasar,2025-09-02,28750.0,30000.0,30178.571428571428,0,0,0
II,Bali,2025-09-02,29400.0,28750.0,30092.85714285714,0,0,0
I,Semua Provinsi,2025-09-02,48250.0,29400.0,30914.285714285714,0,0,0
2,Kota Singaraja,2025-09-02,26250.0,48250.0,30735.714285714286,0,0,0
a,Pasar Tabanan,2025-09-03,42500.0,26250.0,33235.71428571428,0,0,0
b,Pasar Kediri Tabanan,2025-09-03,28500.0,42500.0,33378.57142857143,0,0,0
b,Pasar Mengwi,2025-09-03,28500.0,28500.0,33164.28571428572,0,0,0
a,Pasar Kuta II,2025-09-03,25000.0,28500.0,32628.571428571428,0,0,0
3,Kab. Tabanan ,2025-09-03,35500.0,25000.0,33500.0,0,0,0
4,Kab. Badung ,2025-09-03,26750.0,35500.0,30428.571428571428,0,0,0
b,Pasar Banyuasri,2025-09-03,26500.0,26750.0,30464.285714285714,0,0,0
II,Bali,2025-09-03,29200.0,26500.0,28564.285714285714,0,0,0
2,Kota Singaraja,2025-09-03,25750.0,29200.0,28171.428571428572,0,0,0
b,Pasar Kreneng,2025-09-03,27500.0,25750.0,28028.571428571428,0,0,0
a,Pasar Badung,2025-09-03,30000.0,27500.0,28742.85714285714,0,0,0
1,Kota Denpasar,2025-09-03,28750.0,30000.0,27778.571428571428,0,0,0
I,Semua Provinsi,2025-09-03,48600.0,28750.0,30900.0,0,0,0
a,Pasar Anyar,2025-09-03,25000.0,48600.0,30685.714285714286,0,0,0
3,Kab. Tabanan ,2025-09-04,36750.0,25000.0,31764.285714285714,0,0,0
b,Pasar Mengwi,2025-09-04,29000.0,36750.0,32228.571428571428,0,0,0
a,Pasar Kuta II,2025-09-04,27500.0,29000.0,32228.571428571428,0,0,0
4,Kab. Badung ,2025-09-04,28250.0,27500.0,31978.571428571428,0,0,0
b,Pasar Kediri Tabanan,2025-09-04,32500.0,28250.0,32514.285714285714,0,0,0
a,Pasar Tabanan,2025-09-04,41000.0,32500.0,31428.571428571428,0,0,0
b,Pasar Banyuasri,2025-09-04,29000.0,41000.0,32000.0,0,0,0
II,Bali,2025-09-04,30400.0,29000.0,31092.85714285714,0,0,0
2,Kota Singaraja,2025-09-04,27000.0,30400.0,30807.14285714286,0,0,0
b,Pasar Kreneng,2025-09-04,29000.0,27000.0,31021.428571428572,0,0,0
a,Pasar Badung,2025-09-04,30000.0,29000.0,31271.428571428572,0,0,0
1,Kota Denpasar,2025-09-04,29500.0,30000.0,30842.85714285714,0,0,0
I,Semua Provinsi,2025-09-04,48650.0,29500.0,31935.714285714286,0,0,0
a,Pasar Anyar,2025-09-04,25000.0,48650.0,31364.285714285714,0,0,0
b,Pasar Mengwi,2025-09-05,29000.0,25000.0,31164.285714285714,0,0,0
a,Pasar Kuta II,2025-09-05,30000.0,29000.0,31592.85714285714,0,0,0
4,Kab. Badung ,2025-09-05,29500.0,30000.0,31664.285714285714,0,0,0
b,Pasar Kediri Tabanan,2025-09-05,32500.0,29500.0,32021.428571428572,0,0,0
a,Pasar Tabanan,2025-09-05,41000.0,32500.0,33664.28571428572,0,0,0
3,Kab. Tabanan ,2025-09-05,36750.0,41000.0,31964.285714285714,0,0,0
b,Pasar Banyuasri,2025-09-05,29000.0,36750.0,32535.714285714286,0,0,0
2,Kota Singaraja,2025-09-05,27000.0,29000.0,32250.0,0,0,0
b,Pasar Kreneng,2025-09-05,29000.0,27000.0,32107.14285714286,0,0,0
a,Pasar Badung,2025-09-05,30000.0,29000.0,32178.571428571428,0,0,0
1,Kota Denpasar,2025-09-05,29500.0,30000.0,31750.0,0,0,0
II,Bali,2025-09-05,30700.0,29500.0,30278.571428571428,0,0,0
I,Semua Provinsi,2025-09-05,48650.0,30700.0,31978.571428571428,0,0,0
a,Pasar Anyar,2025-09-05,25000.0,48650.0,31407.14285714286,0,0,0
b,Pasar Banyuasri,2025-09-08,35000.0,25000.0,32550.0,0,0,0
a,Pasar Kuta II,2025-09-08,29000.0,35000.0,32550.0,0,0,0
4,Kab. Badung ,2025-09-08,30750.0,29000.0,32657.14285714286,0,0,0
b,Pasar Kediri Tabanan,2025-09-08,37500.0,30750.0,33800.0,0,0,0
a,Pasar Tabanan,2025-09-08,42500.0,37500.0,35485.71428571428,0,0,0
3,Kab. Tabanan ,2025-09-08,40000.0,42500.0,34250.0,0,0,0
b,Pasar Mengwi,2025-09-08,32500.0,40000.0,35321.42857142857,0,0,0
a,Pasar Anyar,2025-09-08,32000.0,32500.0,34892.857142857145,0,0,0
b,Pasar Kreneng,2025-09-08,34000.0,32000.0,35607.142857142855,0,0,0
a,Pasar Badung,2025-09-08,30000.0,34000.0,35500.0,0,0,0
1,Kota Denpasar,2025-09-08,32000.0,30000.0,34714.28571428572,0,0,0
II,Bali,2025-09-08,34050.0,32000.0,33507.142857142855,0,0,0
I,Semua Provinsi,2025-09-08,49750.0,34050.0,34900.0,0,0,0
2,Kota Singaraja,2025-09-08,33500.0,49750.0,35042.857142857145,0,0,0
b,Pasar Mengwi,2025-09-09,32500.0,33500.0,35114.28571428572,0,0,0
a,Pasar Kuta II,2025-09-09,31000.0,32500.0,34685.71428571428,0,0,0
4,Kab. Badung ,2025-09-09,31750.0,31000.0,34935.71428571428,0,0,0
b,Pasar Kediri Tabanan,2025-09-09,37500.0,31750.0,35721.42857142857,0,0,0
a,Pasar Tabanan,2025-09-09,45000.0,37500.0,37285.71428571428,0,0,0
3,Kab. Tabanan ,2025-09-09,41250.0,45000.0,36071.42857142857,0,0,0
b,Pasar Banyuasri,2025-09-09,32500.0,41250.0,35928.57142857143,0,0,0
a,Pasar Anyar,2025-09-09,32000.0,32500.0,35857.142857142855,0,0,0
2,Kota Singaraja,2025-09-09,32250.0,32000.0,36035.71428571428,0,0,0
b,Pasar Kreneng,2025-09-09,34000.0,32250.0,36357.142857142855,0,0,0
a,Pasar Badung,2025-09-09,30000.0,34000.0,35285.71428571428,0,0,0
1,Kota Denpasar,2025-09-09,32000.0,30000.0,33428.57142857143,0,0,0
II,Bali,2025-09-09,34300.0,32000.0,32435.714285714286,0,0,0
I,Semua Provinsi,2025-09-09,50550.0,34300.0,35014.28571428572,0,0,0
a,Pasar Kuta II,2025-09-10,31000.0,50550.0,34871.42857142857,0,0,0
4,Kab. Badung ,2025-09-10,31750.0,31000.0,34800.0,0,0,0
b,Pasar Kediri Tabanan,2025-09-10,37500.0,31750.0,35300.0,0,0,0
a,Pasar Tabanan,2025-09-10,45000.0,37500.0,37442.857142857145,0,0,0
3,Kab. Tabanan ,2025-09-10,41250.0,45000.0,38764.28571428572,0,0,0
b,Pasar Banyuasri,2025-09-10,32500.0,41250.0,38507.142857142855,0,0,0
b,Pasar Mengwi,2025-09-10,32500.0,32500.0,35928.57142857143,0,0,0
2,Kota Singaraja,2025-09-10,32250.0,32500.0,36107.142857142855,0,0,0
b,Pasar Kreneng,2025-09-10,34000.0,32250.0,36428.57142857143,0,0,0
a,Pasar Badung,2025-09-10,30000.0,34000.0,35357.142857142855,0,0,0
1,Kota Denpasar,2025-09-10,32000.0,30000.0,33500.0,0,0,0
II,Bali,2025-09-10,34300.0,32000.0,32507.14285714286,0,0,0
I,Semua Provinsi,2025-09-10,50700.0,34300.0,35107.142857142855,0,0,0
a,Pasar Anyar,2025-09-10,32000.0,50700.0,35035.71428571428,0,0,0
a,Pasar Kuta II,2025-09-11,37500.0,32000.0,35785.71428571428,0,0,0
4,Kab. Badung ,2025-09-11,34250.0,37500.0,35821.42857142857,0,0,0
b,Pasar Kediri Tabanan,2025-09-11,37500.0,34250.0,36892.857142857145,0,0,0
a,Pasar Tabanan,2025-09-11,45000.0,37500.0,38750.0,0,0,0
3,Kab. Tabanan ,2025-09-11,41250.0,45000.0,39742.857142857145,0,0,0
b,Pasar Banyuasri,2025-09-11,30000.0,41250.0,36785.71428571428,0,0,0
b,Pasar Mengwi,2025-09-11,31000.0,30000.0,36642.857142857145,0,0,0
2,Kota Singaraja,2025-09-11,30000.0,31000.0,35571.42857142857,0,0,0
b,Pasar Kreneng,2025-09-11,34000.0,30000.0,35535.71428571428,0,0,0
a,Pasar Badung,2025-09-11,30000.0,34000.0,34464.28571428572,0,0,0
1,Kota Denpasar,2025-09-11,32000.0,30000.0,32607.14285714286,0,0,0
II,Bali,2025-09-11,34400.0,32000.0,31628.571428571428,0,0,0
I,Semua Provinsi,2025-09-11,50400.0,34400.0,34542.857142857145,0,0,0
a,Pasar Anyar,2025-09-11,30000.0,50400.0,34400.0,0,0,0
b,Pasar Mengwi,2025-09-12,34000.0,30000.0,34971.42857142857,0,0,0
a,Pasar Kuta II,2025-09-12,37500.0,34000.0,35471.42857142857,0,0,0
4,Kab. Badung ,2025-09-12,35750.0,37500.0,36292.857142857145,0,0,0
b,Pasar Kediri Tabanan,2025-09-12,37500.0,35750.0,37078.57142857143,0,0,0
a,Pasar Tabanan,2025-09-12,45000.0,37500.0,38592.857142857145,0,0,0
3,Kab. Tabanan ,2025-09-12,41250.0,45000.0,37285.71428571428,0,0,0
b,Pasar Banyuasri,2025-09-12,31000.0,41250.0,37428.57142857143,0,0,0
a,Pasar Anyar,2025-09-12,30000.0,31000.0,36857.142857142855,0,0,0
b,Pasar Kreneng,2025-09-12,34000.0,30000.0,36357.142857142855,0,0,0
a,Pasar Badung,2025-09-12,30000.0,34000.0,35535.71428571428,0,0,0
1,Kota Denpasar,2025-09-12,32000.0,30000.0,34750.0,0,0,0
II,Bali,2025-09-12,34900.0,32000.0,33307.142857142855,0,0,0
I,Semua Provinsi,2025-09-12,50200.0,34900.0,34585.71428571428,0,0,0
2,Kota Singaraja,2025-09-12,30500.0,50200.0,34514.28571428572,0,0,0
3,Kab. Tabanan ,2025-09-15,41250.0,30500.0,36121.42857142857,0,0,0
a,Pasar Kuta II,2025-09-15,33500.0,41250.0,36050.0,0,0,0
4,Kab. Badung ,2025-09-15,33500.0,33500.0,36550.0,0,0,0
b,Pasar Kediri Tabanan,2025-09-15,37500.0,33500.0,37335.71428571428,0,0,0
a,Pasar Tabanan,2025-09-15,45000.0,37500.0,38778.57142857143,0,0,0
b,Pasar Banyuasri,2025-09-15,31000.0,45000.0,36035.71428571428,0,0,0
b,Pasar Mengwi,2025-09-15,33500.0,31000.0,36464.28571428572,0,0,0
2,Kota Singaraja,2025-09-15,30500.0,33500.0,34928.57142857143,0,0,0
b,Pasar Kreneng,2025-09-15,33000.0,30500.0,34857.142857142855,0,0,0
a,Pasar Badung,2025-09-15,30000.0,33000.0,34357.142857142855,0,0,0
1,Kota Denpasar,2025-09-15,31500.0,30000.0,33500.0,0,0,0
II,Bali,2025-09-15,34200.0,31500.0,31957.14285714286,0,0,0
I,Semua Provinsi,2025-09-15,51350.0,34200.0,34864.28571428572,0,0,0
a,Pasar Anyar,2025-09-15,30000.0,51350.0,34364.28571428572,0,0,0
b,Pasar Mengwi,2025-09-16,34000.0,30000.0,34864.28571428572,0,0,0
a,Pasar Kuta II,2025-09-16,31000.0,34000.0,34578.57142857143,0,0,0
4,Kab. Badung ,2025-09-16,32500.0,31000.0,34935.71428571428,0,0,0
b,Pasar Kediri Tabanan,2025-09-16,37500.0,32500.0,35792.857142857145,0,0,0
a,Pasar Tabanan,2025-09-16,47500.0,37500.0,37692.857142857145,0,0,0
3,Kab. Tabanan ,2025-09-16,42500.0,47500.0,36428.57142857143,0,0,0
b,Pasar Banyuasri,2025-09-16,33000.0,42500.0,36857.142857142855,0,0,0
a,Pasar Anyar,2025-09-16,30000.0,33000.0,36285.71428571428,0,0,0
2,Kota Singaraja,2025-09-16,31500.0,30000.0,36357.142857142855,0,0,0
b,Pasar Kreneng,2025-09-16,33000.0,31500.0,36428.57142857143,0,0,0
a,Pasar Badung,2025-09-16,30000.0,33000.0,35357.142857142855,0,0,0
1,Kota Denpasar,2025-09-16,31500.0,30000.0,33071.42857142857,0,0,0
II,Bali,2025-09-16,34500.0,31500.0,31928.571428571428,0,0,0
I,Semua Provinsi,2025-09-16,51500.0,34500.0,34571.42857142857,0,0,0
b,Pasar Mengwi,2025-09-17,34000.0,51500.0,35142.857142857145,0,0,0
a,Pasar Kuta II,2025-09-17,32000.0,34000.0,35214.28571428572,0,0,0
4,Kab. Badung ,2025-09-17,33000.0,32000.0,35214.28571428572,0,0,0
b,Pasar Kediri Tabanan,2025-09-17,37500.0,33000.0,36285.71428571428,0,0,0
a,Pasar Tabanan,2025-09-17,47500.0,37500.0,38571.42857142857,0,0,0
3,Kab. Tabanan ,2025-09-17,42500.0,47500.0,39714.28571428572,0,0,0
b,Pasar Banyuasri,2025-09-17,32000.0,42500.0,36928.57142857143,0,0,0
a,Pasar Anyar,2025-09-17,32000.0,32000.0,36642.857142857145,0,0,0
2,Kota Singaraja,2025-09-17,32000.0,32000.0,36642.857142857145,0,0,0
b,Pasar Kreneng,2025-09-17,33000.0,32000.0,36642.857142857145,0,0,0
a,Pasar Badung,2025-09-17,30000.0,33000.0,35571.42857142857,0,0,0
1,Kota Denpasar,2025-09-17,31500.0,30000.0,33285.71428571428,0,0,0
II,Bali,2025-09-17,34750.0,31500.0,32178.571428571428,0,0,0
I,Semua Provinsi,2025-09-17,51500.0,34750.0,34964.28571428572,0,0,0
b,Pasar Mengwi,2025-09-18,34000.0,51500.0,35250.0,0,0,0
a,Pasar Kuta II,2025-09-18,32000.0,34000.0,35250.0,0,0,0
4,Kab. Badung ,2025-09-18,33000.0,32000.0,35250.0,0,0,0
b,Pasar Kediri Tabanan,2025-09-18,37500.0,33000.0,36321.42857142857,0,0,0
a,Pasar Tabanan,2025-09-18,47500.0,37500.0,38607.142857142855,0,0,0
3,Kab. Tabanan ,2025-09-18,42500.0,47500.0,39714.28571428572,0,0,0
b,Pasar Banyuasri,2025-09-18,31000.0,42500.0,36785.71428571428,0,0,0
a,Pasar Anyar,2025-09-18,32000.0,31000.0,36500.0,0,0,0
2,Kota Singaraja,2025-09-18,31500.0,32000.0,36428.57142857143,0,0,0
b,Pasar Kreneng,2025-09-18,33000.0,31500.0,36428.57142857143,0,0,0
a,Pasar Badung,2025-09-18,30000.0,33000.0,35357.142857142855,0,0,0
1,Kota Denpasar,2025-09-18,31500.0,30000.0,33071.42857142857,0,0,0
II,Bali,2025-09-18,34650.0,31500.0,31950.0,0,0,0
I,Semua Provinsi,2025-09-18,51150.0,34650.0,34828.57142857143,0,0,0
a,Pasar Kuta II,2025-09-19,30000.0,51150.0,34542.857142857145,0,0,0
4,Kab. Badung ,2025-09-19,32000.0,30000.0,34614.28571428572,0,0,0
b,Pasar Kediri Tabanan,2025-09-19,37500.0,32000.0,35257.142857142855,0,0,0
a,Pasar Tabanan,2025-09-19,47500.0,37500.0,37757.142857142855,0,0,0
3,Kab. Tabanan ,2025-09-19,42500.0,47500.0,39328.57142857143,0,0,0
b,Pasar Banyuasri,2025-09-19,31000.0,42500.0,38807.142857142855,0,0,0
b,Pasar Mengwi,2025-09-19,34000.0,31000.0,36357.142857142855,0,0,0
2,Kota Singaraja,2025-09-19,31500.0,34000.0,36571.42857142857,0,0,0
b,Pasar Kreneng,2025-09-19,33000.0,31500.0,36714.28571428572,0,0,0
a,Pasar Badung,2025-09-19,30000.0,33000.0,35642.857142857145,0,0,0
1,Kota Denpasar,2025-09-19,31500.0,30000.0,33357.142857142855,0,0,0
II,Bali,2025-09-19,34400.0,31500.0,32200.0,0,0,0
I,Semua Provinsi,2025-09-19,51200.0,34400.0,35085.71428571428,0,0,0
a,Pasar Anyar,2025-09-19,32000.0,51200.0,34800.0,0,0,0
b,Pasar Mengwi,2025-09-22,34000.0,32000.0,35157.142857142855,0,0,0
a,Pasar Kuta II,2025-09-22,32500.0,34000.0,35085.71428571428,0,0,0
4,Kab. Badung ,2025-09-22,33250.0,32500.0,35550.0,0,0,0
b,Pasar Kediri Tabanan,2025-09-22,37500.0,33250.0,36407.142857142855,0,0,0
a,Pasar Tabanan,2025-09-22,51000.0,37500.0,38778.57142857143,0,0,0
3,Kab. Tabanan ,2025-09-22,44250.0,51000.0,37785.71428571428,0,0,0
b,Pasar Banyuasri,2025-09-22,34500.0,44250.0,38142.857142857145,0,0,0
a,Pasar Anyar,2025-09-22,32000.0,34500.0,37857.142857142855,0,0,0
2,Kota Singaraja,2025-09-22,33250.0,32000.0,37964.28571428572,0,0,0
b,Pasar Kreneng,2025-09-22,35500.0,33250.0,38285.71428571428,0,0,0
a,Pasar Badung,2025-09-22,35000.0,35500.0,37928.57142857143,0,0,0
1,Kota Denpasar,2025-09-22,35250.0,35000.0,35678.57142857143,0,0,0
II,Bali,2025-09-22,36500.0,35250.0,34571.42857142857,0,0,0
I,Semua Provinsi,2025-09-22,51300.0,36500.0,36971.42857142857,0,0,0
a,Pasar Kuta II,2025-09-23,33500.0,51300.0,37185.71428571428,0,0,0
4,Kab. Badung ,2025-09-23,34250.0,33500.0,37328.57142857143,0,0,0
b,Pasar Kediri Tabanan,2025-09-23,37500.0,34250.0,37614.28571428572,0,0,0
a,Pasar Tabanan,2025-09-23,51000.0,37500.0,39900.0,0,0,0
3,Kab. Tabanan ,2025-09-23,44250.0,51000.0,41185.71428571428,0,0,0
b,Pasar Banyuasri,2025-09-23,36000.0,44250.0,41114.28571428572,0,0,0
b,Pasar Mengwi,2025-09-23,35000.0,36000.0,38785.71428571428,0,0,0
2,Kota Singaraja,2025-09-23,34000.0,35000.0,38857.142857142855,0,0,0
b,Pasar Kreneng,2025-09-23,35000.0,34000.0,38964.28571428572,0,0,0
a,Pasar Badung,2025-09-23,35000.0,35000.0,38607.142857142855,0,0,0
1,Kota Denpasar,2025-09-23,35000.0,35000.0,36321.42857142857,0,0,0
II,Bali,2025-09-23,36900.0,35000.0,35271.42857142857,0,0,0
I,Semua Provinsi,2025-09-23,51150.0,36900.0,37435.71428571428,0,0,0
a,Pasar Anyar,2025-09-23,32000.0,51150.0,37007.142857142855,0,0,0
a,Pasar Kuta II,2025-09-24,30000.0,32000.0,36435.71428571428,0,0,0
4,Kab. Badung ,2025-09-24,32500.0,30000.0,36078.57142857143,0,0,0
b,Pasar Kediri Tabanan,2025-09-24,37500.0,32500.0,36435.71428571428,0,0,0
a,Pasar Tabanan,2025-09-24,51000.0,37500.0,38721.42857142857,0,0,0
3,Kab. Tabanan ,2025-09-24,44250.0,51000.0,39771.42857142857,0,0,0
b,Pasar Banyuasri,2025-09-24,34000.0,44250.0,37321.42857142857,0,0,0
b,Pasar Mengwi,2025-09-24,35000.0,34000.0,37750.0,0,0,0
2,Kota Singaraja,2025-09-24,33000.0,35000.0,38178.57142857143,0,0,0
b,Pasar Kreneng,2025-09-24,36500.0,33000.0,38750.0,0,0,0
a,Pasar Badung,2025-09-24,35000.0,36500.0,38392.857142857145,0,0,0
1,Kota Denpasar,2025-09-24,35750.0,35000.0,36214.28571428572,0,0,0
II,Bali,2025-09-24,36400.0,35750.0,35092.857142857145,0,0,0
I,Semua Provinsi,2025-09-24,50800.0,36400.0,37492.857142857145,0,0,0
a,Pasar Anyar,2025-09-24,32000.0,50800.0,37064.28571428572,0,0,0
b,Pasar Mengwi,2025-09-25,35000.0,32000.0,37350.0,0,0,0
a,Pasar Kuta II,2025-09-25,30000.0,35000.0,36421.42857142857,0,0,0
4,Kab. Badung ,2025-09-25,32500.0,30000.0,36064.28571428572,0,0,0
b,Pasar Kediri Tabanan,2025-09-25,37500.0,32500.0,36314.28571428572,0,0,0
a,Pasar Tabanan,2025-09-25,51000.0,37500.0,38400.0,0,0,0
3,Kab. Tabanan ,2025-09-25,44250.0,51000.0,37464.28571428572,0,0,0
b,Pasar Banyuasri,2025-09-25,32000.0,44250.0,37464.28571428572,0,0,0
a,Pasar Anyar,2025-09-25,32000.0,32000.0,37035.71428571428,0,0,0
b,Pasar Kreneng,2025-09-25,36500.0,32000.0,37964.28571428572,0,0,0
a,Pasar Badung,2025-09-25,35000.0,36500.0,38321.42857142857,0,0,0
1,Kota Denpasar,2025-09-25,35750.0,35000.0,38071.42857142857,0,0,0
II,Bali,2025-09-25,36150.0,35750.0,35950.0,0,0,0
I,Semua Provinsi,2025-09-25,50300.0,36150.0,36814.28571428572,0,0,0
2,Kota Singaraja,2025-09-25,32000.0,50300.0,36814.28571428572,0,0,0
3,Kab. Tabanan ,2025-09-26,44250.0,32000.0,38564.28571428572,0,0,0
a,Pasar Kuta II,2025-09-26,29000.0,44250.0,37492.857142857145,0,0,0
4,Kab. Badung ,2025-09-26,32000.0,29000.0,37064.28571428572,0,0,0
b,Pasar Kediri Tabanan,2025-09-26,37500.0,32000.0,37314.28571428572,0,0,0
a,Pasar Tabanan,2025-09-26,51000.0,37500.0,39435.71428571428,0,0,0
b,Pasar Banyuasri,2025-09-26,32000.0,51000.0,36821.42857142857,0,0,0
b,Pasar Mengwi,2025-09-26,35000.0,32000.0,37250.0,0,0,0
2,Kota Singaraja,2025-09-26,32000.0,35000.0,35500.0,0,0,0
I,Semua Provinsi,2025-09-26,50200.0,32000.0,38528.57142857143,0,0,0
II,Bali,2025-09-26,35400.0,50200.0,39014.28571428572,0,0,0
a,Pasar Anyar,2025-09-26,32000.0,35400.0,38228.57142857143,0,0,0
a,Pasar Badung,2025-09-26,30000.0,32000.0,35228.57142857143,0,0,0
b,Pasar Kreneng,2025-09-26,36500.0,30000.0,35871.42857142857,0,0,0
1,Kota Denpasar,2025-09-26,33250.0,36500.0,35621.42857142857,0,0,0
b,Pasar Mengwi,2025-09-29,35000.0,33250.0,36050.0,0,0,0
a,Pasar Kuta II,2025-09-29,30000.0,35000.0,33164.28571428572,0,0,0
4,Kab. Badung ,2025-09-29,32500.0,30000.0,32750.0,0,0,0
b,Pasar Kediri Tabanan,2025-09-29,37500.0,32500.0,33535.71428571428,0,0,0
a,Pasar Tabanan,2025-09-29,50000.0,37500.0,36392.857142857145,0,0,0
b,Pasar Banyuasri,2025-09-29,30000.0,50000.0,35464.28571428572,0,0,0
3,Kab. Tabanan ,2025-09-29,43750.0,30000.0,36964.28571428572,0,0,0
2,Kota Singaraja,2025-09-29,30750.0,43750.0,36357.142857142855,0,0,0
b,Pasar Kreneng,2025-09-29,35000.0,30750.0,37071.42857142857,0,0,0
a,Pasar Badung,2025-09-29,30000.0,35000.0,36714.28571428572,0,0,0
1,Kota Denpasar,2025-09-29,32500.0,30000.0,36000.0,0,0,0
II,Bali,2025-09-29,34900.0,32500.0,33842.857142857145,0,0,0
I,Semua Provinsi,2025-09-29,50200.0,34900.0,36728.57142857143,0,0,0
a,Pasar Anyar,2025-09-29,31500.0,50200.0,34978.57142857143,0,0,0
3,Kab. Tabanan ,2025-09-30,41250.0,31500.0,36478.57142857143,0,0,0
a,Pasar Kuta II,2025-09-30,28000.0,41250.0,35478.57142857143,0,0,0
4,Kab. Badung ,2025-09-30,31500.0,28000.0,35692.857142857145,0,0,0
b,Pasar Kediri Tabanan,2025-09-30,37500.0,31500.0,36407.142857142855,0,0,0
a,Pasar Tabanan,2025-09-30,45000.0,37500.0,37850.0,0,0,0
b,Pasar Banyuasri,2025-09-30,30000.0,45000.0,34964.28571428572,0,0,0
b,Pasar Mengwi,2025-09-30,35000.0,30000.0,35464.28571428572,0,0,0
2,Kota Singaraja,2025-09-30,30000.0,35000.0,33857.142857142855,0,0,0
b,Pasar Kreneng,2025-09-30,34500.0,30000.0,34785.71428571428,0,0,0
a,Pasar Badung,2025-09-30,30000.0,34500.0,34571.42857142857,0,0,0
1,Kota Denpasar,2025-09-30,32250.0,30000.0,33821.42857142857,0,0,0
II,Bali,2025-09-30,33750.0,32250.0,32214.285714285714,0,0,0
I,Semua Provinsi,2025-09-30,49600.0,33750.0,35014.28571428572,0,0,0
a,Pasar Anyar,2025-09-30,30000.0,49600.0,34300.0,0,0,0
a,Pasar Kuta II,2025-10-01,29000.0,30000.0,34157.142857142855,0,0,0
4,Kab. Badung ,2025-10-01,32000.0,29000.0,33800.0,0,0,0
b,Pasar Kediri Tabanan,2025-10-01,37500.0,32000.0,34871.42857142857,0,0,0
a,Pasar Tabanan,2025-10-01,45000.0,37500.0,36692.857142857145,0,0,0
3,Kab. Tabanan ,2025-10-01,41250.0,45000.0,37764.28571428572,0,0,0
b,Pasar Banyuasri,2025-10-01,30000.0,41250.0,34964.28571428572,0,0,0
b,Pasar Mengwi,2025-10-01,35000.0,30000.0,35678.57142857143,0,0,0
2,Kota Singaraja,2025-10-01,30000.0,35000.0,35821.42857142857,0,0,0
a,Pasar Anyar,2025-10-01,30000.0,30000.0,35535.71428571428,0,0,0
I,Semua Provinsi,2025-10-01,49600.0,30000.0,37264.28571428572,0,0,0
II,Bali,2025-10-01,33800.0,49600.0,35664.28571428572,0,0,0
a,Pasar Badung,2025-10-01,30000.0,33800.0,34057.142857142855,0,0,0
1,Kota Denpasar,2025-10-01,32000.0,30000.0,34342.857142857145,0,0,0
b,Pasar Kreneng,2025-10-01,34000.0,32000.0,34200.0,0,0,0
3,Kab. Tabanan ,2025-10-02,41250.0,34000.0,35807.142857142855,0,0,0
b,Pasar Mengwi,2025-10-02,35000.0,41250.0,36521.42857142857,0,0,0
a,Pasar Kuta II,2025-10-02,30000.0,35000.0,33721.42857142857,0,0,0
4,Kab. Badung ,2025-10-02,32500.0,30000.0,33535.71428571428,0,0,0
b,Pasar Kediri Tabanan,2025-10-02,37500.0,32500.0,34607.142857142855,0,0,0
a,Pasar Tabanan,2025-10-02,45000.0,37500.0,36464.28571428572,0,0,0
b,Pasar Banyuasri,2025-10-02,29000.0,45000.0,35750.0,0,0,0
a,Pasar Anyar,2025-10-02,30000.0,29000.0,34142.857142857145,0,0,0
b,Pasar Kreneng,2025-10-02,34000.0,30000.0,34000.0,0,0,0
a,Pasar Badung,2025-10-02,35000.0,34000.0,34714.28571428572,0,0,0
1,Kota Denpasar,2025-10-02,34500.0,35000.0,35000.0,0,0,0
II,Bali,2025-10-02,34450.0,34500.0,34564.28571428572,0,0,0
I,Semua Provinsi,2025-10-02,49050.0,34450.0,35142.857142857145,0,0,0
2,Kota Singaraja,2025-10-02,29500.0,49050.0,35214.28571428572,0,0,0
b,Pasar Banyuasri,2025-10-03,29000.0,29500.0,35071.42857142857,0,0,0
a,Pasar Kuta II,2025-10-03,32500.0,29000.0,34857.142857142855,0,0,0
4,Kab. Badung ,2025-10-03,34250.0,32500.0,34750.0,0,0,0
b,Pasar Kediri Tabanan,2025-10-03,37500.0,34250.0,35178.57142857143,0,0,0
a,Pasar Tabanan,2025-10-03,45000.0,37500.0,36685.71428571428,0,0,0
3,Kab. Tabanan ,2025-10-03,41250.0,45000.0,35571.42857142857,0,0,0
b,Pasar Mengwi,2025-10-03,36000.0,41250.0,36500.0,0,0,0
a,Pasar Anyar,2025-10-03,30000.0,36000.0,36642.857142857145,0,0,0
b,Pasar Kreneng,2025-10-03,34000.0,30000.0,36857.142857142855,0,0,0
a,Pasar Badung,2025-10-03,35000.0,34000.0,36964.28571428572,0,0,0
1,Kota Denpasar,2025-10-03,34500.0,35000.0,36535.71428571428,0,0,0
II,Bali,2025-10-03,34900.0,34500.0,35092.857142857145,0,0,0
I,Semua Provinsi,2025-10-03,48800.0,34900.0,36171.42857142857,0,0,0
2,Kota Singaraja,2025-10-03,29500.0,48800.0,35242.857142857145,0,0,0
b,Pasar Mengwi,2025-10-06,37500.0,29500.0,36314.28571428572,0,0,0
a,Pasar Kuta II,2025-10-06,34500.0,37500.0,36385.71428571428,0,0,0
4,Kab. Badung ,2025-10-06,36000.0,34500.0,36528.57142857143,0,0,0
b,Pasar Kediri Tabanan,2025-10-06,40000.0,36000.0,37314.28571428572,0,0,0
a,Pasar Tabanan,2025-10-06,45000.0,40000.0,38757.142857142855,0,0,0
3,Kab. Tabanan ,2025-10-06,42500.0,45000.0,37857.142857142855,0,0,0
b,Pasar Banyuasri,2025-10-06,32500.0,42500.0,38285.71428571428,0,0,0
a,Pasar Anyar,2025-10-06,34500.0,32500.0,37857.142857142855,0,0,0
2,Kota Singaraja,2025-10-06,33500.0,34500.0,37714.28571428572,0,0,0
b,Pasar Kreneng,2025-10-06,34000.0,33500.0,37428.57142857143,0,0,0
a,Pasar Badung,2025-10-06,35000.0,34000.0,36714.28571428572,0,0,0
1,Kota Denpasar,2025-10-06,34500.0,35000.0,35214.28571428572,0,0,0
II,Bali,2025-10-06,36650.0,34500.0,34378.57142857143,0,0,0
I,Semua Provinsi,2025-10-06,49700.0,36650.0,36835.71428571428,0,0,0
a,Pasar Kuta II,2025-10-07,33500.0,49700.0,36692.857142857145,0,0,0
4,Kab. Badung ,2025-10-07,34750.0,33500.0,36871.42857142857,0,0,0
b,Pasar Kediri Tabanan,2025-10-07,40000.0,34750.0,37728.57142857143,0,0,0
a,Pasar Tabanan,2025-10-07,45000.0,40000.0,39157.142857142855,0,0,0
3,Kab. Tabanan ,2025-10-07,42500.0,45000.0,40300.0,0,0,0
b,Pasar Banyuasri,2025-10-07,34500.0,42500.0,39992.857142857145,0,0,0
b,Pasar Mengwi,2025-10-07,36000.0,34500.0,38035.71428571428,0,0,0
2,Kota Singaraja,2025-10-07,34500.0,36000.0,38178.57142857143,0,0,0
b,Pasar Kreneng,2025-10-07,35000.0,34500.0,38214.28571428572,0,0,0
a,Pasar Badung,2025-10-07,35000.0,35000.0,37500.0,0,0,0
1,Kota Denpasar,2025-10-07,35000.0,35000.0,36071.42857142857,0,0,0
II,Bali,2025-10-07,36700.0,35000.0,35242.857142857145,0,0,0
I,Semua Provinsi,2025-10-07,49800.0,36700.0,37428.57142857143,0,0,0
a,Pasar Anyar,2025-10-07,34500.0,49800.0,37214.28571428572,0,0,0
a,Pasar Kuta II,2025-10-08,31000.0,34500.0,36714.28571428572,0,0,0
4,Kab. Badung ,2025-10-08,33500.0,31000.0,36500.0,0,0,0
b,Pasar Kediri Tabanan,2025-10-08,40000.0,33500.0,37214.28571428572,0,0,0
a,Pasar Tabanan,2025-10-08,45000.0,40000.0,38642.857142857145,0,0,0
3,Kab. Tabanan ,2025-10-08,42500.0,45000.0,39471.42857142857,0,0,0
b,Pasar Banyuasri,2025-10-08,34500.0,42500.0,37285.71428571428,0,0,0
b,Pasar Mengwi,2025-10-08,36000.0,34500.0,37500.0,0,0,0
2,Kota Singaraja,2025-10-08,34500.0,36000.0,38000.0,0,0,0
b,Pasar Kreneng,2025-10-08,34000.0,34500.0,38071.42857142857,0,0,0
a,Pasar Badung,2025-10-08,35000.0,34000.0,37357.142857142855,0,0,0
1,Kota Denpasar,2025-10-08,34500.0,35000.0,35857.142857142855,0,0,0
II,Bali,2025-10-08,36250.0,34500.0,34964.28571428572,0,0,0
I,Semua Provinsi,2025-10-08,49550.0,36250.0,37114.28571428572,0,0,0
a,Pasar Anyar,2025-10-08,34500.0,49550.0,36900.0,0,0,0
b,Pasar Mengwi,2025-10-09,36500.0,34500.0,37185.71428571428,0,0,0
a,Pasar Kuta II,2025-10-09,32000.0,36500.0,36900.0,0,0,0
4,Kab. Badung ,2025-10-09,34250.0,32000.0,36792.857142857145,0,0,0
b,Pasar Kediri Tabanan,2025-10-09,40000.0,34250.0,37578.57142857143,0,0,0
a,Pasar Tabanan,2025-10-09,45000.0,40000.0,38828.57142857143,0,0,0
3,Kab. Tabanan ,2025-10-09,42500.0,45000.0,37821.42857142857,0,0,0
b,Pasar Banyuasri,2025-10-09,32000.0,42500.0,37464.28571428572,0,0,0
a,Pasar Anyar,2025-10-09,34500.0,32000.0,37178.57142857143,0,0,0
b,Pasar Kreneng,2025-10-09,34000.0,34500.0,37464.28571428572,0,0,0
a,Pasar Badung,2025-10-09,35000.0,34000.0,37571.42857142857,0,0,0
1,Kota Denpasar,2025-10-09,34500.0,35000.0,36785.71428571428,0,0,0
II,Bali,2025-10-09,36150.0,34500.0,35521.42857142857,0,0,0
I,Semua Provinsi,2025-10-09,49600.0,36150.0,36535.71428571428,0,0,0
2,Kota Singaraja,2025-10-09,33250.0,49600.0,36714.28571428572,0,0,0
3,Kab. Tabanan ,2025-10-10,42500.0,33250.0,37857.142857142855,0,0,0
a,Pasar Kuta II,2025-10-10,35000.0,42500.0,38000.0,0,0,0
4,Kab. Badung ,2025-10-10,35750.0,35000.0,38107.142857142855,0,0,0
b,Pasar Kediri Tabanan,2025-10-10,40000.0,35750.0,38892.857142857145,0,0,0
a,Pasar Tabanan,2025-10-10,45000.0,40000.0,40157.142857142855,0,0,0
b,Pasar Banyuasri,2025-10-10,33500.0,45000.0,37857.142857142855,0,0,0
b,Pasar Mengwi,2025-10-10,36500.0,33500.0,38321.42857142857,0,0,0
2,Kota Singaraja,2025-10-10,34000.0,36500.0,37107.142857142855,0,0,0
I,Semua Provinsi,2025-10-10,49400.0,34000.0,39164.28571428572,0,0,0
II,Bali,2025-10-10,36700.0,49400.0,39300.0,0,0,0
a,Pasar Anyar,2025-10-10,34500.0,36700.0,38514.28571428572,0,0,0
a,Pasar Badung,2025-10-10,35000.0,34500.0,37085.71428571428,0,0,0
b,Pasar Kreneng,2025-10-10,34000.0,35000.0,37157.142857142855,0,0,0
1,Kota Denpasar,2025-10-10,34500.0,34000.0,36871.42857142857,0,0,0
b,Pasar Mengwi,2025-10-13,41500.0,34500.0,37942.857142857145,0,0,0
a,Pasar Kuta II,2025-10-13,31000.0,41500.0,35314.28571428572,0,0,0
4,Kab. Badung ,2025-10-13,36250.0,31000.0,35250.0,0,0,0
b,Pasar Kediri Tabanan,2025-10-13,40000.0,36250.0,36035.71428571428,0,0,0
a,Pasar Tabanan,2025-10-13,45000.0,40000.0,37464.28571428572,0,0,0
b,Pasar Banyuasri,2025-10-13,32500.0,45000.0,37250.0,0,0,0
3,Kab. Tabanan ,2025-10-13,42500.0,32500.0,38392.857142857145,0,0,0
2,Kota Singaraja,2025-10-13,33750.0,42500.0,37285.71428571428,0,0,0
b,Pasar Kreneng,2025-10-13,35000.0,33750.0,37857.142857142855,0,0,0
a,Pasar Badung,2025-10-13,35000.0,35000.0,37678.57142857143,0,0,0
1,Kota Denpasar,2025-10-13,35000.0,35000.0,36964.28571428572,0,0,0
II,Bali,2025-10-13,36900.0,35000.0,35807.142857142855,0,0,0
I,Semua Provinsi,2025-10-13,48150.0,36900.0,38042.857142857145,0,0,0
a,Pasar Anyar,2025-10-13,35000.0,48150.0,36971.42857142857,0,0,0
3,Kab. Tabanan ,2025-10-14,40750.0,35000.0,37971.42857142857,0,0,0
b,Pasar Mengwi,2025-10-14,35500.0,40750.0,38042.857142857145,0,0,0
a,Pasar Kuta II,2025-10-14,31000.0,35500.0,37471.42857142857,0,0,0
4,Kab. Badung ,2025-10-14,33250.0,31000.0,37221.42857142857,0,0,0
b,Pasar Kediri Tabanan,2025-10-14,36500.0,33250.0,37164.28571428572,0,0,0
a,Pasar Tabanan,2025-10-14,45000.0,36500.0,36714.28571428572,0,0,0
b,Pasar Banyuasri,2025-10-14,29000.0,45000.0,35857.142857142855,0,0,0
II,Bali,2025-10-14,34700.0,29000.0,34992.857142857145,0,0,0
2,Kota Singaraja,2025-10-14,30500.0,34700.0,34278.57142857143,0,0,0
b,Pasar Kreneng,2025-10-14,33500.0,30500.0,34635.71428571428,0,0,0
a,Pasar Badung,2025-10-14,35000.0,33500.0,34885.71428571428,0,0,0
1,Kota Denpasar,2025-10-14,34250.0,35000.0,34564.28571428572,0,0,0
I,Semua Provinsi,2025-10-14,47500.0,34250.0,34921.42857142857,0,0,0
a,Pasar Anyar,2025-10-14,32000.0,47500.0,35350.0,0,0,0
3,Kab. Tabanan ,2025-10-15,41500.0,32000.0,36321.42857142857,0,0,0
a,Pasar Kuta II,2025-10-15,26500.0,41500.0,35750.0,0,0,0
b,Pasar Mengwi,2025-10-15,35500.0,26500.0,36035.71428571428,0,0,0
4,Kab. Badung ,2025-10-15,31000.0,35500.0,35464.28571428572,0,0,0
b,Pasar Kediri Tabanan,2025-10-15,38000.0,31000.0,36000.0,0,0,0
a,Pasar Tabanan,2025-10-15,45000.0,38000.0,35642.857142857145,0,0,0
b,Pasar Banyuasri,2025-10-15,28500.0,45000.0,35142.857142857145,0,0,0
II,Bali,2025-10-15,34150.0,28500.0,34092.857142857145,0,0,0
2,Kota Singaraja,2025-10-15,30250.0,34150.0,34628.57142857143,0,0,0
b,Pasar Kreneng,2025-10-15,32500.0,30250.0,34200.0,0,0,0
a,Pasar Badung,2025-10-15,35000.0,32500.0,34771.42857142857,0,0,0
1,Kota Denpasar,2025-10-15,33750.0,35000.0,34164.28571428572,0,0,0
I,Semua Provinsi,2025-10-15,46750.0,33750.0,34414.28571428572,0,0,0
a,Pasar Anyar,2025-10-15,32000.0,46750.0,34914.28571428572,0,0,0
b,Pasar Mengwi,2025-10-16,35500.0,32000.0,35107.142857142855,0,0,0
a,Pasar Kuta II,2025-10-16,26500.0,35500.0,34571.42857142857,0,0,0
4,Kab. Badung ,2025-10-16,31000.0,26500.0,34357.142857142855,0,0,0
b,Pasar Kediri Tabanan,2025-10-16,36500.0,31000.0,34571.42857142857,0,0,0
a,Pasar Tabanan,2025-10-16,45000.0,36500.0,36178.57142857143,0,0,0
3,Kab. Tabanan ,2025-10-16,40750.0,45000.0,35321.42857142857,0,0,0
b,Pasar Banyuasri,2025-10-16,29000.0,40750.0,34892.857142857145,0,0,0
a,Pasar Anyar,2025-10-16,32000.0,29000.0,34392.857142857145,0,0,0
b,Pasar Kreneng,2025-10-16,30000.0,32000.0,34892.857142857145,0,0,0
a,Pasar Badung,2025-10-16,35000.0,30000.0,35464.28571428572,0,0,0
1,Kota Denpasar,2025-10-16,32500.0,35000.0,34892.857142857145,0,0,0
II,Bali,2025-10-16,33700.0,32500.0,33278.57142857143,0,0,0
I,Semua Provinsi,2025-10-16,45950.0,33700.0,34021.42857142857,0,0,0
2,Kota Singaraja,2025-10-16,30500.0,45950.0,34235.71428571428,0,0,0
b,Pasar Mengwi,2025-10-17,35000.0,30500.0,34664.28571428572,0,0,0
a,Pasar Kuta II,2025-10-17,26500.0,35000.0,34164.28571428572,0,0,0
4,Kab. Badung ,2025-10-17,30750.0,26500.0,33557.142857142855,0,0,0
b,Pasar Kediri Tabanan,2025-10-17,36500.0,30750.0,34128.57142857143,0,0,0
a,Pasar Tabanan,2025-10-17,45000.0,36500.0,35742.857142857145,0,0,0
b,Pasar Banyuasri,2025-10-17,28000.0,45000.0,33178.57142857143,0,0,0
3,Kab. Tabanan ,2025-10-17,40750.0,28000.0,34642.857142857145,0,0,0
2,Kota Singaraja,2025-10-17,30000.0,40750.0,33928.57142857143,0,0,0
I,Semua Provinsi,2025-10-17,45750.0,30000.0,36678.57142857143,0,0,0
II,Bali,2025-10-17,33500.0,45750.0,37071.42857142857,0,0,0
a,Pasar Anyar,2025-10-17,32000.0,33500.0,36428.57142857143,0,0,0
a,Pasar Badung,2025-10-17,35000.0,32000.0,35000.0,0,0,0
b,Pasar Kreneng,2025-10-17,30000.0,35000.0,35285.71428571428,0,0,0
1,Kota Denpasar,2025-10-17,32500.0,30000.0,34107.142857142855,0,0,0
b,Pasar Mengwi,2025-10-20,31500.0,32500.0,34321.42857142857,0,0,0
a,Pasar Kuta II,2025-10-20,25000.0,31500.0,31357.14285714286,0,0,0
4,Kab. Badung ,2025-10-20,28250.0,25000.0,30607.14285714286,0,0,0
b,Pasar Kediri Tabanan,2025-10-20,32500.0,28250.0,30678.571428571428,0,0,0
a,Pasar Tabanan,2025-10-20,38000.0,32500.0,31107.14285714286,0,0,0
b,Pasar Banyuasri,2025-10-20,26500.0,38000.0,30607.14285714286,0,0,0
3,Kab. Tabanan ,2025-10-20,35250.0,26500.0,31000.0,0,0,0
2,Kota Singaraja,2025-10-20,27500.0,35250.0,30428.571428571428,0,0,0
b,Pasar Kreneng,2025-10-20,26000.0,27500.0,30571.428571428572,0,0,0
a,Pasar Badung,2025-10-20,30000.0,26000.0,30821.428571428572,0,0,0
1,Kota Denpasar,2025-10-20,28000.0,30000.0,30178.571428571428,0,0,0
II,Bali,2025-10-20,29750.0,28000.0,29000.0,0,0,0
I,Semua Provinsi,2025-10-20,44150.0,29750.0,31521.428571428572,0,0,0
a,Pasar Anyar,2025-10-20,28500.0,44150.0,30557.14285714286,0,0,0
3,Kab. Tabanan ,2025-10-21,36500.0,28500.0,31842.85714285714,0,0,0
a,Pasar Kuta II,2025-10-21,25000.0,36500.0,31700.0,0,0,0
4,Kab. Badung ,2025-10-21,27000.0,25000.0,31271.428571428572,0,0,0
b,Pasar Kediri Tabanan,2025-10-21,35000.0,27000.0,32271.428571428572,0,0,0
a,Pasar Tabanan,2025-10-21,38000.0,35000.0,33450.0,0,0,0
b,Pasar Banyuasri,2025-10-21,26500.0,38000.0,30928.571428571428,0,0,0
b,Pasar Mengwi,2025-10-21,29000.0,26500.0,31000.0,0,0,0
2,Kota Singaraja,2025-10-21,27000.0,29000.0,29642.85714285714,0,0,0
b,Pasar Kreneng,2025-10-21,25000.0,27000.0,29642.85714285714,0,0,0
a,Pasar Badung,2025-10-21,30000.0,25000.0,30071.428571428572,0,0,0
1,Kota Denpasar,2025-10-21,27500.0,30000.0,29000.0,0,0,0
II,Bali,2025-10-21,29500.0,27500.0,27785.714285714286,0,0,0
I,Semua Provinsi,2025-10-21,43450.0,29500.0,30207.14285714286,0,0,0
a,Pasar Anyar,2025-10-21,27500.0,43450.0,29992.85714285714,0,0,0
a,Pasar Kuta II,2025-10-22,25000.0,27500.0,29707.14285714286,0,0,0
4,Kab. Badung ,2025-10-22,27000.0,25000.0,29992.85714285714,0,0,0
b,Pasar Kediri Tabanan,2025-10-22,35000.0,27000.0,30707.14285714286,0,0,0
a,Pasar Tabanan,2025-10-22,38000.0,35000.0,32207.14285714286,0,0,0
3,Kab. Tabanan ,2025-10-22,36500.0,38000.0,33207.142857142855,0,0,0
b,Pasar Banyuasri,2025-10-22,23500.0,36500.0,30357.14285714286,0,0,0
b,Pasar Mengwi,2025-10-22,29000.0,23500.0,30571.428571428572,0,0,0
2,Kota Singaraja,2025-10-22,25500.0,29000.0,30642.85714285714,0,0,0
a,Pasar Anyar,2025-10-22,27500.0,25500.0,30714.285714285714,0,0,0
I,Semua Provinsi,2025-10-22,42450.0,27500.0,31778.571428571428,0,0,0
II,Bali,2025-10-22,29150.0,42450.0,30514.285714285714,0,0,0
a,Pasar Badung,2025-10-22,30000.0,29150.0,29585.714285714286,0,0,0
1,Kota Denpasar,2025-10-22,27500.0,30000.0,30157.14285714286,0,0,0
b,Pasar Kreneng,2025-10-22,25000.0,27500.0,29585.714285714286,0,0,0
3,Kab. Tabanan ,2025-10-23,36500.0,25000.0,31157.14285714286,0,0,0
b,Pasar Mengwi,2025-10-23,29000.0,36500.0,31371.428571428572,0,0,0
a,Pasar Kuta II,2025-10-23,25000.0,29000.0,28878.571428571428,0,0,0
4,Kab. Badung ,2025-10-23,27000.0,25000.0,28571.428571428572,0,0,0
b,Pasar Kediri Tabanan,2025-10-23,35000.0,27000.0,29285.714285714286,0,0,0
a,Pasar Tabanan,2025-10-23,38000.0,35000.0,30785.714285714286,0,0,0
b,Pasar Banyuasri,2025-10-23,24500.0,38000.0,30714.285714285714,0,0,0
a,Pasar Anyar,2025-10-23,25000.0,24500.0,29071.428571428572,0,0,0
b,Pasar Kreneng,2025-10-23,25500.0,25000.0,28571.428571428572,0,0,0
a,Pasar Badung,2025-10-23,25000.0,25500.0,28571.428571428572,0,0,0
1,Kota Denpasar,2025-10-23,25250.0,25000.0,28321.428571428572,0,0,0
II,Bali,2025-10-23,28400.0,25250.0,27378.571428571428,0,0,0
I,Semua Provinsi,2025-10-23,42000.0,28400.0,27950.0,0,0,0
2,Kota Singaraja,2025-10-23,24750.0,42000.0,27985.714285714286,0,0,0
b,Pasar Banyuasri,2025-10-24,24000.0,24750.0,27842.85714285714,0,0,0
a,Pasar Kuta II,2025-10-24,25000.0,24000.0,27771.428571428572,0,0,0
4,Kab. Badung ,2025-10-24,27000.0,25000.0,28057.14285714286,0,0,0
b,Pasar Kediri Tabanan,2025-10-24,35000.0,27000.0,29450.0,0,0,0
a,Pasar Tabanan,2025-10-24,38000.0,35000.0,30821.428571428572,0,0,0
3,Kab. Tabanan ,2025-10-24,36500.0,38000.0,30035.714285714286,0,0,0
b,Pasar Mengwi,2025-10-24,29000.0,36500.0,30642.85714285714,0,0,0
a,Pasar Anyar,2025-10-24,25000.0,29000.0,30785.714285714286,0,0,0
b,Pasar Kreneng,2025-10-24,25500.0,25000.0,30857.14285714286,0,0,0
I,Semua Provinsi,2025-10-24,41800.0,25500.0,32971.42857142857,0,0,0
II,Bali,2025-10-24,28300.0,41800.0,32014.285714285714,0,0,0
2,Kota Singaraja,2025-10-24,24500.0,28300.0,30085.714285714286,0,0,0
a,Pasar Badung,2025-10-24,25000.0,24500.0,28442.85714285714,0,0,0
1,Kota Denpasar,2025-10-24,25250.0,25000.0,27907.14285714286,0,0,0
b,Pasar Mengwi,2025-10-27,27500.0,25250.0,28264.285714285714,0,0,0
a,Pasar Kuta II,2025-10-27,20000.0,27500.0,27478.571428571428,0,0,0
4,Kab. Badung ,2025-10-27,23750.0,20000.0,24900.0,0,0,0
b,Pasar Kediri Tabanan,2025-10-27,37500.0,23750.0,26214.285714285714,0,0,0
3,Kab. Tabanan ,2025-10-27,37500.0,37500.0,28071.428571428572,0,0,0
b,Pasar Banyuasri,2025-10-27,23500.0,37500.0,27857.14285714286,0,0,0
a,Pasar Tabanan,2025-10-27,37500.0,23500.0,29607.14285714286,0,0,0
2,Kota Singaraja,2025-10-27,24250.0,37500.0,29142.85714285714,0,0,0
b,Pasar Kreneng,2025-10-27,25500.0,24250.0,29928.571428571428,0,0,0
a,Pasar Badung,2025-10-27,25000.0,25500.0,30107.14285714286,0,0,0
1,Kota Denpasar,2025-10-27,25250.0,25000.0,28357.14285714286,0,0,0
II,Bali,2025-10-27,27700.0,25250.0,26957.14285714286,0,0,0
I,Semua Provinsi,2025-10-27,40750.0,27700.0,29421.428571428572,0,0,0
a,Pasar Anyar,2025-10-27,25000.0,40750.0,27635.714285714286,0,0,0
3,Kab. Tabanan ,2025-10-28,37500.0,25000.0,29528.571428571428,0,0,0
b,Pasar Mengwi,2025-10-28,28000.0,37500.0,29885.714285714286,0,0,0
a,Pasar Kuta II,2025-10-28,24500.0,28000.0,29814.285714285714,0,0,0
4,Kab. Badung ,2025-10-28,26250.0,24500.0,29957.14285714286,0,0,0
b,Pasar Kediri Tabanan,2025-10-28,37500.0,26250.0,31357.14285714286,0,0,0
a,Pasar Tabanan,2025-10-28,37500.0,37500.0,30892.85714285714,0,0,0
b,Pasar Banyuasri,2025-10-28,23500.0,37500.0,30678.571428571428,0,0,0
1,Kota Denpasar,2025-10-28,25250.0,23500.0,28928.571428571428,0,0,0
2,Kota Singaraja,2025-10-28,23000.0,25250.0,28214.285714285714,0,0,0
b,Pasar Kreneng,2025-10-28,25500.0,23000.0,28357.14285714286,0,0,0
a,Pasar Badung,2025-10-28,25000.0,25500.0,28178.571428571428,0,0,0
II,Bali,2025-10-28,28000.0,25000.0,26821.428571428572,0,0,0
I,Semua Provinsi,2025-10-28,40300.0,28000.0,27221.428571428572,0,0,0
a,Pasar Anyar,2025-10-28,22500.0,40300.0,27078.571428571428,0,0,0
3,Kab. Tabanan ,2025-10-29,37500.0,22500.0,28828.571428571428,0,0,0
a,Pasar Kuta II,2025-10-29,23500.0,37500.0,28900.0,0,0,0
4,Kab. Badung ,2025-10-29,25750.0,23500.0,28935.714285714286,0,0,0
b,Pasar Mengwi,2025-10-29,28000.0,25750.0,29364.285714285714,0,0,0
b,Pasar Kediri Tabanan,2025-10-29,37500.0,28000.0,30721.428571428572,0,0,0
a,Pasar Tabanan,2025-10-29,37500.0,37500.0,30321.428571428572,0,0,0
b,Pasar Banyuasri,2025-10-29,25000.0,37500.0,30678.571428571428,0,0,0
1,Kota Denpasar,2025-10-29,25250.0,25000.0,28928.571428571428,0,0,0
2,Kota Singaraja,2025-10-29,23750.0,25250.0,28964.285714285714,0,0,0
a,Pasar Anyar,2025-10-29,22500.0,23750.0,28500.0,0,0,0
II,Bali,2025-10-29,28050.0,22500.0,28507.14285714286,0,0,0
I,Semua Provinsi,2025-10-29,40150.0,28050.0,28885.714285714286,0,0,0
a,Pasar Badung,2025-10-29,25000.0,40150.0,27100.0,0,0,0
b,Pasar Kreneng,2025-10-29,25500.0,25000.0,27171.428571428572,0,0,0
a,Pasar Tabanan,2025-10-30,37500.0,25500.0,28921.428571428572,0,0,0
b,Pasar Mengwi,2025-10-30,28000.0,37500.0,29528.571428571428,0,0,0
a,Pasar Kuta II,2025-10-30,24500.0,28000.0,29814.285714285714,0,0,0
4,Kab. Badung ,2025-10-30,26250.0,24500.0,29557.14285714286,0,0,0
b,Pasar Kediri Tabanan,2025-10-30,37500.0,26250.0,29178.571428571428,0,0,0
3,Kab. Tabanan ,2025-10-30,37500.0,37500.0,30964.285714285714,0,0,0
b,Pasar Banyuasri,2025-10-30,26000.0,37500.0,31035.714285714286,0,0,0
2,Kota Singaraja,2025-10-30,24750.0,26000.0,29214.285714285714,0,0,0
b,Pasar Kreneng,2025-10-30,25500.0,24750.0,28857.14285714286,0,0,0
a,Pasar Badung,2025-10-30,25000.0,25500.0,28928.571428571428,0,0,0
1,Kota Denpasar,2025-10-30,25250.0,25000.0,28785.714285714286,0,0,0
II,Bali,2025-10-30,28450.0,25250.0,27492.85714285714,0,0,0
I,Semua Provinsi,2025-10-30,40600.0,28450.0,27935.714285714286,0,0,0
a,Pasar Anyar,2025-10-30,23500.0,40600.0,27578.571428571428,0,0,0
b,Pasar Mengwi,2025-10-31,28000.0,23500.0,28042.85714285714,0,0,0
a,Pasar Kuta II,2025-10-31,23500.0,28000.0,27757.14285714286,0,0,0
4,Kab. Badung ,2025-10-31,25750.0,23500.0,27864.285714285714,0,0,0
b,Pasar Kediri Tabanan,2025-10-31,32500.0,25750.0,28900.0,0,0,0
a,Pasar Tabanan,2025-10-31,37500.0,32500.0,30192.85714285714,0,0,0
3,Kab. Tabanan ,2025-10-31,35000.0,37500.0,29392.85714285714,0,0,0
b,Pasar Banyuasri,2025-10-31,25000.0,35000.0,29607.14285714286,0,0,0
a,Pasar Anyar,2025-10-31,23500.0,25000.0,28964.285714285714,0,0,0
b,Pasar Kreneng,2025-10-31,25500.0,23500.0,29250.0,0,0,0
a,Pasar Badung,2025-10-31,25000.0,25500.0,29142.85714285714,0,0,0
1,Kota Denpasar,2025-10-31,25250.0,25000.0,28107.14285714286,0,0,0
II,Bali,2025-10-31,27550.0,25250.0,26685.714285714286,0,0,0
I,Semua Provinsi,2025-10-31,40600.0,27550.0,27485.714285714286,0,0,0
2,Kota Singaraja,2025-10-31,24250.0,40600.0,27378.571428571428,0,0,0
b,Pasar Mengwi,2025-11-03,30000.0,24250.0,28307.14285714286,0,0,0
a,Pasar Kuta II,2025-11-03,22000.0,30000.0,27807.14285714286,0,0,0
4,Kab. Badung ,2025-11-03,26000.0,22000.0,27950.0,0,0,0
b,Pasar Kediri Tabanan,2025-11-03,32500.0,26000.0,28985.714285714286,0,0,0
a,Pasar Tabanan,2025-11-03,37500.0,32500.0,30407.14285714286,0,0,0
3,Kab. Tabanan ,2025-11-03,35000.0,37500.0,29607.14285714286,0,0,0
b,Pasar Banyuasri,2025-11-03,22500.0,35000.0,29357.14285714286,0,0,0
a,Pasar Anyar,2025-11-03,23500.0,22500.0,28428.571428571428,0,0,0
2,Kota Singaraja,2025-11-03,23000.0,23500.0,28571.428571428572,0,0,0
b,Pasar Kreneng,2025-11-03,25000.0,23000.0,28428.571428571428,0,0,0
a,Pasar Badung,2025-11-03,25000.0,25000.0,27357.14285714286,0,0,0
1,Kota Denpasar,2025-11-03,25000.0,25000.0,25571.428571428572,0,0,0
II,Bali,2025-11-03,27250.0,25000.0,24464.285714285714,0,0,0
I,Semua Provinsi,2025-11-03,40350.0,27250.0,27014.285714285714,0,0,0
a,Pasar Kuta II,2025-11-04,23000.0,40350.0,26942.85714285714,0,0,0
4,Kab. Badung ,2025-11-04,26500.0,23000.0,27442.85714285714,0,0,0
b,Pasar Kediri Tabanan,2025-11-04,32500.0,26500.0,28514.285714285714,0,0,0
a,Pasar Tabanan,2025-11-04,37500.0,32500.0,30300.0,0,0,0
3,Kab. Tabanan ,2025-11-04,35000.0,37500.0,31728.571428571428,0,0,0
b,Pasar Banyuasri,2025-11-04,22000.0,35000.0,30978.571428571428,0,0,0
b,Pasar Mengwi,2025-11-04,30000.0,22000.0,29500.0,0,0,0
2,Kota Singaraja,2025-11-04,22750.0,30000.0,29464.285714285714,0,0,0
b,Pasar Kreneng,2025-11-04,25000.0,22750.0,29250.0,0,0,0
a,Pasar Badung,2025-11-04,25000.0,25000.0,28178.571428571428,0,0,0
1,Kota Denpasar,2025-11-04,25000.0,25000.0,26392.85714285714,0,0,0
II,Bali,2025-11-04,27300.0,25000.0,25292.85714285714,0,0,0
I,Semua Provinsi,2025-11-04,40750.0,27300.0,27971.428571428572,0,0,0
a,Pasar Anyar,2025-11-04,23500.0,40750.0,27042.85714285714,0,0,0
a,Pasar Kuta II,2025-11-05,23500.0,23500.0,27150.0,0,0,0
4,Kab. Badung ,2025-11-05,26750.0,23500.0,27400.0,0,0,0
b,Pasar Kediri Tabanan,2025-11-05,32500.0,26750.0,28471.428571428572,0,0,0
a,Pasar Tabanan,2025-11-05,37500.0,32500.0,30257.14285714286,0,0,0
3,Kab. Tabanan ,2025-11-05,35000.0,37500.0,31357.14285714286,0,0,0
b,Pasar Banyuasri,2025-11-05,22500.0,35000.0,28750.0,0,0,0
b,Pasar Mengwi,2025-11-05,30000.0,22500.0,29678.571428571428,0,0,0
2,Kota Singaraja,2025-11-05,23000.0,30000.0,29607.14285714286,0,0,0
b,Pasar Kreneng,2025-11-05,25000.0,23000.0,29357.14285714286,0,0,0
a,Pasar Badung,2025-11-05,25000.0,25000.0,28285.714285714286,0,0,0
1,Kota Denpasar,2025-11-05,25000.0,25000.0,26500.0,0,0,0
II,Bali,2025-11-05,27450.0,25000.0,25421.428571428572,0,0,0
I,Semua Provinsi,2025-11-05,41250.0,27450.0,28100.0,0,0,0
a,Pasar Anyar,2025-11-05,23500.0,41250.0,27171.428571428572,0,0,0
b,Pasar Mengwi,2025-11-06,28500.0,23500.0,27957.14285714286,0,0,0
a,Pasar Kuta II,2025-11-06,23500.0,28500.0,27742.85714285714,0,0,0
4,Kab. Badung ,2025-11-06,26000.0,23500.0,27885.714285714286,0,0,0
b,Pasar Kediri Tabanan,2025-11-06,32500.0,26000.0,28957.14285714286,0,0,0
a,Pasar Tabanan,2025-11-06,37500.0,32500.0,30392.85714285714,0,0,0
3,Kab. Tabanan ,2025-11-06,35000.0,37500.0,29500.0,0,0,0
b,Pasar Banyuasri,2025-11-06,23500.0,35000.0,29500.0,0,0,0
a,Pasar Anyar,2025-11-06,25000.0,23500.0,29000.0,0,0,0
b,Pasar Kreneng,2025-11-06,25000.0,25000.0,29214.285714285714,0,0,0
a,Pasar Badung,2025-11-06,25000.0,25000.0,29071.428571428572,0,0,0
1,Kota Denpasar,2025-11-06,25000.0,25000.0,28000.0,0,0,0
II,Bali,2025-11-06,27550.0,25000.0,26578.571428571428,0,0,0
I,Semua Provinsi,2025-11-06,41800.0,27550.0,27550.0,0,0,0
2,Kota Singaraja,2025-11-06,24250.0,41800.0,27657.14285714286,0,0,0
3,Kab. Tabanan ,2025-11-07,35000.0,24250.0,29085.714285714286,0,0,0
a,Pasar Kuta II,2025-11-07,24500.0,35000.0,29014.285714285714,0,0,0
4,Kab. Badung ,2025-11-07,26500.0,24500.0,29228.571428571428,0,0,0
b,Pasar Mengwi,2025-11-07,28500.0,26500.0,29728.571428571428,0,0,0
a,Pasar Tabanan,2025-11-07,37500.0,28500.0,31150.0,0,0,0
b,Pasar Banyuasri,2025-11-07,22500.0,37500.0,28392.85714285714,0,0,0
b,Pasar Kediri Tabanan,2025-11-07,32500.0,22500.0,29571.428571428572,0,0,0
2,Kota Singaraja,2025-11-07,23750.0,32500.0,27964.285714285714,0,0,0
b,Pasar Kreneng,2025-11-07,25000.0,23750.0,28035.714285714286,0,0,0
a,Pasar Badung,2025-11-07,25000.0,25000.0,27821.428571428572,0,0,0
1,Kota Denpasar,2025-11-07,25000.0,25000.0,27321.428571428572,0,0,0
II,Bali,2025-11-07,27550.0,25000.0,25900.0,0,0,0
I,Semua Provinsi,2025-11-07,41650.0,27550.0,28635.714285714286,0,0,0
a,Pasar Anyar,2025-11-07,25000.0,41650.0,27564.285714285714,0,0,0
b,Pasar Mengwi,2025-11-10,26500.0,25000.0,27957.14285714286,0,0,0
a,Pasar Kuta II,2025-11-10,23000.0,26500.0,27671.428571428572,0,0,0
4,Kab. Badung ,2025-11-10,24750.0,23000.0,27635.714285714286,0,0,0
b,Pasar Kediri Tabanan,2025-11-10,30000.0,24750.0,28350.0,0,0,0
a,Pasar Tabanan,2025-11-10,35000.0,30000.0,29414.285714285714,0,0,0
3,Kab. Tabanan ,2025-11-10,32500.0,35000.0,28107.14285714286,0,0,0
b,Pasar Banyuasri,2025-11-10,24000.0,32500.0,27964.285714285714,0,0,0
a,Pasar Anyar,2025-11-10,25000.0,24000.0,27750.0,0,0,0
2,Kota Singaraja,2025-11-10,24500.0,25000.0,27964.285714285714,0,0,0
b,Pasar Kreneng,2025-11-10,25000.0,24500.0,28000.0,0,0,0
a,Pasar Badung,2025-11-10,25000.0,25000.0,27285.714285714286,0,0,0
1,Kota Denpasar,2025-11-10,25000.0,25000.0,25857.14285714286,0,0,0
II,Bali,2025-11-10,26700.0,25000.0,25028.571428571428,0,0,0
I,Semua Provinsi,2025-11-10,41950.0,26700.0,27592.85714285714,0,0,0
a,Pasar Kuta II,2025-11-11,23500.0,41950.0,27378.571428571428,0,0,0
4,Kab. Badung ,2025-11-11,25250.0,23500.0,27485.714285714286,0,0,0
b,Pasar Kediri Tabanan,2025-11-11,30000.0,25250.0,28200.0,0,0,0
a,Pasar Tabanan,2025-11-11,35000.0,30000.0,29628.571428571428,0,0,0
3,Kab. Tabanan ,2025-11-11,32500.0,35000.0,30700.0,0,0,0
b,Pasar Banyuasri,2025-11-11,23000.0,32500.0,30171.428571428572,0,0,0
b,Pasar Mengwi,2025-11-11,27000.0,23000.0,28035.714285714286,0,0,0
2,Kota Singaraja,2025-11-11,24000.0,27000.0,28107.14285714286,0,0,0
b,Pasar Kreneng,2025-11-11,26000.0,24000.0,28214.285714285714,0,0,0
a,Pasar Badung,2025-11-11,25000.0,26000.0,27500.0,0,0,0
1,Kota Denpasar,2025-11-11,25500.0,25000.0,26142.85714285714,0,0,0
II,Bali,2025-11-11,26800.0,25500.0,25328.571428571428,0,0,0
I,Semua Provinsi,2025-11-11,41900.0,26800.0,28028.571428571428,0,0,0
a,Pasar Anyar,2025-11-11,25000.0,41900.0,27742.85714285714,0,0,0
a,Pasar Kuta II,2025-11-12,27500.0,25000.0,28242.85714285714,1,0,0
4,Kab. Badung ,2025-11-12,27500.0,27500.0,28457.14285714286,1,0,0
b,Pasar Kediri Tabanan,2025-11-12,35000.0,27500.0,29885.714285714286,1,0,0
a,Pasar Tabanan,2025-11-12,35000.0,35000.0,31242.85714285714,1,0,0
3,Kab. Tabanan ,2025-11-12,35000.0,35000.0,32414.285714285714,1,0,0
b,Pasar Banyuasri,2025-11-12,25000.0,35000.0,30000.0,1,0,0
b,Pasar Mengwi,2025-11-12,27500.0,25000.0,30357.14285714286,1,0,0
2,Kota Singaraja,2025-11-12,25500.0,27500.0,30071.428571428572,1,0,0
b,Pasar Kreneng,2025-11-12,26000.0,25500.0,29857.14285714286,1,0,0
a,Pasar Badung,2025-11-12,25000.0,26000.0,28428.571428571428,1,0,0
1,Kota Denpasar,2025-11-12,25500.0,25000.0,27071.428571428572,1,0,0
II,Bali,2025-11-12,28400.0,25500.0,26128.571428571428,1,0,0
I,Semua Provinsi,2025-11-12,41950.0,28400.0,28550.0,1,0,0
a,Pasar Anyar,2025-11-12,26000.0,41950.0,28335.714285714286,1,0,0
b,Pasar Mengwi,2025-11-13,27500.0,26000.0,28621.428571428572,1,0,0
a,Pasar Kuta II,2025-11-13,27500.0,27500.0,28835.714285714286,1,0,0
4,Kab. Badung ,2025-11-13,27500.0,27500.0,29192.85714285714,1,0,0
b,Pasar Kediri Tabanan,2025-11-13,35000.0,27500.0,30550.0,1,0,0
a,Pasar Tabanan,2025-11-13,35000.0,35000.0,31492.85714285714,1,0,0
3,Kab. Tabanan ,2025-11-13,35000.0,35000.0,30500.0,1,0,0
b,Pasar Banyuasri,2025-11-13,31000.0,35000.0,31214.285714285714,1,0,0
a,Pasar Anyar,2025-11-13,26000.0,31000.0,31000.0,1,0,0
b,Pasar Kreneng,2025-11-13,26000.0,26000.0,30785.714285714286,1,0,0
a,Pasar Badung,2025-11-13,25000.0,26000.0,30428.571428571428,1,0,0
1,Kota Denpasar,2025-11-13,25500.0,25000.0,29071.428571428572,1,0,0
II,Bali,2025-11-13,29150.0,25500.0,28235.714285714286,1,0,0
I,Semua Provinsi,2025-11-13,42400.0,29150.0,29292.85714285714,1,0,0
2,Kota Singaraja,2025-11-13,28500.0,42400.0,28935.714285714286,1,0,0
3,Kab. Tabanan ,2025-11-14,35000.0,28500.0,30221.428571428572,1,0,0
b,Pasar Mengwi,2025-11-14,27500.0,35000.0,30435.714285714286,1,0,0
a,Pasar Kuta II,2025-11-14,27500.0,27500.0,30792.85714285714,1,0,0
4,Kab. Badung ,2025-11-14,27500.0,27500.0,31078.571428571428,1,0,0
b,Pasar Kediri Tabanan,2025-11-14,35000.0,27500.0,31914.285714285714,1,0,0
a,Pasar Tabanan,2025-11-14,35000.0,35000.0,30857.14285714286,1,0,0
b,Pasar Banyuasri,2025-11-14,30000.0,35000.0,31071.428571428572,1,0,0
a,Pasar Anyar,2025-11-14,26000.0,30000.0,29785.714285714286,1,0,0
2,Kota Singaraja,2025-11-14,28000.0,26000.0,29857.14285714286,1,0,0
b,Pasar Kreneng,2025-11-14,26000.0,28000.0,29642.85714285714,1,0,0
a,Pasar Badung,2025-11-14,25000.0,26000.0,29285.714285714286,1,0,0
1,Kota Denpasar,2025-11-14,25500.0,25000.0,27928.571428571428,1,0,0
II,Bali,2025-11-14,29000.0,25500.0,27071.428571428572,1,0,0
I,Semua Provinsi,2025-11-14,42700.0,29000.0,28885.714285714286,1,0,0
b,Pasar Mengwi,2025-11-17,57500.0,42700.0,33385.71428571428,1,0,0
a,Pasar Kuta II,2025-11-17,49000.0,57500.0,36385.71428571428,1,0,0
4,Kab. Badung ,2025-11-17,53250.0,49000.0,40278.57142857143,1,0,0
b,Pasar Kediri Tabanan,2025-11-17,50000.0,53250.0,43850.0,1,0,0
a,Pasar Tabanan,2025-11-17,40000.0,50000.0,45921.42857142857,1,0,0
3,Kab. Tabanan ,2025-11-17,45000.0,40000.0,48207.142857142855,1,0,0
b,Pasar Banyuasri,2025-11-17,39000.0,45000.0,47678.57142857143,1,0,0
2,Kota Singaraja,2025-11-17,36250.0,39000.0,44642.857142857145,1,0,0
b,Pasar Kreneng,2025-11-17,52500.0,36250.0,45142.857142857145,1,0,0
a,Pasar Badung,2025-11-17,50000.0,52500.0,44678.57142857143,1,0,0
1,Kota Denpasar,2025-11-17,51250.0,50000.0,44857.142857142855,1,0,0
II,Bali,2025-11-17,46450.0,51250.0,45778.57142857143,1,0,0
I,Semua Provinsi,2025-11-17,45500.0,46450.0,45850.0,1,0,0
a,Pasar Anyar,2025-11-17,33500.0,45500.0,45064.28571428572,1,0,0
3,Kab. Tabanan ,2025-11-18,50000.0,33500.0,47028.57142857143,1,0,0
b,Pasar Mengwi,2025-11-18,57500.0,50000.0,47742.857142857145,1,0,0
a,Pasar Kuta II,2025-11-18,42500.0,57500.0,46671.42857142857,1,0,0
4,Kab. Badung ,2025-11-18,50000.0,42500.0,46492.857142857145,1,0,0
b,Pasar Kediri Tabanan,2025-11-18,50000.0,50000.0,47000.0,1,0,0
a,Pasar Tabanan,2025-11-18,50000.0,50000.0,47642.857142857145,1,0,0
b,Pasar Banyuasri,2025-11-18,40000.0,50000.0,48571.42857142857,1,0,0
I,Semua Provinsi,2025-11-18,47300.0,40000.0,48185.71428571428,1,0,0
2,Kota Singaraja,2025-11-18,36750.0,47300.0,45221.42857142857,1,0,0
b,Pasar Kreneng,2025-11-18,52500.0,36750.0,46650.0,1,0,0
a,Pasar Badung,2025-11-18,50000.0,52500.0,46650.0,1,0,0
1,Kota Denpasar,2025-11-18,51250.0,50000.0,46828.57142857143,1,0,0
II,Bali,2025-11-18,47000.0,51250.0,46400.0,1,0,0
a,Pasar Anyar,2025-11-18,33500.0,47000.0,45471.42857142857,1,0,0
3,Kab. Tabanan ,2025-11-19,50000.0,33500.0,45857.142857142855,0,1,0
b,Pasar Mengwi,2025-11-19,57500.0,50000.0,48821.42857142857,0,1,0
a,Pasar Kuta II,2025-11-19,42500.0,57500.0,47392.857142857145,0,1,0
4,Kab. Badung ,2025-11-19,50000.0,42500.0,47392.857142857145,0,1,0
b,Pasar Kediri Tabanan,2025-11-19,50000.0,50000.0,47214.28571428572,0,1,0
a,Pasar Tabanan,2025-11-19,50000.0,50000.0,47642.857142857145,0,1,0
b,Pasar Banyuasri,2025-11-19,40000.0,50000.0,48571.42857142857,0,1,0
I,Semua Provinsi,2025-11-19,49200.0,40000.0,48457.142857142855,0,1,0
2,Kota Singaraja,2025-11-19,36750.0,49200.0,45492.857142857145,0,1,0
b,Pasar Kreneng,2025-11-19,52500.0,36750.0,46921.42857142857,0,1,0
a,Pasar Badung,2025-11-19,50000.0,52500.0,46921.42857142857,0,1,0
1,Kota Denpasar,2025-11-19,51250.0,50000.0,47100.0,0,1,0
II,Bali,2025-11-19,47000.0,51250.0,46671.42857142857,0,1,0
a,Pasar Anyar,2025-11-19,33500.0,47000.0,45742.857142857145,0,1,0
b,Pasar Mengwi,2025-11-20,41000.0,33500.0,44571.42857142857,0,0,1
a,Pasar Kuta II,2025-11-20,42500.0,41000.0,45392.857142857145,0,0,1
4,Kab. Badung ,2025-11-20,41750.0,42500.0,43857.142857142855,0,0,1
b,Pasar Kediri Tabanan,2025-11-20,50000.0,41750.0,43857.142857142855,0,0,1
a,Pasar Tabanan,2025-11-20,50000.0,50000.0,43678.57142857143,0,0,1
3,Kab. Tabanan ,2025-11-20,50000.0,50000.0,44107.142857142855,0,0,1
b,Pasar Banyuasri,2025-11-20,40000.0,50000.0,45035.71428571428,0,0,1
2,Kota Singaraja,2025-11-20,36750.0,40000.0,44428.57142857143,0,0,1
b,Pasar Kreneng,2025-11-20,52500.0,36750.0,45857.142857142855,0,0,1
a,Pasar Badung,2025-11-20,50000.0,52500.0,47035.71428571428,0,0,1
1,Kota Denpasar,2025-11-20,51250.0,50000.0,47214.28571428572,0,0,1
II,Bali,2025-11-20,44950.0,51250.0,46492.857142857145,0,0,1
I,Semua Provinsi,2025-11-20,49300.0,44950.0,46392.857142857145,0,0,1
a,Pasar Anyar,2025-11-20,33500.0,49300.0,45464.28571428572,0,0,1
3,Kab. Tabanan ,2025-11-21,50000.0,33500.0,47357.142857142855,0,0,1
b,Pasar Mengwi,2025-11-21,47500.0,50000.0,46642.857142857145,0,0,1
a,Pasar Kuta II,2025-11-21,40000.0,47500.0,45214.28571428572,0,0,1
4,Kab. Badung ,2025-11-21,43750.0,40000.0,44142.857142857145,0,0,1
b,Pasar Kediri Tabanan,2025-11-21,50000.0,43750.0,44864.28571428572,0,0,1
a,Pasar Tabanan,2025-11-21,50000.0,50000.0,44964.28571428572,0,0,1
b,Pasar Banyuasri,2025-11-21,41000.0,50000.0,46035.71428571428,0,0,1
a,Pasar Anyar,2025-11-21,31000.0,41000.0,43321.42857142857,0,0,1
2,Kota Singaraja,2025-11-21,36000.0,31000.0,41678.57142857143,0,0,1
b,Pasar Kreneng,2025-11-21,52500.0,36000.0,43464.28571428572,0,0,1
a,Pasar Badung,2025-11-21,50000.0,52500.0,44357.142857142855,0,0,1
1,Kota Denpasar,2025-11-21,51250.0,50000.0,44535.71428571428,0,0,1
II,Bali,2025-11-21,45250.0,51250.0,43857.142857142855,0,0,1
I,Semua Provinsi,2025-11-21,49600.0,45250.0,45085.71428571428,0,0,1
b,Pasar Mengwi,2025-11-24,40000.0,49600.0,46371.42857142857,1,0,0
a,Pasar Kuta II,2025-11-24,39000.0,40000.0,46800.0,1,0,0
4,Kab. Badung ,2025-11-24,39500.0,39000.0,44942.857142857145,1,0,0
b,Pasar Kediri Tabanan,2025-11-24,45000.0,39500.0,44228.57142857143,1,0,0
a,Pasar Tabanan,2025-11-24,50000.0,45000.0,44050.0,1,0,0
3,Kab. Tabanan ,2025-11-24,47500.0,50000.0,44371.42857142857,1,0,0
b,Pasar Banyuasri,2025-11-24,38500.0,47500.0,42785.71428571428,1,0,0
a,Pasar Anyar,2025-11-24,33500.0,38500.0,41857.142857142855,1,0,0
2,Kota Singaraja,2025-11-24,36000.0,33500.0,41428.57142857143,1,0,0
b,Pasar Kreneng,2025-11-24,47500.0,36000.0,42571.42857142857,1,0,0
a,Pasar Badung,2025-11-24,35000.0,47500.0,41142.857142857145,1,0,0
1,Kota Denpasar,2025-11-24,41250.0,35000.0,39892.857142857145,1,0,0
II,Bali,2025-11-24,41050.0,41250.0,38971.42857142857,1,0,0
I,Semua Provinsi,2025-11-24,50600.0,41050.0,40700.0,1,0,0
a,Pasar Kuta II,2025-11-25,39000.0,50600.0,41485.71428571428,1,0,0
4,Kab. Badung ,2025-11-25,39500.0,39000.0,41985.71428571428,1,0,0
b,Pasar Kediri Tabanan,2025-11-25,42500.0,39500.0,41271.42857142857,1,0,0
a,Pasar Tabanan,2025-11-25,45000.0,42500.0,42700.0,1,0,0
3,Kab. Tabanan ,2025-11-25,43750.0,45000.0,43057.142857142855,1,0,0
b,Pasar Banyuasri,2025-11-25,40000.0,43750.0,42907.142857142855,1,0,0
b,Pasar Mengwi,2025-11-25,40000.0,40000.0,41392.857142857145,1,0,0
2,Kota Singaraja,2025-11-25,39500.0,40000.0,41464.28571428572,1,0,0
b,Pasar Kreneng,2025-11-25,42500.0,39500.0,41892.857142857145,1,0,0
a,Pasar Badung,2025-11-25,40000.0,42500.0,41535.71428571428,1,0,0
1,Kota Denpasar,2025-11-25,41250.0,40000.0,41000.0,1,0,0
II,Bali,2025-11-25,41000.0,41250.0,40607.142857142855,1,0,0
I,Semua Provinsi,2025-11-25,51150.0,41000.0,42200.0,1,0,0
a,Pasar Anyar,2025-11-25,39000.0,51150.0,42057.142857142855,1,0,0
a,Pasar Kuta II,2025-11-26,46500.0,39000.0,43057.142857142855,1,0,0
4,Kab. Badung ,2025-11-26,47500.0,46500.0,43771.42857142857,1,0,0
b,Pasar Kediri Tabanan,2025-11-26,42500.0,47500.0,44128.57142857143,1,0,0
a,Pasar Tabanan,2025-11-26,45000.0,42500.0,44664.28571428572,1,0,0
3,Kab. Tabanan ,2025-11-26,43750.0,45000.0,45057.142857142855,1,0,0
b,Pasar Banyuasri,2025-11-26,42500.0,43750.0,43821.42857142857,1,0,0
b,Pasar Mengwi,2025-11-26,48500.0,42500.0,45178.57142857143,1,0,0
2,Kota Singaraja,2025-11-26,40750.0,48500.0,44357.142857142855,1,0,0
b,Pasar Kreneng,2025-11-26,42500.0,40750.0,43642.857142857145,1,0,0
a,Pasar Badung,2025-11-26,40000.0,42500.0,43285.71428571428,1,0,0
1,Kota Denpasar,2025-11-26,41250.0,40000.0,42750.0,1,0,0
II,Bali,2025-11-26,43300.0,41250.0,42685.71428571428,1,0,0
I,Semua Provinsi,2025-11-26,51950.0,43300.0,44035.71428571428,1,0,0
a,Pasar Anyar,2025-11-26,39000.0,51950.0,42678.57142857143,1,0,0
b,Pasar Mengwi,2025-11-27,46000.0,39000.0,43428.57142857143,1,0,0
a,Pasar Kuta II,2025-11-27,49000.0,46000.0,44357.142857142855,1,0,0
4,Kab. Badung ,2025-11-27,47500.0,49000.0,45428.57142857143,1,0,0
b,Pasar Kediri Tabanan,2025-11-27,42500.0,47500.0,45607.142857142855,1,0,0
a,Pasar Tabanan,2025-11-27,45000.0,42500.0,45850.0,1,0,0
3,Kab. Tabanan ,2025-11-27,43750.0,45000.0,44678.57142857143,1,0,0
b,Pasar Banyuasri,2025-11-27,46000.0,43750.0,45678.57142857143,1,0,0
a,Pasar Anyar,2025-11-27,45000.0,46000.0,45535.71428571428,1,0,0
b,Pasar Kreneng,2025-11-27,42500.0,45000.0,44607.142857142855,1,0,0
a,Pasar Badung,2025-11-27,40000.0,42500.0,43535.71428571428,1,0,0
1,Kota Denpasar,2025-11-27,41250.0,40000.0,43357.142857142855,1,0,0
II,Bali,2025-11-27,44500.0,41250.0,43285.71428571428,1,0,0
I,Semua Provinsi,2025-11-27,52400.0,44500.0,44521.42857142857,1,0,0
2,Kota Singaraja,2025-11-27,45500.0,52400.0,44450.0,1,0,0
a,Pasar Tabanan,2025-11-28,45000.0,45500.0,44450.0,1,0,0
b,Pasar Mengwi,2025-11-28,46000.0,45000.0,44950.0,1,0,0
a,Pasar Kuta II,2025-11-28,49000.0,46000.0,46235.71428571428,1,0,0
4,Kab. Badung ,2025-11-28,47500.0,49000.0,47128.57142857143,1,0,0
b,Pasar Kediri Tabanan,2025-11-28,42500.0,47500.0,46842.857142857145,1,0,0
3,Kab. Tabanan ,2025-11-28,43750.0,42500.0,45607.142857142855,1,0,0
b,Pasar Banyuasri,2025-11-28,46500.0,43750.0,45750.0,1,0,0
2,Kota Singaraja,2025-11-28,47000.0,46500.0,46035.71428571428,1,0,0
b,Pasar Kreneng,2025-11-28,42500.0,47000.0,45535.71428571428,1,0,0
a,Pasar Badung,2025-11-28,40000.0,42500.0,44250.0,1,0,0
1,Kota Denpasar,2025-11-28,41250.0,40000.0,43357.142857142855,1,0,0
II,Bali,2025-11-28,44900.0,41250.0,43700.0,1,0,0
I,Semua Provinsi,2025-11-28,55250.0,44900.0,45342.857142857145,1,0,0
a,Pasar Anyar,2025-11-28,47500.0,55250.0,45485.71428571428,1,0,0
a,Pasar Anyar,2025-12-01,55000.0,47500.0,46628.57142857143,0,0,1
b,Pasar Mengwi,2025-12-01,75000.0,55000.0,51271.42857142857,0,0,1
a,Pasar Kuta II,2025-12-01,70000.0,75000.0,55557.142857142855,0,0,1
4,Kab. Badung ,2025-12-01,72500.0,70000.0,60021.42857142857,0,0,1
b,Pasar Kediri Tabanan,2025-12-01,62500.0,72500.0,62535.71428571428,0,0,1
a,Pasar Tabanan,2025-12-01,70000.0,62500.0,64642.857142857145,0,0,1
3,Kab. Tabanan ,2025-12-01,66250.0,70000.0,67321.42857142857,0,0,1
b,Pasar Kreneng,2025-12-01,42500.0,66250.0,65535.71428571428,0,0,1
2,Kota Singaraja,2025-12-01,59500.0,42500.0,63321.42857142857,0,0,1
a,Pasar Badung,2025-12-01,40000.0,59500.0,59035.71428571428,0,0,1
1,Kota Denpasar,2025-12-01,41250.0,40000.0,54571.42857142857,0,0,1
II,Bali,2025-12-01,59900.0,41250.0,54200.0,0,0,1
I,Semua Provinsi,2025-12-01,65250.0,59900.0,53521.42857142857,0,0,1
b,Pasar Banyuasri,2025-12-01,64000.0,65250.0,53200.0,0,0,1
a,Pasar Tabanan,2025-12-02,70000.0,64000.0,57128.57142857143,0,0,1
b,Pasar Kediri Tabanan,2025-12-02,62500.0,70000.0,57557.142857142855,0,0,1
b,Pasar Mengwi,2025-12-02,71500.0,62500.0,62057.142857142855,0,0,1
3,Kab. Tabanan ,2025-12-02,66250.0,71500.0,65628.57142857143,0,0,1
a,Pasar Kuta II,2025-12-02,65000.0,66250.0,66357.14285714286,0,0,1
b,Pasar Banyuasri,2025-12-02,65000.0,65000.0,66321.42857142857,0,0,1
4,Kab. Badung ,2025-12-02,68250.0,65000.0,66928.57142857143,0,0,1
2,Kota Singaraja,2025-12-02,62500.0,68250.0,65857.14285714286,0,0,1
b,Pasar Kreneng,2025-12-02,52500.0,62500.0,64428.57142857143,0,0,1
a,Pasar Badung,2025-12-02,70000.0,52500.0,64214.28571428572,0,0,1
1,Kota Denpasar,2025-12-02,61250.0,70000.0,63500.0,0,0,1
II,Bali,2025-12-02,64550.0,61250.0,63435.71428571428,0,0,1
I,Semua Provinsi,2025-12-02,67550.0,64550.0,63800.0,0,0,1
a,Pasar Anyar,2025-12-02,60000.0,67550.0,62621.42857142857,0,0,1
b,Pasar Mengwi,2025-12-03,65000.0,60000.0,62978.57142857143,0,0,0
a,Pasar Kuta II,2025-12-03,65000.0,65000.0,64764.28571428572,0,0,0
b,Pasar Kediri Tabanan,2025-12-03,67500.0,65000.0,64407.142857142855,0,0,0
a,Pasar Tabanan,2025-12-03,70000.0,67500.0,65657.14285714286,0,0,0
3,Kab. Tabanan ,2025-12-03,68750.0,70000.0,66257.14285714286,0,0,0
b,Pasar Banyuasri,2025-12-03,67500.0,68750.0,66250.0,0,0,0
4,Kab. Badung ,2025-12-03,65000.0,67500.0,66964.28571428571,0,0,0
2,Kota Singaraja,2025-12-03,68750.0,65000.0,67500.0,0,0,0
b,Pasar Kreneng,2025-12-03,70000.0,68750.0,68214.28571428571,0,0,0
a,Pasar Badung,2025-12-03,70000.0,70000.0,68571.42857142857,0,0,0
1,Kota Denpasar,2025-12-03,70000.0,70000.0,68571.42857142857,0,0,0
II,Bali,2025-12-03,68150.0,70000.0,68485.71428571429,0,0,0
I,Semua Provinsi,2025-12-03,69900.0,68150.0,68828.57142857143,0,0,0
a,Pasar Anyar,2025-12-03,70000.0,69900.0,69542.85714285714,0,0,0
b,Pasar Mengwi,2025-12-04,70000.0,70000.0,69721.42857142857,0,0,0
a,Pasar Kuta II,2025-12-04,73500.0,70000.0,70221.42857142857,0,0,0
4,Kab. Badung ,2025-12-04,71750.0,73500.0,70471.42857142857,0,0,0
b,Pasar Kediri Tabanan,2025-12-04,67500.0,71750.0,70114.28571428571,0,0,0
a,Pasar Tabanan,2025-12-04,70000.0,67500.0,70378.57142857143,0,0,0
3,Kab. Tabanan ,2025-12-04,68750.0,70000.0,70214.28571428571,0,0,0
b,Pasar Banyuasri,2025-12-04,74000.0,68750.0,70785.71428571429,0,0,0
b,Pasar Kreneng,2025-12-04,70000.0,74000.0,70785.71428571429,0,0,0
2,Kota Singaraja,2025-12-04,72000.0,70000.0,70571.42857142857,0,0,0
a,Pasar Badung,2025-12-04,70000.0,72000.0,70321.42857142857,0,0,0
1,Kota Denpasar,2025-12-04,70000.0,70000.0,70678.57142857143,0,0,0
II,Bali,2025-12-04,70650.0,70000.0,70771.42857142857,0,0,0
I,Semua Provinsi,2025-12-04,71450.0,70650.0,71157.14285714286,0,0,0
a,Pasar Anyar,2025-12-04,70000.0,71450.0,70585.71428571429,0,0,0
a,Pasar Tabanan,2025-12-05,70000.0,70000.0,70585.71428571429,0,0,0
b,Pasar Mengwi,2025-12-05,70000.0,70000.0,70300.0,0,0,0
3,Kab. Tabanan ,2025-12-05,71250.0,70000.0,70478.57142857143,0,0,0
4,Kab. Badung ,2025-12-05,72500.0,71250.0,70835.71428571429,0,0,0
a,Pasar Kuta II,2025-12-05,75000.0,72500.0,71457.14285714286,0,0,0
b,Pasar Kediri Tabanan,2025-12-05,72500.0,75000.0,71607.14285714286,0,0,0
b,Pasar Banyuasri,2025-12-05,72500.0,72500.0,71964.28571428571,0,0,0
a,Pasar Badung,2025-12-05,70000.0,72500.0,71964.28571428571,0,0,0
2,Kota Singaraja,2025-12-05,71250.0,70000.0,72142.85714285714,0,0,0
b,Pasar Kreneng,2025-12-05,70000.0,71250.0,71964.28571428571,0,0,0
1,Kota Denpasar,2025-12-05,70000.0,70000.0,71607.14285714286,0,0,0
II,Bali,2025-12-05,71250.0,70000.0,71071.42857142857,0,0,0
I,Semua Provinsi,2025-12-05,72700.0,71250.0,71100.0,0,0,0
a,Pasar Anyar,2025-12-05,70000.0,72700.0,70742.85714285714,0,0,0
b,Pasar Mengwi,2025-12-08,84000.0,70000.0,72742.85714285714,0,0,0
a,Pasar Kuta II,2025-12-08,82500.0,84000.0,74350.0,0,0,0
4,Kab. Badung ,2025-12-08,83250.0,82500.0,76242.85714285714,0,0,0
b,Pasar Kediri Tabanan,2025-12-08,85000.0,83250.0,78385.71428571429,0,0,0
a,Pasar Tabanan,2025-12-08,95000.0,85000.0,81778.57142857143,0,0,0
3,Kab. Tabanan ,2025-12-08,90000.0,95000.0,84250.0,0,0,0
b,Pasar Banyuasri,2025-12-08,85000.0,90000.0,86392.85714285714,0,0,0
a,Pasar Anyar,2025-12-08,75000.0,85000.0,85107.14285714286,0,0,0
2,Kota Singaraja,2025-12-08,80000.0,75000.0,84750.0,0,0,0
b,Pasar Kreneng,2025-12-08,80000.0,80000.0,84285.71428571429,0,0,0
a,Pasar Badung,2025-12-08,80000.0,80000.0,83571.42857142857,0,0,0
1,Kota Denpasar,2025-12-08,80000.0,80000.0,81428.57142857143,0,0,0
II,Bali,2025-12-08,83300.0,80000.0,80471.42857142857,0,0,0
I,Semua Provinsi,2025-12-08,79350.0,83300.0,79664.28571428571,0,0,0
a,Pasar Kuta II,2025-12-09,85000.0,79350.0,81092.85714285714,0,0,0
4,Kab. Badung ,2025-12-09,84500.0,85000.0,81735.71428571429,0,0,0
b,Pasar Kediri Tabanan,2025-12-09,90000.0,84500.0,83164.28571428571,0,0,0
a,Pasar Tabanan,2025-12-09,95000.0,90000.0,85307.14285714286,0,0,0
3,Kab. Tabanan ,2025-12-09,92500.0,95000.0,87092.85714285714,0,0,0
b,Pasar Banyuasri,2025-12-09,84000.0,92500.0,87192.85714285714,0,0,0
b,Pasar Mengwi,2025-12-09,84000.0,84000.0,87857.14285714286,0,0,0
2,Kota Singaraja,2025-12-09,82000.0,84000.0,87428.57142857143,0,0,0
b,Pasar Kreneng,2025-12-09,80000.0,82000.0,86785.71428571429,0,0,0
a,Pasar Badung,2025-12-09,80000.0,80000.0,85357.14285714286,0,0,0
1,Kota Denpasar,2025-12-09,80000.0,80000.0,83214.28571428571,0,0,0
II,Bali,2025-12-09,84750.0,80000.0,82107.14285714286,0,0,0
I,Semua Provinsi,2025-12-09,80750.0,84750.0,81642.85714285714,0,0,0
a,Pasar Anyar,2025-12-09,80000.0,80750.0,81071.42857142857,0,0,0
a,Pasar Kuta II,2025-12-10,85000.0,80000.0,81500.0,0,0,0
4,Kab. Badung ,2025-12-10,86250.0,85000.0,82392.85714285714,0,0,0
b,Pasar Kediri Tabanan,2025-12-10,90000.0,86250.0,83821.42857142857,0,0,0
a,Pasar Tabanan,2025-12-10,95000.0,90000.0,85964.28571428571,0,0,0
3,Kab. Tabanan ,2025-12-10,92500.0,95000.0,87071.42857142857,0,0,0
b,Pasar Banyuasri,2025-12-10,80500.0,92500.0,87035.71428571429,0,0,0
b,Pasar Mengwi,2025-12-10,87500.0,80500.0,88107.14285714286,0,0,0
2,Kota Singaraja,2025-12-10,80250.0,87500.0,87428.57142857143,0,0,0
b,Pasar Kreneng,2025-12-10,80000.0,80250.0,86535.71428571429,0,0,0
a,Pasar Badung,2025-12-10,80000.0,80000.0,85107.14285714286,0,0,0
1,Kota Denpasar,2025-12-10,80000.0,80000.0,82964.28571428571,0,0,0
II,Bali,2025-12-10,84750.0,80000.0,81857.14285714286,0,0,0
I,Semua Provinsi,2025-12-10,80800.0,84750.0,81900.0,0,0,0
a,Pasar Anyar,2025-12-10,80000.0,80800.0,80828.57142857143,0,0,0
b,Pasar Mengwi,2025-12-11,84000.0,80000.0,81364.28571428571,0,0,0
a,Pasar Kuta II,2025-12-11,72500.0,84000.0,80292.85714285714,0,0,0
4,Kab. Badung ,2025-12-11,78250.0,72500.0,80042.85714285714,0,0,0
b,Pasar Kediri Tabanan,2025-12-11,80000.0,78250.0,80042.85714285714,0,0,0
a,Pasar Tabanan,2025-12-11,95000.0,80000.0,81507.14285714286,0,0,0
3,Kab. Tabanan ,2025-12-11,87500.0,95000.0,82464.28571428571,0,0,0
b,Pasar Banyuasri,2025-12-11,78000.0,87500.0,82178.57142857143,0,0,0
a,Pasar Anyar,2025-12-11,80000.0,78000.0,81607.14285714286,0,0,0
b,Pasar Kreneng,2025-12-11,80000.0,80000.0,82678.57142857143,0,0,0
a,Pasar Badung,2025-12-11,80000.0,80000.0,82928.57142857143,0,0,0
1,Kota Denpasar,2025-12-11,80000.0,80000.0,82928.57142857143,0,0,0
II,Bali,2025-12-11,81200.0,80000.0,80957.14285714286,0,0,0
I,Semua Provinsi,2025-12-11,80700.0,81200.0,79985.71428571429,0,0,0
2,Kota Singaraja,2025-12-11,79000.0,80700.0,80128.57142857143,0,0,0
a,Pasar Tabanan,2025-12-12,95000.0,79000.0,82271.42857142857,0,0,0
b,Pasar Mengwi,2025-12-12,79000.0,95000.0,82128.57142857143,0,0,0
a,Pasar Kuta II,2025-12-12,62500.0,79000.0,79628.57142857143,0,0,0
4,Kab. Badung ,2025-12-12,70750.0,62500.0,78307.14285714286,0,0,0
b,Pasar Kediri Tabanan,2025-12-12,80000.0,70750.0,78135.71428571429,0,0,0
3,Kab. Tabanan ,2025-12-12,87500.0,80000.0,79107.14285714286,0,0,0
b,Pasar Banyuasri,2025-12-12,66000.0,87500.0,77250.0,0,0,0
2,Kota Singaraja,2025-12-12,69250.0,66000.0,73571.42857142857,0,0,0
b,Pasar Kreneng,2025-12-12,80000.0,69250.0,73714.28571428571,0,0,0
a,Pasar Badung,2025-12-12,80000.0,80000.0,76214.28571428571,0,0,0
1,Kota Denpasar,2025-12-12,80000.0,80000.0,77535.71428571429,0,0,0
II,Bali,2025-12-12,76900.0,80000.0,77092.85714285714,0,0,0
I,Semua Provinsi,2025-12-12,80550.0,76900.0,76100.0,0,0,0
a,Pasar Anyar,2025-12-12,72500.0,80550.0,77028.57142857143,0,0,0
a,Pasar Anyar,2025-12-15,70000.0,72500.0,77135.71428571429,0,0,0
b,Pasar Mengwi,2025-12-15,82500.0,70000.0,77492.85714285714,0,0,0
a,Pasar Kuta II,2025-12-15,71000.0,82500.0,76207.14285714286,0,0,0
4,Kab. Badung ,2025-12-15,76750.0,71000.0,75742.85714285714,0,0,0
b,Pasar Kediri Tabanan,2025-12-15,85000.0,76750.0,76900.0,0,0,0
a,Pasar Tabanan,2025-12-15,85000.0,85000.0,77535.71428571429,0,0,0
3,Kab. Tabanan ,2025-12-15,85000.0,85000.0,79321.42857142857,0,0,0
b,Pasar Kreneng,2025-12-15,75000.0,85000.0,80035.71428571429,0,0,0
2,Kota Singaraja,2025-12-15,67500.0,75000.0,77892.85714285714,0,0,0
a,Pasar Badung,2025-12-15,75000.0,67500.0,78464.28571428571,0,0,0
1,Kota Denpasar,2025-12-15,75000.0,75000.0,78214.28571428571,0,0,0
II,Bali,2025-12-15,76050.0,75000.0,76935.71428571429,0,0,0
I,Semua Provinsi,2025-12-15,80800.0,76050.0,76335.71428571429,0,0,0
b,Pasar Banyuasri,2025-12-15,65000.0,80800.0,73478.57142857143,0,0,0
a,Pasar Tabanan,2025-12-16,95000.0,65000.0,76335.71428571429,0,0,0
b,Pasar Kediri Tabanan,2025-12-16,90000.0,95000.0,79550.0,0,0,0
b,Pasar Mengwi,2025-12-16,73500.0,90000.0,79335.71428571429,0,0,0
3,Kab. Tabanan ,2025-12-16,92500.0,73500.0,81835.71428571429,0,0,0
a,Pasar Kuta II,2025-12-16,69000.0,92500.0,80828.57142857143,0,0,0
b,Pasar Banyuasri,2025-12-16,65000.0,69000.0,78571.42857142857,0,0,0
4,Kab. Badung ,2025-12-16,71250.0,65000.0,79464.28571428571,0,0,0
2,Kota Singaraja,2025-12-16,67500.0,71250.0,75535.71428571429,0,0,0
b,Pasar Kreneng,2025-12-16,72500.0,67500.0,73035.71428571429,0,0,0
a,Pasar Badung,2025-12-16,75000.0,72500.0,73250.0,0,0,0
1,Kota Denpasar,2025-12-16,73750.0,75000.0,70571.42857142857,0,0,0
II,Bali,2025-12-16,76250.0,73750.0,71607.14285714286,0,0,0
I,Semua Provinsi,2025-12-16,79250.0,76250.0,73642.85714285714,0,0,0
a,Pasar Anyar,2025-12-16,70000.0,79250.0,73464.28571428571,0,0,0
b,Pasar Mengwi,2025-12-17,62500.0,70000.0,72750.0,0,0,0
a,Pasar Kuta II,2025-12-17,65000.0,62500.0,71678.57142857143,0,0,0
b,Pasar Kediri Tabanan,2025-12-17,90000.0,65000.0,73821.42857142857,0,0,0
a,Pasar Tabanan,2025-12-17,95000.0,90000.0,76857.14285714286,0,0,0
3,Kab. Tabanan ,2025-12-17,92500.0,95000.0,79178.57142857143,0,0,0
b,Pasar Banyuasri,2025-12-17,65000.0,92500.0,77142.85714285714,0,0,0
4,Kab. Badung ,2025-12-17,63750.0,65000.0,76250.0,0,0,0
2,Kota Singaraja,2025-12-17,65000.0,63750.0,76607.14285714286,0,0,0
b,Pasar Kreneng,2025-12-17,70000.0,65000.0,77321.42857142857,0,0,0
a,Pasar Badung,2025-12-17,70000.0,70000.0,74464.28571428571,0,0,0
1,Kota Denpasar,2025-12-17,70000.0,70000.0,70892.85714285714,0,0,0
II,Bali,2025-12-17,72800.0,70000.0,68078.57142857143,0,0,0
I,Semua Provinsi,2025-12-17,77400.0,72800.0,69850.0,0,0,0
a,Pasar Anyar,2025-12-17,65000.0,77400.0,70028.57142857143,0,0,0
b,Pasar Mengwi,2025-12-18,57500.0,65000.0,68957.14285714286,0,0,0
a,Pasar Kuta II,2025-12-18,55000.0,57500.0,66814.28571428571,0,0,0
4,Kab. Badung ,2025-12-18,56250.0,55000.0,64850.0,0,0,0
b,Pasar Kediri Tabanan,2025-12-18,90000.0,56250.0,67707.14285714286,0,0,0
a,Pasar Tabanan,2025-12-18,95000.0,90000.0,70878.57142857143,0,0,0
3,Kab. Tabanan ,2025-12-18,92500.0,95000.0,73035.71428571429,0,0,0
b,Pasar Banyuasri,2025-12-18,56500.0,92500.0,71821.42857142857,0,0,0
b,Pasar Kreneng,2025-12-18,65000.0,56500.0,72892.85714285714,0,0,0
2,Kota Singaraja,2025-12-18,58250.0,65000.0,73357.14285714286,0,0,0
a,Pasar Badung,2025-12-18,55000.0,58250.0,73178.57142857143,0,0,0
1,Kota Denpasar,2025-12-18,60000.0,55000.0,68892.85714285714,0,0,0
II,Bali,2025-12-18,66750.0,60000.0,64857.142857142855,0,0,0
I,Semua Provinsi,2025-12-18,74800.0,66750.0,62328.57142857143,0,0,0
a,Pasar Anyar,2025-12-18,60000.0,74800.0,62828.57142857143,0,0,0
a,Pasar Tabanan,2025-12-19,95000.0,60000.0,67114.28571428571,0,0,0
b,Pasar Mengwi,2025-12-19,66000.0,95000.0,68221.42857142857,0,0,0
3,Kab. Tabanan ,2025-12-19,76250.0,66000.0,71257.14285714286,0,0,0
4,Kab. Badung ,2025-12-19,59750.0,76250.0,71221.42857142857,0,0,0
a,Pasar Kuta II,2025-12-19,53500.0,59750.0,69328.57142857143,0,0,0
b,Pasar Kediri Tabanan,2025-12-19,57500.0,53500.0,66857.14285714286,0,0,0
b,Pasar Banyuasri,2025-12-19,51500.0,57500.0,65642.85714285714,0,0,0
a,Pasar Badung,2025-12-19,60000.0,51500.0,60642.857142857145,0,0,0
2,Kota Singaraja,2025-12-19,53250.0,60000.0,58821.42857142857,0,0,0
b,Pasar Kreneng,2025-12-19,60000.0,53250.0,56500.0,0,0,0
1,Kota Denpasar,2025-12-19,60000.0,60000.0,56535.71428571428,0,0,0
II,Bali,2025-12-19,62300.0,60000.0,57792.857142857145,0,0,0
I,Semua Provinsi,2025-12-19,72750.0,62300.0,59971.42857142857,0,0,0
a,Pasar Anyar,2025-12-19,55000.0,72750.0,60471.42857142857,0,0,0
b,Pasar Mengwi,2025-12-22,69000.0,55000.0,61757.142857142855,0,0,0
a,Pasar Kuta II,2025-12-22,55000.0,69000.0,62007.142857142855,0,0,0
4,Kab. Badung ,2025-12-22,62000.0,55000.0,62292.857142857145,0,0,0
b,Pasar Kediri Tabanan,2025-12-22,70000.0,62000.0,63721.42857142857,0,0,0
a,Pasar Tabanan,2025-12-22,70000.0,70000.0,64821.42857142857,0,0,0
3,Kab. Tabanan ,2025-12-22,70000.0,70000.0,64428.57142857143,0,0,0
b,Pasar Banyuasri,2025-12-22,56500.0,70000.0,64642.857142857145,0,0,0
2,Kota Singaraja,2025-12-22,57000.0,56500.0,62928.57142857143,0,0,0
b,Pasar Kreneng,2025-12-22,62500.0,57000.0,64000.0,0,0,0
a,Pasar Badung,2025-12-22,70000.0,62500.0,65142.857142857145,0,0,0
1,Kota Denpasar,2025-12-22,66250.0,70000.0,64607.142857142855,0,0,0
II,Bali,2025-12-22,63800.0,66250.0,63721.42857142857,0,0,0
I,Semua Provinsi,2025-12-22,73850.0,63800.0,64271.42857142857,0,0,0
a,Pasar Anyar,2025-12-22,57500.0,73850.0,64414.28571428572,0,0,0
3,Kab. Tabanan ,2025-12-23,70000.0,57500.0,66271.42857142857,0,0,0
b,Pasar Mengwi,2025-12-23,69000.0,70000.0,67200.0,0,0,0
a,Pasar Kuta II,2025-12-23,53500.0,69000.0,64842.857142857145,0,0,0
4,Kab. Badung ,2025-12-23,61250.0,53500.0,64128.57142857143,0,0,0
b,Pasar Kediri Tabanan,2025-12-23,70000.0,61250.0,65014.28571428572,0,0,0
a,Pasar Tabanan,2025-12-23,70000.0,70000.0,64464.28571428572,0,0,0
b,Pasar Banyuasri,2025-12-23,54000.0,70000.0,63964.28571428572,0,0,0
I,Semua Provinsi,2025-12-23,73100.0,54000.0,64407.142857142855,0,0,0
2,Kota Singaraja,2025-12-23,54500.0,73100.0,62335.71428571428,0,0,0
b,Pasar Kreneng,2025-12-23,57500.0,54500.0,62907.142857142855,0,0,0
a,Pasar Badung,2025-12-23,70000.0,57500.0,64157.142857142855,0,0,0
1,Kota Denpasar,2025-12-23,63750.0,70000.0,63264.28571428572,0,0,0
II,Bali,2025-12-23,62400.0,63750.0,62178.57142857143,0,0,0
a,Pasar Anyar,2025-12-23,55000.0,62400.0,62321.42857142857,0,0,0
3,Kab. Tabanan ,2025-12-24,70000.0,55000.0,61878.57142857143,0,0,0
b,Pasar Mengwi,2025-12-24,65000.0,70000.0,63378.57142857143,0,0,0
a,Pasar Kuta II,2025-12-24,62500.0,65000.0,64092.857142857145,0,0,0
4,Kab. Badung ,2025-12-24,63750.0,62500.0,63200.0,0,0,0
b,Pasar Kediri Tabanan,2025-12-24,70000.0,63750.0,64092.857142857145,0,0,0
a,Pasar Tabanan,2025-12-24,70000.0,70000.0,65178.57142857143,0,0,0
b,Pasar Banyuasri,2025-12-24,51500.0,70000.0,64678.57142857143,0,0,0
I,Semua Provinsi,2025-12-24,73050.0,51500.0,65114.28571428572,0,0,0
2,Kota Singaraja,2025-12-24,53250.0,73050.0,63435.71428571428,0,0,0
b,Pasar Kreneng,2025-12-24,57500.0,53250.0,62721.42857142857,0,0,0
a,Pasar Badung,2025-12-24,70000.0,57500.0,63614.28571428572,0,0,0
1,Kota Denpasar,2025-12-24,63750.0,70000.0,62721.42857142857,0,0,0
II,Bali,2025-12-24,62700.0,63750.0,61678.57142857143,0,0,0
a,Pasar Anyar,2025-12-24,55000.0,62700.0,62178.57142857143,0,0,0
b,Pasar Mengwi,2025-12-25,65000.0,55000.0,61028.57142857143,0,0,0
a,Pasar Kuta II,2025-12-25,62500.0,65000.0,62350.0,0,0,0
4,Kab. Badung ,2025-12-25,63750.0,62500.0,63242.857142857145,0,0,0
b,Pasar Kediri Tabanan,2025-12-25,70000.0,63750.0,63242.857142857145,0,0,0
a,Pasar Tabanan,2025-12-25,70000.0,70000.0,64135.71428571428,0,0,0
3,Kab. Tabanan ,2025-12-25,70000.0,70000.0,65178.57142857143,0,0,0
b,Pasar Banyuasri,2025-12-25,51500.0,70000.0,64678.57142857143,0,0,0
2,Kota Singaraja,2025-12-25,53250.0,51500.0,63000.0,0,0,0
b,Pasar Kreneng,2025-12-25,57500.0,53250.0,62285.71428571428,0,0,0
a,Pasar Badung,2025-12-25,70000.0,57500.0,63178.57142857143,0,0,0
1,Kota Denpasar,2025-12-25,63750.0,70000.0,62285.71428571428,0,0,0
II,Bali,2025-12-25,62700.0,63750.0,61242.857142857145,0,0,0
I,Semua Provinsi,2025-12-25,72850.0,62700.0,61650.0,0,0,0
a,Pasar Anyar,2025-12-25,55000.0,72850.0,62150.0,0,0,0
3,Kab. Tabanan ,2025-12-26,65000.0,55000.0,63828.57142857143,0,0,0
a,Pasar Kuta II,2025-12-26,62500.0,65000.0,64542.857142857145,0,0,0
4,Kab. Badung ,2025-12-26,63750.0,62500.0,63650.0,0,0,0
b,Pasar Kediri Tabanan,2025-12-26,60000.0,63750.0,63114.28571428572,0,0,0
b,Pasar Mengwi,2025-12-26,65000.0,60000.0,63442.857142857145,0,0,0
a,Pasar Tabanan,2025-12-26,70000.0,65000.0,63035.71428571428,0,0,0
b,Pasar Banyuasri,2025-12-26,51500.0,70000.0,62535.71428571428,0,0,0
a,Pasar Badung,2025-12-26,70000.0,51500.0,63250.0,0,0,0
2,Kota Singaraja,2025-12-26,53250.0,70000.0,61928.57142857143,0,0,0
b,Pasar Kreneng,2025-12-26,57500.0,53250.0,61035.71428571428,0,0,0
1,Kota Denpasar,2025-12-26,63750.0,57500.0,61571.42857142857,0,0,0
II,Bali,2025-12-26,61450.0,63750.0,61064.28571428572,0,0,0
I,Semua Provinsi,2025-12-26,72650.0,61450.0,61442.857142857145,0,0,0
a,Pasar Anyar,2025-12-26,55000.0,72650.0,61942.857142857145,0,0,0
b,Pasar Mengwi,2025-12-29,58500.0,55000.0,60300.0,0,0,0
a,Pasar Kuta II,2025-12-29,52500.0,58500.0,60192.857142857145,0,0,0
4,Kab. Badung ,2025-12-29,55500.0,52500.0,59907.142857142855,0,0,0
b,Pasar Kediri Tabanan,2025-12-29,65000.0,55500.0,60085.71428571428,0,0,0
a,Pasar Tabanan,2025-12-29,75000.0,65000.0,62021.42857142857,0,0,0
3,Kab. Tabanan ,2025-12-29,70000.0,75000.0,61642.857142857145,0,0,0
b,Pasar Banyuasri,2025-12-29,60000.0,70000.0,62357.142857142855,0,0,0
a,Pasar Anyar,2025-12-29,52500.0,60000.0,61500.0,0,0,0
2,Kota Singaraja,2025-12-29,56250.0,52500.0,62035.71428571428,0,0,0
b,Pasar Kreneng,2025-12-29,52500.0,56250.0,61607.142857142855,0,0,0
a,Pasar Badung,2025-12-29,60000.0,52500.0,60892.857142857145,0,0,0
1,Kota Denpasar,2025-12-29,56250.0,60000.0,58214.28571428572,0,0,0
II,Bali,2025-12-29,59500.0,56250.0,56714.28571428572,0,0,0
I,Semua Provinsi,2025-12-29,69750.0,59500.0,58107.142857142855,0,0,0
a,Pasar Kuta II,2025-12-30,50000.0,69750.0,57750.0,0,0,0
4,Kab. Badung ,2025-12-30,54250.0,50000.0,57464.28571428572,0,0,0
b,Pasar Mengwi,2025-12-30,58500.0,54250.0,58321.42857142857,0,0,0
a,Pasar Tabanan,2025-12-30,75000.0,58500.0,60464.28571428572,0,0,0
3,Kab. Tabanan ,2025-12-30,70000.0,75000.0,62428.57142857143,0,0,0
b,Pasar Banyuasri,2025-12-30,60000.0,70000.0,62500.0,0,0,0
b,Pasar Kediri Tabanan,2025-12-30,65000.0,60000.0,61821.42857142857,0,0,0
2,Kota Singaraja,2025-12-30,56250.0,65000.0,62714.28571428572,0,0,0
b,Pasar Kreneng,2025-12-30,57500.0,56250.0,63178.57142857143,0,0,0
a,Pasar Badung,2025-12-30,60000.0,57500.0,63392.857142857145,0,0,0
1,Kota Denpasar,2025-12-30,58750.0,60000.0,61071.42857142857,0,0,0
II,Bali,2025-12-30,59800.0,58750.0,59614.28571428572,0,0,0
I,Semua Provinsi,2025-12-30,67200.0,59800.0,60642.857142857145,0,0,0
a,Pasar Anyar,2025-12-30,52500.0,67200.0,58857.142857142855,0,0,0
b,Pasar Mengwi,2025-12-31,61000.0,52500.0,59535.71428571428,0,0,0
a,Pasar Kuta II,2025-12-31,50000.0,61000.0,58464.28571428572,0,0,0
4,Kab. Badung ,2025-12-31,55500.0,50000.0,57821.42857142857,0,0,0
a,Pasar Tabanan,2025-12-31,75000.0,55500.0,60142.857142857145,0,0,0
3,Kab. Tabanan ,2025-12-31,70000.0,75000.0,61600.0,0,0,0
b,Pasar Banyuasri,2025-12-31,50000.0,70000.0,59142.857142857145,0,0,0
b,Pasar Kediri Tabanan,2025-12-31,65000.0,50000.0,60928.57142857143,0,0,0
2,Kota Singaraja,2025-12-31,48750.0,65000.0,59178.57142857143,0,0,0
b,Pasar Kreneng,2025-12-31,57500.0,48750.0,60250.0,0,0,0
a,Pasar Badung,2025-12-31,60000.0,57500.0,60892.857142857145,0,0,0
1,Kota Denpasar,2025-12-31,58750.0,60000.0,58571.42857142857,0,0,0
II,Bali,2025-12-31,58250.0,58750.0,56892.857142857145,0,0,0
I,Semua Provinsi,2025-12-31,66500.0,58250.0,59250.0,0,0,0
a,Pasar Anyar,2025-12-31,47500.0,66500.0,56750.0,0,0,0
4,Kab. Badung ,2026-01-01,55500.0,47500.0,57714.28571428572,0,0,0
b,Pasar Kediri Tabanan,2026-01-01,65000.0,55500.0,58785.71428571428,0,0,0
a,Pasar Tabanan,2026-01-01,75000.0,65000.0,60928.57142857143,0,0,0
3,Kab. Tabanan ,2026-01-01,70000.0,75000.0,62535.71428571428,0,0,0
b,Pasar Banyuasri,2026-01-01,50000.0,70000.0,61357.142857142855,0,0,0
a,Pasar Anyar,2026-01-01,47500.0,50000.0,58642.857142857145,0,0,0
a,Pasar Badung,2026-01-01,60000.0,47500.0,60428.57142857143,0,0,0
b,Pasar Kreneng,2026-01-01,57500.0,60000.0,60714.28571428572,0,0,0
1,Kota Denpasar,2026-01-01,58750.0,57500.0,59821.42857142857,0,0,0
II,Bali,2026-01-01,58250.0,58750.0,57428.57142857143,0,0,0
I,Semua Provinsi,2026-01-01,66450.0,58250.0,56921.42857142857,0,0,0
a,Pasar Kuta II,2026-01-01,50000.0,66450.0,56921.42857142857,0,0,0
2,Kota Singaraja,2026-01-01,48750.0,50000.0,57100.0,0,0,0
b,Pasar Mengwi,2026-01-01,61000.0,48750.0,57242.857142857145,0,0,0
